constant|value|occurrences|first_document_date|last_document_date|first_document
beta_i|0.61|643|2025-08-29|2026-05-20|29Aug2025/Deepsearch.docx
beta_i|0.6|582|2025-03-01|2026-09-17|Unified field Theory Final Equations_01Mar2025.docx
beta_i|0.603|506|2025-09-22|2026-06-13|14Sept2025/UQFF Equations Across Astrophysical Systems_22Sept2025.docx
beta_i|3|86|2026-05-01|2026-05-28|01May2026/grok._8461fe4e_c903_4f37_3b85.docx
beta_i|0.8|31|2025-03-03|2026-03-08|SuperGrok_Conversation_03Mar2025.docx
beta_i|0.5|30|2025-03-14|2026-04-25|Star Magic_14Mar2025.docx
beta_i|4|24|2026-05-16|2026-05-20|01May2026/Star-Magic_Workspace_Sonnet4_5_B_16May2026.docx
beta_i|1|15|2026-05-16|2026-05-20|01May2026/Star-Magic_Workspace_Sonnet4_5_B_16May2026.docx
beta_i|0.6029|14|2026-05-16|2026-06-13|01May2026/Star-Magic_Workspace_Sonnet4_5_B_16May2026.docx
beta_i|6029|14|2026-05-18|2026-05-20|01May2026/Star-Magic_Workspace_Sonnet4_5_B_18May2026.docx
beta_i|2|12|2026-05-16|2026-05-20|01May2026/Star-Magic_Workspace_Sonnet4_5_B_16May2026.docx
beta_i|6|12|2026-05-16|2026-05-20|01May2026/Star-Magic_Workspace_Sonnet4_5_B_16May2026.docx
beta_i|6.1|10|2026-03-24|2026-04-21|01March2026/Star-Magic_Workspace_Sonnet4_5_24March2026.docx
beta_i|1.0|8|2026-01-30|2026-02-11|25Jan2026/Star-Magic_Workspace_Opus4_5_30Jan2026.docx
beta_i|0.0605|6|2026-05-16|2026-05-20|01May2026/Star-Magic_Workspace_Sonnet4_5_B_16May2026.docx
beta_i|0.4|5|2025-09-29|2026-03-09|Millenium Equation Proofs_18April2025/UQFF proof set verification of Ye for GW170817 Ejecta_29 Sept2025.docx
beta_i|0.05|5|2026-01-25|2026-02-11|25Jan2026/Star-Magic_Workspace_Opus4_5_25Jan2026.docx
beta_i|0.598|4|2026-05-10|2026-05-20|01May2026/Star-Magic_Workspace_Sonnet4_5_B_10May2026.docx
beta_i|1.5|3|2026-05-16|2026-05-20|01May2026/Star-Magic_Workspace_Sonnet4_5_B_16May2026.docx
beta_i|1.503|3|2026-05-16|2026-05-20|01May2026/Star-Magic_Workspace_Sonnet4_5_B_16May2026.docx
beta_i|0.605|3|2026-05-16|2026-05-20|01May2026/Star-Magic_Workspace_Sonnet4_5_B_16May2026.docx
beta_i|0.6028|3|2026-05-16|2026-05-20|01May2026/Star-Magic_Workspace_Sonnet4_5_B_16May2026.docx
beta_i|0.1|3|2026-06-09|2026-06-09|02June2026/closure work_09June2026.docx
SSq|0.57|1278|2025-09-22|2026-06-13|14Sept2025/UQFF Equations Across Astrophysical Systems_22Sept2025.docx
SSq|0.507|277|2025-09-14|2026-04-21|14Sept2025/UQFF Framwork 99_9999999995_Complete_14Sept2025.docx
SSq|0.5|219|2025-09-11|2026-02-11|29Aug2025/K_Equations_5b41d132-7eae-433d-817e-9557412267fb_11Sept2025.docx
SSq|1|55|2025-03-09|2026-03-09|SuperGrok_Conversation_09Mar2025.docx
SSq|57|16|2026-03-29|2026-05-20|01March2026/Star-Magic_Workspace_Opus4_5_29March2026.docx
SSq|1.14|15|2026-05-16|2026-05-20|01May2026/Star-Magic_Workspace_Sonnet4_5_B_16May2026.docx
SSq|2.28|9|2026-05-16|2026-05-20|01May2026/Star-Magic_Workspace_Sonnet4_5_B_16May2026.docx
SSq|4|8|2026-03-29|2026-04-21|01March2026/Star-Magic_Workspace_Opus4_5_29March2026.docx
SSq|0.684|6|2026-05-16|2026-05-20|01May2026/Star-Magic_Workspace_Sonnet4_5_B_16May2026.docx
SSq|2.85|5|2026-03-24|2026-04-21|01March2026/Star-Magic_Workspace_Sonnet4_5_24March2026.docx
SSq|0.99|5|2026-05-09|2026-05-20|01May2026/Star-Magic_Workspace_Sonnet4_5_B_09May2026.docx
SSq|0.57000|5|2026-05-09|2026-05-20|01May2026/Star-Magic_Workspace_Sonnet4_5_B_09May2026.docx
SSq|10|5|2025-03-07|2025-03-07|SuperGrok_Conversation_07Mar2025.docx
SSq|0|4|2026-05-10|2026-05-20|01May2026/Star-Magic_Workspace_Sonnet4_5_B_10May2026.docx
SSq|1.754|3|2026-05-16|2026-05-20|01May2026/Star-Magic_Workspace_Sonnet4_5_B_16May2026.docx
SSq|1.140|3|2026-05-16|2026-05-20|01May2026/Star-Magic_Workspace_Sonnet4_5_B_16May2026.docx
rho_SCm|7.09e-37|392|2025-05-08|2026-05-28|08May2025/A. 08May2025_thread_17Feb2026.docx
rho_SCm|10|118|2025-09-14|2026-06-09|14Sept2025/UQFF Framwork 99_9_Complete_14Sept2025.docx
rho_SCm|7.09|82|2026-02-26|2026-06-09|03Feb2026/Star-Magic_Workspace_Opus4_5_26 Feb2026.docx
rho_SCm|2|60|2026-05-16|2026-05-20|01May2026/Star-Magic_Workspace_Sonnet4_5_B_16May2026.docx
rho_SCm|4|48|2026-05-16|2026-05-20|01May2026/Star-Magic_Workspace_Sonnet4_5_B_16May2026.docx
rho_SCm|4.609e-13|21|2026-05-01|2026-05-28|01May2026/grok._b9afa8b6_3b85.docx
rho_SCm|1e15|18|2025-09-22|2026-04-25|14Sept2025/UQFF Equations Across Astrophysical Systems_22Sept2025.docx
rho_SCm|1015|14|2025-03-09|2026-02-11|SuperGrok_Conversation_09Mar2025.docx
rho_SCm|1.477e-36|13|2026-05-01|2026-05-28|01May2026/grok._b9afa8b6_3b85.docx
rho_SCm|25|11|2026-05-01|2026-05-28|01May2026/grok._b9afa8b6_3b85.docx
rho_SCm|.4|9|2026-05-16|2026-05-20|01May2026/Star-Magic_Workspace_Sonnet4_5_B_16May2026.docx
rho_SCm|10.0000|9|2026-05-16|2026-05-20|01May2026/Star-Magic_Workspace_Sonnet4_5_B_16May2026.docx
rho_SCm|0.0101|8|2026-03-29|2026-04-21|01March2026/Star-Magic_Workspace_Opus4_5_29March2026.docx
rho_SCm|1.02e15|7|2025-09-14|2026-02-11|14Sept2025/UQFF Framwork 99_9_Complete_14Sept2025.docx
rho_SCm|.6|6|2026-05-16|2026-05-20|01May2026/Star-Magic_Workspace_Sonnet4_5_B_16May2026.docx
rho_SCm|0.0|6|2026-01-30|2026-02-11|25Jan2026/Star-Magic_Workspace_Opus4_5_30Jan2026.docx
rho_SCm|11|5|2026-05-09|2026-05-20|01May2026/Star-Magic_Workspace_Sonnet4_5_B_09May2026.docx
rho_SCm|7.09e-36|4|2026-05-01|2026-05-20|01May2026/What's missing from DPM_vacuum_manifold.docx
rho_SCm|1.53|3|2026-05-16|2026-05-20|01May2026/Star-Magic_Workspace_Sonnet4_5_B_16May2026.docx
rho_SCm|7.799|3|2026-05-16|2026-05-20|01May2026/Star-Magic_Workspace_Sonnet4_5_B_16May2026.docx
kappa|0.0005|1076|2025-03-14|2026-09-17|Star Magic_14Mar2025.docx
kappa|1|387|2025-09-06|2026-04-21|29Aug2025/DD_ grok_conversation=1963749460611129444_06Sept2025.docx
kappa|5.0e-4|285|2026-03-24|2026-04-25|01March2026/Star-Magic_Workspace_Sonnet4_5_24March2026.docx
kappa|5.0|106|2026-03-24|2026-05-20|01March2026/Star-Magic_Workspace_Sonnet4_5_24March2026.docx
kappa|5.787e-9|87|2025-08-30|2026-03-08|29Aug2025/BB_grok_conversation_1961199930896171134_30Aug2025.docx
kappa|5e-4|78|2026-03-24|2026-06-13|01March2026/Star-Magic_Workspace_Sonnet4_5_24March2026.docx
kappa|0.00052|43|2025-09-14|2026-04-01|14Sept2025/UQFF Framwork 99_9_Complete_14Sept2025.docx
kappa|5|26|2025-08-30|2026-05-01|29Aug2025/BB_grok_conversation_1961199930896171134_30Aug2025.docx
kappa|0.000499|26|2025-09-22|2026-02-11|14Sept2025/UQFF Equations Across Astrophysical Systems_22Sept2025.docx
kappa|9.97e-8|23|2025-05-08|2026-03-08|08May2025/B. 08May2025_thread_17Feb2026.docx
kappa|0.22|20|2025-06-19|2026-04-21|18June2025/19June2025.docx
kappa|2000|17|2025-09-22|2026-02-11|14Sept2025/UQFF Equations Across Astrophysical Systems_22Sept2025.docx
kappa|1.0|16|2025-05-08|2026-03-08|08May2025/🧠 Welcome to SuperGrok4.docx
kappa|1.2e12|14|2025-04-28|2025-05-02|Davinci File_23April2025/Davinci_Grok_28April2025.docx
kappa|1e-5|12|2026-05-10|2026-05-20|01May2026/Star-Magic_Workspace_Sonnet4_5_B_10May2026.docx
kappa|100.0|12|2025-09-14|2026-02-11|14Sept2025/UQFF Framwork 99_9_Complete_14Sept2025.docx
kappa|1386|11|2026-03-13|2026-04-21|01March2026/Star-Magic_Workspace_Sonnet4_5_13March2026.docx
kappa|8|11|2025-05-08|2026-03-08|08May2025/🧠 Welcome to SuperGrok4.docx
kappa|1e-38|11|2025-05-08|2026-03-08|08May2025/🧠 Welcome to SuperGrok4.docx
kappa|8.1e33|11|2025-05-08|2026-03-08|08May2025/B. 08May2025_thread_17Feb2026.docx
kappa|1.0545718e-34|11|2025-05-08|2026-03-08|08May2025/B. 08May2025_thread_17Feb2026.docx
kappa|0.15|10|2026-02-26|2026-03-08|03Feb2026/Star-Magic_Workspace_Opus4_5_26 Feb2026.docx
kappa|0.001822|10|2026-01-25|2026-02-11|25Jan2026/Star-Magic_Workspace_Opus4_5_25Jan2026.docx
kappa|0.0|9|2026-02-26|2026-03-08|03Feb2026/Star-Magic_Workspace_Opus4_5_26 Feb2026.docx
kappa|1e-11|9|2026-02-26|2026-03-08|03Feb2026/Star-Magic_Workspace_Opus4_5_26 Feb2026.docx
kappa|3.55|9|2026-02-26|2026-03-08|03Feb2026/Star-Magic_Workspace_Opus4_5_26 Feb2026.docx
kappa|10|8|2025-04-24|2025-05-02|Davinci File_23April2025/Davinci_Grok_Parts A_B_24April2025.docx
kappa|1.1|6|2026-03-01|2026-03-08|01March2026/clone_1961199930896171134.txt
kappa|0.14|6|2025-09-14|2026-02-11|14Sept2025/UQFF Framwork 99_9999999995_Complete_14Sept2025.docx
kappa|1.2e12105|6|2025-04-28|2025-05-02|Davinci File_23April2025/Davinci_Grok_28April2025.docx
kappa|1051.2e12|6|2025-04-28|2025-05-02|Davinci File_23April2025/Davinci_Grok_28April2025.docx
kappa|0.001824|5|2026-01-25|2026-02-11|25Jan2026/Star-Magic_Workspace_Opus4_5_25Jan2026.docx
kappa|0.000431|5|2025-09-22|2026-02-11|14Sept2025/UQFF Equations Across Astrophysical Systems_22Sept2025.docx
kappa|8.32e8|4|2026-03-29|2026-04-21|01March2026/Star-Magic_Workspace_Opus4_5_29March2026.docx
kappa|5.79e-9|4|2026-05-10|2026-05-20|01May2026/Star-Magic_Workspace_Sonnet4_5_B_10May2026.docx
kappa|0.41|4|2026-05-18|2026-05-20|01May2026/Star-Magic_Workspace_Sonnet4_5_B_18May2026.docx
kappa|1.2e7|4|2025-04-28|2025-05-02|Davinci File_23April2025/Davinci_Grok_28April2025.docx
kappa|0.37|3|2026-04-11|2026-04-21|01April2026/Star-Magic_Workspace_Sonnet4_5_B_11April2026.docx
kappa|0.001|3|2026-03-08|2026-03-08|01March2026/Star-Magic_Workspace_Sonnet4_5_08March2026.docx
F_TRZ|0.1|2905|2025-03-28|2026-09-17|Universal Inertia_28Mar2025.docx
F_TRZ|0|495|2025-04-14|2026-09-17|Quantum variable file/Time Reversal Zone Factor_14 April 2025.docx
F_TRZ|1|249|2025-03-28|2026-09-17|Universal Inertia_28Mar2025.docx
F_TRZ|1.1|79|2025-05-08|2026-05-28|08May2025/A. 08May2025_thread_17Feb2026.docx
F_TRZ|0.01|16|2025-05-08|2026-06-12|08May2025/B. 08May2025_thread_17Feb2026.docx
F_TRZ|5.56|12|2026-04-01|2026-05-20|01April2026/grok_conversation_1_SCm_vacuum_manifold_2040258260607848459.docx
F_TRZ|4|12|2026-05-16|2026-05-20|01May2026/Star-Magic_Workspace_Sonnet4_5_B_16May2026.docx
F_TRZ|3.1|9|2026-05-16|2026-05-20|01May2026/Star-Magic_Workspace_Sonnet4_5_B_16May2026.docx
F_TRZ|9|8|2026-05-16|2026-05-20|01May2026/Star-Magic_Workspace_Sonnet4_5_B_16May2026.docx
F_TRZ|2|6|2026-05-16|2026-05-20|01May2026/Star-Magic_Workspace_Sonnet4_5_B_16May2026.docx
F_TRZ|6|6|2026-05-16|2026-05-20|01May2026/Star-Magic_Workspace_Sonnet4_5_B_16May2026.docx
F_TRZ|0.0605|6|2026-05-16|2026-05-20|01May2026/Star-Magic_Workspace_Sonnet4_5_B_16May2026.docx
F_TRZ|0.605|6|2026-05-16|2026-05-20|01May2026/Star-Magic_Workspace_Sonnet4_5_B_16May2026.docx
F_TRZ|0.4|6|2026-05-16|2026-05-20|01May2026/Star-Magic_Workspace_Sonnet4_5_B_16May2026.docx
F_TRZ|6.1|6|2026-05-16|2026-05-20|01May2026/Star-Magic_Workspace_Sonnet4_5_B_16May2026.docx
F_TRZ|0.10|4|2026-04-01|2026-05-20|01April2026/grok_conversation_1_SCm_vacuum_manifold_2040258260607848459.docx
F_TRZ|0.30|4|2026-05-18|2026-05-20|01May2026/Star-Magic_Workspace_Sonnet4_5_B_18May2026.docx
F_TRZ|0.6|4|2026-01-30|2026-02-11|25Jan2026/Star-Magic_Workspace_Opus4_5_30Jan2026.docx
Phi_res|5|149|2026-05-16|2026-06-12|01May2026/Star-Magic_Workspace_Sonnet4_5_B_16May2026.docx
Phi_res|0.84|97|2026-04-01|2026-08-01|01April2026/SCm_VACUUM_MANIFOLD_B_py.docx
Phi_res|1|18|2026-04-01|2026-06-09|01April2026/grok_conversation_B_SCm_vacuum_manifold_2040547581009572344.docx
Phi_res|6|18|2026-05-16|2026-05-20|01May2026/Star-Magic_Workspace_Sonnet4_5_B_16May2026.docx
Phi_res|0.57|15|2026-05-16|2026-05-20|01May2026/Star-Magic_Workspace_Sonnet4_5_B_16May2026.docx
Phi_res|5.0|12|2026-05-16|2026-05-20|01May2026/Star-Magic_Workspace_Sonnet4_5_B_16May2026.docx
Phi_res|2|9|2026-05-16|2026-05-20|01May2026/Star-Magic_Workspace_Sonnet4_5_B_16May2026.docx
Phi_res|0.8|6|2026-05-16|2026-05-20|01May2026/Star-Magic_Workspace_Sonnet4_5_B_16May2026.docx
Phi_res|26|6|2026-05-16|2026-05-20|01May2026/Star-Magic_Workspace_Sonnet4_5_B_16May2026.docx
Phi_res|46|6|2026-05-16|2026-05-20|01May2026/Star-Magic_Workspace_Sonnet4_5_B_16May2026.docx
Phi_res|35|6|2026-05-18|2026-05-20|01May2026/Star-Magic_Workspace_Sonnet4_5_B_18May2026.docx
Phi_res|630|4|2026-05-10|2026-05-20|01May2026/Star-Magic_Workspace_Sonnet4_5_B_10May2026.docx
Phi_res|341|4|2026-05-18|2026-05-20|01May2026/Star-Magic_Workspace_Sonnet4_5_B_18May2026.docx
Phi_res|0.012|3|2026-05-16|2026-05-20|01May2026/Star-Magic_Workspace_Sonnet4_5_B_16May2026.docx
Phi_res|4|3|2026-05-16|2026-05-20|01May2026/Star-Magic_Workspace_Sonnet4_5_B_16May2026.docx
Phi_res|0.611|3|2026-05-16|2026-05-20|01May2026/Star-Magic_Workspace_Sonnet4_5_B_16May2026.docx
Phi_res|24|3|2026-05-16|2026-05-20|01May2026/Star-Magic_Workspace_Sonnet4_5_B_16May2026.docx
carrier_THz|1.3|1915|2025-04-28|2026-09-17|Davinci File_23April2025/Davinci_Grok_28April2025.docx
carrier_THz|1.246|1688|2025-05-08|2026-05-28|08May2025/78. UQFF Knowledge Base_14_cpp_08May2025.docx
carrier_THz|1.25|1612|2025-05-08|2026-09-09|08May2025/76. UQFF Knowledge Base_12_cpp_08May2025.docx
carrier_THz|1.2|823|2025-04-28|2026-06-07|Davinci File_23April2025/Davinci_Grok_28April2025.docx
carrier_THz|0.1|221|2026-04-01|2026-04-21|01April2026/grok_conversation_B_SCm_vacuum_manifold_2040547581009572344.docx
carrier_THz|0.3|138|2026-04-01|2026-04-25|01April2026/grok_conversation_B_SCm_vacuum_manifold_2040547581009572344.docx
carrier_THz|0.05|86|2025-06-20|2026-04-21|18June2025/20June2025.docx
carrier_THz|1.5|20|2025-04-24|2025-05-02|Davinci File_23April2025/Davinci_Grok_Parts A_B_24April2025.docx
carrier_THz|1.6|19|2025-05-07|2026-05-28|08May2025/63. UQFF Advancements and THz Holes_cpp_07May2025.docx
carrier_THz|1.18|14|2026-01-30|2026-03-08|25Jan2026/Star-Magic_Workspace_Opus4_5_30Jan2026.docx
carrier_THz|0.2|9|2026-04-01|2026-04-21|01April2026/grok_conversation_B_SCm_vacuum_manifold_2040547581009572344.docx
carrier_THz|2.36|5|2026-03-03|2026-03-08|01March2026/Star-Magic_Workspace_Sonnet4_5_03March2026.docx
carrier_THz|1.2500|4|2026-05-10|2026-05-20|01May2026/Star-Magic_Workspace_Sonnet4_5_B_10May2026.docx
carrier_THz|0.28|4|2025-06-18|2025-08-29|18June2025/18June2025.docx
