paper,classification,functions
862,TIER2_CLASSICAL_ENVELOPE_OPEN,um_master_862;omega_eq_862
933,TIER2_CLASSICAL_ENVELOPE_OPEN,p_bz_8pi_933
936,TIER2_CLASSICAL_ENVELOPE_OPEN,delta_phi_936
938,BENCHMARK_DATA_NOT_PHYSICS,v8_benchmark_938
939,TIER2_CLASSICAL_ENVELOPE_OPEN,p_bz_8pi_933;m_jet_gauss_925
940,TIER2_CLASSICAL_ENVELOPE_OPEN,p_bz_8pi_933;m_jet_gauss_925;doppler_932
942,TIER2_CLASSICAL_ENVELOPE_OPEN,theta_half_942
947,TIER2_CLASSICAL_ENVELOPE_OPEN,p_bh_947
948,BENCHMARK_DATA_NOT_PHYSICS,v9_benchmark_948
953,TIER2_CLASSICAL_ENVELOPE_OPEN,ramanujan_accel_953
959,IN_UQFF_CHAIN_via_caller,r_n_26_959;s26_z_959
960,IN_UQFF_CHAIN_via_caller,polylog_26;s26_z_959
964,TIER2_CLASSICAL_ENVELOPE_OPEN,delta_r_964;n_v_964;r_n_shell_964
968,BENCHMARK_DATA_NOT_PHYSICS,v11_benchmark_968
969,IN_UQFF_CHAIN_via_caller,r_n_26k_969;mock_theta_969;s26_k_969
972,TIER2_CLASSICAL_ENVELOPE_OPEN,dn_deta_972
976,IN_UQFF_CHAIN_via_caller,m_enc_nfw_976;rho_icm_beta_976;p_icm_976
1026,TIER2_CLASSICAL_ENVELOPE_OPEN,r_dot_reion_1026;tau_reion_shift_1026
1032,TIER2_CLASSICAL_ENVELOPE_OPEN,dust_accel_1032
1038,TIER2_CLASSICAL_ENVELOPE_OPEN,wd_cooling_1038
1040,TIER2_CLASSICAL_ENVELOPE_OPEN,shock_jump_phonon_1040
1041,TIER2_CLASSICAL_ENVELOPE_OPEN,cool_core_dT_1041
1042,TIER2_CLASSICAL_ENVELOPE_OPEN,z_mock_partition_1042;chi_mock_1042
1047,TIER2_CLASSICAL_ENVELOPE_OPEN,iax_momentum_1047
1065,TIER2_CLASSICAL_ENVELOPE_OPEN,h_buoyancy_1065
1072,TIER2_CLASSICAL_ENVELOPE_OPEN,h_scm_activation_1072
1083,TIER2_CLASSICAL_ENVELOPE_OPEN,core_energy_rate_1083
1103,TIER2_CLASSICAL_ENVELOPE_OPEN,a_v_spinfoam_1103;m_eff2_1103
1112,BENCHMARK_DATA_NOT_PHYSICS,t_v26_1112
1114,TIER2_CLASSICAL_ENVELOPE_OPEN,gamma_h_bound_1114
1122,TIER2_CLASSICAL_ENVELOPE_OPEN,r_bowshock_1122;t_postshock_1122
1123,TIER2_CLASSICAL_ENVELOPE_OPEN,tau_maser_1123
1124,TIER2_CLASSICAL_ENVELOPE_OPEN,sigma_dwarf_1124;f_z_cgm_1124
1157,TIER2_CLASSICAL_ENVELOPE_OPEN,h0_asymmetry_1157
1177,TIER2_CLASSICAL_ENVELOPE_OPEN,chi2_falsifier_1177
1178,TIER2_CLASSICAL_ENVELOPE_OPEN,dw_dz_1178
1186,TIER2_CLASSICAL_ENVELOPE_OPEN,d_comoving_1186;l_eddington_1186
1189,TIER2_CLASSICAL_ENVELOPE_OPEN,hz_photoevap_1189
1191,TIER2_CLASSICAL_ENVELOPE_OPEN,f_gap_bayesian_1191
1192,TIER2_CLASSICAL_ENVELOPE_OPEN,v_shock_snr_1192;v_sedov_1192
