dispatch,class,primitive_refs,nontrivial_literals,helper_calls,docstring_anchor,disclosure
PAPER_001,IN_CHAIN_VIA_HELPER,8,20,12,0,1
PAPER_002,IN_CHAIN_VIA_HELPER,12,58,19,1,1
PAPER_003,IN_CHAIN_VIA_HELPER,10,35,20,1,1
PAPER_004,IN_CHAIN_VIA_HELPER,11,43,19,1,1
PAPER_005,IN_CHAIN_VIA_HELPER,12,43,11,0,1
PAPER_006,IN_CHAIN_VIA_HELPER,8,34,17,1,1
PAPER_007,IN_CHAIN_VIA_HELPER,8,29,13,1,1
PAPER_008,IN_CHAIN_VIA_HELPER,10,30,12,1,1
PAPER_008b,IN_CHAIN_VIA_HELPER,10,38,11,1,1
PAPER_009,IN_CHAIN_VIA_HELPER,10,36,17,0,1
PAPER_009b,IN_CHAIN_VIA_HELPER,11,34,12,1,1
PAPER_010,IN_CHAIN_VIA_HELPER,9,39,12,1,1
PAPER_010b,IN_CHAIN_VIA_HELPER,1,21,4,1,0
PAPER_011,IN_CHAIN_VIA_HELPER,2,44,9,0,1
PAPER_011b,IN_CHAIN_VIA_HELPER,1,17,3,0,0
PAPER_012,IN_CHAIN_VIA_HELPER,1,24,6,1,0
PAPER_012b,IN_CHAIN_VIA_HELPER,1,15,2,0,0
PAPER_013,IN_CHAIN_VIA_HELPER,0,37,8,1,1
PAPER_013b,IN_CHAIN_VIA_HELPER,0,18,3,1,0
PAPER_014,IN_CHAIN_VIA_HELPER,5,34,7,1,1
PAPER_014b,IN_CHAIN_VIA_HELPER,0,20,3,1,0
PAPER_015,IN_CHAIN_VIA_HELPER,4,56,6,1,1
PAPER_015b,IN_CHAIN_VIA_HELPER,0,43,2,1,1
PAPER_016,IN_CHAIN_VIA_HELPER,4,27,4,1,1
PAPER_016b,IN_CHAIN_VIA_HELPER,0,38,2,1,1
PAPER_017,IN_CHAIN_VIA_HELPER,10,50,4,1,1
PAPER_018,IN_CHAIN_VIA_HELPER,8,18,3,1,1
PAPER_019,IN_CHAIN_VIA_HELPER,2,52,5,1,1
PAPER_020,IN_CHAIN_VIA_HELPER,0,53,5,1,1
PAPER_021,IN_CHAIN_VIA_HELPER,3,56,3,1,1
PAPER_022,IN_CHAIN_VIA_HELPER,6,51,6,1,1
PAPER_023,IN_CHAIN_VIA_HELPER,4,65,4,1,1
PAPER_024,IN_CHAIN_VIA_HELPER,9,63,4,1,1
PAPER_025,IN_CHAIN_VIA_HELPER,3,57,4,1,1
PAPER_025b,IN_CHAIN_VIA_HELPER,2,56,2,1,1
PAPER_026,IN_CHAIN_VIA_HELPER,11,63,3,1,1
PAPER_026b,IN_CHAIN_VIA_HELPER,9,58,2,1,1
PAPER_026c,IN_CHAIN_VIA_HELPER,3,12,2,1,1
PAPER_026d,IN_CHAIN_VIA_HELPER,1,7,1,0,1
PAPER_027,IN_CHAIN_VIA_HELPER,5,45,3,1,1
PAPER_028,IN_CHAIN_VIA_HELPER,2,47,3,1,1
PAPER_029,IN_CHAIN_VIA_HELPER,14,48,3,1,1
PAPER_030,IN_CHAIN_VIA_HELPER,1,64,3,1,1
PAPER_031,IN_CHAIN_VIA_HELPER,8,69,3,1,1
PAPER_032,IN_CHAIN_VIA_HELPER,5,50,3,1,1
PAPER_033,IN_CHAIN_VIA_HELPER,1,54,3,1,1
PAPER_034,IN_CHAIN_VIA_HELPER,2,58,3,1,1
PAPER_035,IN_CHAIN_VIA_HELPER,0,46,3,1,1
PAPER_036,IN_CHAIN_VIA_HELPER,0,26,3,1,1
PAPER_037,IN_CHAIN_VIA_HELPER,0,54,5,1,1
PAPER_038,IN_CHAIN_VIA_HELPER,0,72,2,1,1
PAPER_039,IN_CHAIN_VIA_HELPER,0,51,2,1,1
PAPER_040,IN_CHAIN_VIA_HELPER,0,53,5,1,1
PAPER_041,IN_CHAIN_VIA_HELPER,0,42,2,1,1
PAPER_042,IN_CHAIN_VIA_HELPER,2,45,3,1,1
PAPER_043,IN_CHAIN_VIA_HELPER,5,53,4,1,1
PAPER_044,IN_CHAIN_VIA_HELPER,1,25,3,0,1
PAPER_045,IN_CHAIN_VIA_HELPER,2,43,4,1,1
PAPER_046,IN_CHAIN_VIA_HELPER,0,34,4,1,1
PAPER_047,IN_CHAIN_VIA_HELPER,0,56,3,1,1
PAPER_048,IN_CHAIN_VIA_HELPER,0,57,3,1,1
PAPER_049,IN_CHAIN_VIA_HELPER,0,41,3,1,1
PAPER_050,IN_CHAIN_VIA_HELPER,1,18,3,1,1
PAPER_051,IN_CHAIN_VIA_HELPER,2,77,2,1,1
PAPER_052,IN_CHAIN_VIA_HELPER,1,49,2,1,1
PAPER_053,IN_CHAIN_VIA_HELPER,2,37,3,1,1
PAPER_054,IN_CHAIN_VIA_HELPER,0,33,2,1,1
PAPER_055,IN_CHAIN_VIA_HELPER,0,48,3,1,1
PAPER_056,IN_CHAIN_VIA_HELPER,0,49,3,1,1
PAPER_057,IN_CHAIN_VIA_HELPER,0,39,2,1,1
PAPER_058,IN_CHAIN_VIA_HELPER,0,45,2,1,1
PAPER_059,IN_CHAIN_VIA_HELPER,0,65,3,1,1
PAPER_060,IN_CHAIN_VIA_HELPER,4,53,5,1,1
PAPER_061,IN_CHAIN_VIA_HELPER,3,43,2,1,1
PAPER_062,IN_CHAIN_VIA_HELPER,1,59,4,1,1
PAPER_063,IN_CHAIN_VIA_HELPER,0,41,2,1,1
PAPER_064,IN_CHAIN_VIA_HELPER,3,45,3,1,1
PAPER_065,IN_CHAIN_VIA_HELPER,2,62,2,1,1
PAPER_066,IN_CHAIN_VIA_HELPER,3,66,3,1,1
PAPER_067,IN_CHAIN_VIA_HELPER,1,81,3,1,1
PAPER_068,IN_CHAIN_VIA_HELPER,1,77,2,1,1
PAPER_069,IN_CHAIN_VIA_HELPER,0,61,3,1,1
PAPER_070,IN_CHAIN_VIA_HELPER,0,76,3,1,1
PAPER_071,IN_CHAIN_VIA_HELPER,0,77,4,1,1
PAPER_072,IN_CHAIN_VIA_HELPER,6,84,3,1,1
PAPER_073,IN_CHAIN_VIA_HELPER,4,64,3,1,1
PAPER_074,IN_CHAIN_VIA_HELPER,3,64,3,1,1
PAPER_075,IN_CHAIN_VIA_HELPER,0,39,3,1,1
PAPER_076,IN_CHAIN_VIA_HELPER,0,38,2,1,1
PAPER_077,IN_CHAIN_VIA_HELPER,0,65,2,1,1
PAPER_078,IN_CHAIN_VIA_HELPER,4,35,2,1,1
PAPER_079,IN_CHAIN_VIA_HELPER,0,54,3,1,1
PAPER_080,IN_CHAIN_VIA_HELPER,2,21,3,1,1
PAPER_081,IN_CHAIN_VIA_HELPER,12,38,1,1,1
PAPER_082,IN_CHAIN_VIA_HELPER,5,47,1,1,1
PAPER_083,IN_CHAIN_VIA_HELPER,3,40,1,1,1
PAPER_084,IN_CHAIN_VIA_HELPER,4,2,1,1,1
PAPER_085,IN_CHAIN_VIA_HELPER,5,36,1,1,1
PAPER_086,IN_CHAIN_VIA_HELPER,1,38,1,1,1
PAPER_087,IN_CHAIN_VIA_HELPER,3,61,1,1,1
PAPER_088,IN_CHAIN_VIA_HELPER,4,27,1,1,1
PAPER_089,IN_CHAIN_VIA_HELPER,3,16,1,1,1
PAPER_090,IN_CHAIN_VIA_HELPER,1,34,1,1,1
PAPER_091,IN_CHAIN_VIA_HELPER,2,17,1,1,1
PAPER_092,IN_CHAIN_VIA_HELPER,0,52,1,1,1
PAPER_093,IN_CHAIN_VIA_HELPER,0,70,1,1,1
PAPER_094,IN_CHAIN_VIA_HELPER,3,60,1,1,1
PAPER_095,IN_CHAIN_VIA_HELPER,1,29,1,1,1
PAPER_096,IN_CHAIN_VIA_HELPER,1,51,1,1,1
PAPER_097,IN_CHAIN_VIA_HELPER,2,4,1,1,1
PAPER_098,IN_CHAIN_VIA_HELPER,0,35,1,1,1
PAPER_099,IN_CHAIN_VIA_HELPER,1,43,1,1,1
PAPER_100,IN_CHAIN_VIA_HELPER,4,35,1,1,1
PAPER_1000,IN_CHAIN_VIA_HELPER,0,0,1,0,0
PAPER_1001,IN_CHAIN_VIA_HELPER,0,0,1,0,0
PAPER_1002,IN_CHAIN_VIA_HELPER,0,0,1,0,0
PAPER_1003,IN_CHAIN_VIA_HELPER,0,0,1,0,0
PAPER_1004,IN_CHAIN_VIA_HELPER,0,0,1,0,0
PAPER_1005,IN_CHAIN_VIA_HELPER,0,0,1,0,0
PAPER_1006,IN_CHAIN_VIA_HELPER,0,0,1,0,0
PAPER_1007,IN_CHAIN_VIA_HELPER,0,0,1,0,0
PAPER_1008,IN_CHAIN_VIA_HELPER,0,0,1,0,0
PAPER_1009,IN_CHAIN_VIA_HELPER,0,0,1,0,0
PAPER_101,IN_CHAIN_VIA_HELPER,0,38,1,1,1
PAPER_1010,IN_CHAIN_VIA_HELPER,0,0,1,0,0
PAPER_1011,IN_CHAIN_VIA_HELPER,0,0,1,0,0
PAPER_1012,IN_CHAIN_VIA_HELPER,0,0,1,0,0
PAPER_1013,IN_CHAIN_VIA_HELPER,0,0,1,0,0
PAPER_1014,IN_CHAIN_VIA_HELPER,0,0,1,0,0
PAPER_1015,IN_CHAIN_VIA_HELPER,0,0,1,0,0
PAPER_1016,IN_CHAIN_VIA_HELPER,0,0,1,0,0
PAPER_1017,IN_CHAIN_VIA_HELPER,0,0,1,0,0
PAPER_1018,IN_CHAIN_VIA_HELPER,0,0,1,0,0
PAPER_1019,IN_CHAIN_VIA_HELPER,0,0,1,0,0
PAPER_102,IN_CHAIN_VIA_HELPER,2,33,1,1,1
PAPER_1020,IN_CHAIN_VIA_HELPER,0,0,1,0,0
PAPER_1021,IN_CHAIN_VIA_HELPER,0,0,1,0,0
PAPER_1022,IN_CHAIN_VIA_HELPER,0,0,1,0,0
PAPER_1023,IN_CHAIN_VIA_HELPER,0,0,1,0,0
PAPER_1024,IN_CHAIN_VIA_HELPER,0,0,1,0,0
PAPER_1025,IN_CHAIN_VIA_HELPER,0,0,1,0,0
PAPER_1026,IN_CHAIN_VIA_HELPER,0,0,1,0,0
PAPER_1027,IN_CHAIN_VIA_HELPER,0,0,1,0,0
PAPER_1028,IN_CHAIN_VIA_HELPER,0,0,1,0,0
PAPER_1029,IN_CHAIN_VIA_HELPER,0,0,1,0,0
PAPER_103,IN_CHAIN_VIA_HELPER,0,29,1,1,1
PAPER_1030,IN_CHAIN_VIA_HELPER,0,0,1,0,0
PAPER_1031,IN_CHAIN_VIA_HELPER,0,0,1,0,0
PAPER_1032,IN_CHAIN_VIA_HELPER,0,0,1,0,0
PAPER_1033,IN_CHAIN_VIA_HELPER,0,0,1,0,0
PAPER_1034,IN_CHAIN_VIA_HELPER,0,0,1,0,0
PAPER_1035,IN_CHAIN_VIA_HELPER,0,0,1,0,0
PAPER_1036,IN_CHAIN_VIA_HELPER,0,0,1,0,0
PAPER_1037,IN_CHAIN_VIA_HELPER,0,0,1,0,0
PAPER_1038,IN_CHAIN_VIA_HELPER,0,0,1,0,0
PAPER_1039,IN_CHAIN_VIA_HELPER,0,0,1,0,0
PAPER_104,IN_CHAIN_VIA_HELPER,0,15,1,1,1
PAPER_1040,IN_CHAIN_VIA_HELPER,0,0,1,0,0
PAPER_1041,IN_CHAIN_VIA_HELPER,0,0,1,0,0
PAPER_1042,IN_CHAIN_VIA_HELPER,0,0,1,0,0
PAPER_1043,IN_CHAIN_VIA_HELPER,0,0,1,0,0
PAPER_1044,IN_CHAIN_VIA_HELPER,0,0,1,0,0
PAPER_1045,IN_CHAIN_VIA_HELPER,0,0,1,0,0
PAPER_1046,IN_CHAIN_VIA_HELPER,0,0,1,0,0
PAPER_1047,IN_CHAIN_VIA_HELPER,0,0,1,0,0
PAPER_1048,IN_CHAIN_VIA_HELPER,0,0,1,0,0
PAPER_1049,IN_CHAIN_VIA_HELPER,0,0,1,0,0
PAPER_105,IN_CHAIN_VIA_HELPER,0,16,1,1,1
PAPER_1050,IN_CHAIN_VIA_HELPER,0,0,1,0,0
PAPER_1051,IN_CHAIN_VIA_HELPER,0,0,1,0,0
PAPER_1052,IN_CHAIN_VIA_HELPER,0,0,1,0,0
PAPER_1053,IN_CHAIN_VIA_HELPER,0,0,1,0,0
PAPER_1054,IN_CHAIN_VIA_HELPER,0,0,1,0,0
PAPER_1055,IN_CHAIN_VIA_HELPER,0,0,1,0,0
PAPER_1056,IN_CHAIN_VIA_HELPER,0,0,1,0,0
PAPER_1057,IN_CHAIN_VIA_HELPER,0,0,1,0,0
PAPER_1058,IN_CHAIN_VIA_HELPER,0,0,1,0,0
PAPER_1059,IN_CHAIN_VIA_HELPER,0,0,1,0,0
PAPER_106,IN_CHAIN_VIA_HELPER,1,48,1,1,1
PAPER_1060,IN_CHAIN_VIA_HELPER,0,0,1,0,0
PAPER_1061,IN_CHAIN_VIA_HELPER,0,0,1,0,0
PAPER_1062,IN_CHAIN_VIA_HELPER,0,0,1,0,0
PAPER_1063,IN_CHAIN_VIA_HELPER,0,0,1,0,0
PAPER_1064,IN_CHAIN_VIA_HELPER,0,0,1,0,0
PAPER_1065,IN_CHAIN_VIA_HELPER,0,0,1,0,0
PAPER_1066,IN_CHAIN_VIA_HELPER,0,0,1,0,0
PAPER_1067,IN_CHAIN_VIA_HELPER,0,0,1,0,0
PAPER_1068,IN_CHAIN_VIA_HELPER,0,0,1,0,0
PAPER_1069,IN_CHAIN_VIA_HELPER,0,0,1,0,0
PAPER_107,IN_CHAIN_VIA_HELPER,0,44,1,1,1
PAPER_1070,IN_CHAIN_VIA_HELPER,0,0,1,0,0
PAPER_1071,IN_CHAIN_VIA_HELPER,0,0,1,0,0
PAPER_1072,IN_CHAIN_VIA_HELPER,0,0,1,0,0
PAPER_1073,IN_CHAIN_VIA_HELPER,0,0,1,0,0
PAPER_1074,IN_CHAIN_VIA_HELPER,0,0,1,0,0
PAPER_1075,IN_CHAIN_VIA_HELPER,0,0,1,0,0
PAPER_1076,IN_CHAIN_VIA_HELPER,0,0,1,0,0
PAPER_1077,IN_CHAIN_VIA_HELPER,0,0,1,0,0
PAPER_1078,IN_CHAIN_VIA_HELPER,0,0,1,0,0
PAPER_1079,IN_CHAIN_VIA_HELPER,0,0,1,0,0
PAPER_1079b,IN_CHAIN_VIA_HELPER,0,2,1,0,0
PAPER_108,IN_CHAIN_VIA_HELPER,7,41,1,1,1
PAPER_1080,IN_CHAIN_VIA_HELPER,0,0,1,0,0
PAPER_1081,IN_CHAIN_VIA_HELPER,0,0,1,0,0
PAPER_1082,IN_CHAIN_VIA_HELPER,0,0,1,0,0
PAPER_1083,IN_CHAIN_VIA_HELPER,0,0,1,0,0
PAPER_1084,IN_CHAIN_VIA_HELPER,0,0,1,0,0
PAPER_1085,IN_CHAIN_VIA_HELPER,0,0,1,0,0
PAPER_1086,IN_CHAIN_VIA_HELPER,0,0,1,0,0
PAPER_1087,IN_CHAIN_VIA_HELPER,0,0,1,0,0
PAPER_1088,IN_CHAIN_VIA_HELPER,0,0,1,0,0
PAPER_1089,IN_CHAIN_VIA_HELPER,0,0,1,0,0
PAPER_109,IN_CHAIN_VIA_HELPER,0,39,1,1,1
PAPER_1090,IN_CHAIN_VIA_HELPER,0,0,1,0,0
PAPER_1091,IN_CHAIN_VIA_HELPER,0,0,1,0,0
PAPER_1092,IN_CHAIN_VIA_HELPER,0,0,1,0,0
PAPER_1093,IN_CHAIN_VIA_HELPER,0,0,1,0,0
PAPER_1094,IN_CHAIN_VIA_HELPER,0,0,1,0,0
PAPER_1095,IN_CHAIN_VIA_HELPER,0,0,1,0,0
PAPER_1096,IN_CHAIN_VIA_HELPER,0,0,1,0,0
PAPER_1097,IN_CHAIN_VIA_HELPER,0,0,1,0,0
PAPER_1098,IN_CHAIN_VIA_HELPER,0,0,1,0,0
PAPER_1099,IN_CHAIN_VIA_HELPER,0,0,1,0,0
PAPER_110,IN_CHAIN_VIA_HELPER,0,61,1,1,1
PAPER_1100,IN_CHAIN_VIA_HELPER,0,0,1,0,0
PAPER_1101,IN_CHAIN_VIA_HELPER,0,0,1,0,0
PAPER_1102,IN_CHAIN_VIA_HELPER,0,0,1,0,0
PAPER_1103,IN_CHAIN_VIA_HELPER,0,0,1,0,0
PAPER_1104,IN_CHAIN_VIA_HELPER,0,0,1,0,0
PAPER_1105,IN_CHAIN_VIA_HELPER,0,0,1,0,0
PAPER_1106,IN_CHAIN_VIA_HELPER,0,0,1,0,0
PAPER_1107,IN_CHAIN_VIA_HELPER,0,0,1,0,0
PAPER_1108,IN_CHAIN_VIA_HELPER,0,0,1,0,0
PAPER_1109,IN_CHAIN_VIA_HELPER,0,0,1,0,0
PAPER_111,IN_CHAIN_VIA_HELPER,0,44,1,1,1
PAPER_1110,IN_CHAIN_VIA_HELPER,0,0,1,0,0
PAPER_1111,IN_CHAIN_VIA_HELPER,0,0,1,0,0
PAPER_1112,IN_CHAIN_VIA_HELPER,0,0,1,0,0
PAPER_1113,IN_CHAIN_VIA_HELPER,0,0,1,0,0
PAPER_1114,IN_CHAIN_VIA_HELPER,0,0,1,0,0
PAPER_1115,IN_CHAIN_VIA_HELPER,0,0,1,0,0
PAPER_1116,IN_CHAIN_VIA_HELPER,0,0,1,0,0
PAPER_1117,IN_CHAIN_VIA_HELPER,0,0,1,0,0
PAPER_1118,IN_CHAIN_VIA_HELPER,0,0,1,0,0
PAPER_1119,IN_CHAIN_VIA_HELPER,0,0,1,0,0
PAPER_112,IN_CHAIN_VIA_HELPER,0,55,1,1,1
PAPER_1120,IN_CHAIN_VIA_HELPER,0,0,1,0,0
PAPER_1121,IN_CHAIN_VIA_HELPER,0,0,1,0,0
PAPER_1122,IN_CHAIN_VIA_HELPER,0,0,1,0,0
PAPER_1123,IN_CHAIN_VIA_HELPER,0,0,1,0,0
PAPER_1124,IN_CHAIN_VIA_HELPER,0,0,1,0,0
PAPER_1125,IN_CHAIN_VIA_HELPER,0,0,1,0,0
PAPER_1126,IN_CHAIN_VIA_HELPER,0,0,1,0,0
PAPER_1127,IN_CHAIN_VIA_HELPER,0,0,1,0,0
PAPER_1128,IN_CHAIN_VIA_HELPER,0,0,1,0,0
PAPER_1129,IN_CHAIN_VIA_HELPER,0,0,1,0,0
PAPER_113,IN_CHAIN_VIA_HELPER,0,51,1,1,1
PAPER_1130,IN_CHAIN_VIA_HELPER,0,0,1,0,0
PAPER_1131,IN_CHAIN_VIA_HELPER,0,0,1,0,0
PAPER_1132,IN_CHAIN_VIA_HELPER,0,0,1,0,0
PAPER_1133,IN_CHAIN_VIA_HELPER,0,0,1,0,0
PAPER_1134,IN_CHAIN_VIA_HELPER,0,0,1,0,0
PAPER_1135,IN_CHAIN_VIA_HELPER,0,0,1,0,0
PAPER_1136,IN_CHAIN_VIA_HELPER,0,0,1,0,0
PAPER_1137,IN_CHAIN_VIA_HELPER,0,0,1,0,0
PAPER_1138,IN_CHAIN_VIA_HELPER,0,0,1,0,0
PAPER_1139,IN_CHAIN_VIA_HELPER,0,0,1,0,0
PAPER_114,IN_CHAIN_VIA_HELPER,5,46,1,1,1
PAPER_1140,IN_CHAIN_VIA_HELPER,0,0,1,0,0
PAPER_1141,IN_CHAIN_VIA_HELPER,0,0,1,0,0
PAPER_1142,IN_CHAIN_VIA_HELPER,0,0,1,0,0
PAPER_1143,IN_CHAIN_VIA_HELPER,0,0,1,0,0
PAPER_1144,IN_CHAIN_VIA_HELPER,0,0,1,0,0
PAPER_1145,IN_CHAIN_VIA_HELPER,0,0,1,0,0
PAPER_1146,IN_CHAIN_VIA_HELPER,0,0,1,0,0
PAPER_1147,IN_CHAIN_VIA_HELPER,0,0,1,0,0
PAPER_1148,IN_CHAIN_VIA_HELPER,0,0,1,0,0
PAPER_1149,IN_CHAIN_VIA_HELPER,0,0,1,0,0
PAPER_115,IN_CHAIN_VIA_HELPER,3,67,1,1,1
PAPER_1150,IN_CHAIN_VIA_HELPER,0,0,1,0,0
PAPER_1151,IN_CHAIN_VIA_HELPER,0,0,1,0,0
PAPER_1152,IN_CHAIN_VIA_HELPER,0,0,1,0,0
PAPER_1153,IN_CHAIN_VIA_HELPER,0,0,1,0,0
PAPER_1154,IN_CHAIN_VIA_HELPER,0,0,1,0,0
PAPER_1155,IN_CHAIN_VIA_HELPER,0,0,1,0,0
PAPER_1156,IN_CHAIN_VIA_HELPER,0,0,1,0,0
PAPER_1157,IN_CHAIN_VIA_HELPER,0,0,1,0,0
PAPER_1158,IN_CHAIN_VIA_HELPER,0,0,1,0,0
PAPER_1159,IN_CHAIN_VIA_HELPER,0,0,1,0,0
PAPER_116,IN_CHAIN_VIA_HELPER,1,54,1,1,1
PAPER_1160,IN_CHAIN_VIA_HELPER,0,0,1,0,0
PAPER_1161,IN_CHAIN_VIA_HELPER,0,0,1,0,0
PAPER_1162,IN_CHAIN_VIA_HELPER,0,0,1,0,0
PAPER_1163,IN_CHAIN_VIA_HELPER,0,0,1,0,0
PAPER_1164,IN_CHAIN_VIA_HELPER,0,0,1,0,0
PAPER_1165,IN_CHAIN_VIA_HELPER,0,0,1,0,0
PAPER_1166,IN_CHAIN_VIA_HELPER,0,0,1,0,0
PAPER_1167,IN_CHAIN_VIA_HELPER,0,0,1,0,0
PAPER_1168,IN_CHAIN_VIA_HELPER,0,0,1,0,0
PAPER_1169,IN_CHAIN_VIA_HELPER,0,0,1,0,0
PAPER_117,IN_CHAIN_VIA_HELPER,7,57,1,1,1
PAPER_1170,IN_CHAIN_VIA_HELPER,0,0,1,0,0
PAPER_1171,IN_CHAIN_VIA_HELPER,0,0,1,0,0
PAPER_1172,IN_CHAIN_VIA_HELPER,0,0,1,0,0
PAPER_1173,IN_CHAIN_VIA_HELPER,0,0,1,0,0
PAPER_1174,IN_CHAIN_VIA_HELPER,0,0,1,0,0
PAPER_1175,IN_CHAIN_VIA_HELPER,0,0,1,0,0
PAPER_1176,IN_CHAIN_VIA_HELPER,0,0,1,0,0
PAPER_1177,IN_CHAIN_VIA_HELPER,0,0,1,0,0
PAPER_1178,IN_CHAIN_VIA_HELPER,0,0,1,0,0
PAPER_1179,IN_CHAIN_VIA_HELPER,0,0,1,0,0
PAPER_118,IN_CHAIN_VIA_HELPER,5,70,1,1,1
PAPER_1180,IN_CHAIN_VIA_HELPER,0,0,1,0,0
PAPER_1181,IN_CHAIN_VIA_HELPER,0,0,1,0,0
PAPER_1182,IN_CHAIN_VIA_HELPER,0,0,1,0,0
PAPER_1183,IN_CHAIN_VIA_HELPER,0,0,1,0,0
PAPER_1183b,IN_CHAIN_VIA_HELPER,0,4,1,0,1
PAPER_1184,IN_CHAIN_VIA_HELPER,0,0,1,0,0
PAPER_1184b,IN_CHAIN_VIA_HELPER,0,5,1,0,1
PAPER_1185,IN_CHAIN_VIA_HELPER,0,0,1,0,0
PAPER_1185b,IN_CHAIN_VIA_HELPER,0,3,1,0,1
PAPER_1186,IN_CHAIN_VIA_HELPER,0,0,1,0,0
PAPER_1186b,IN_CHAIN_VIA_HELPER,0,3,1,0,1
PAPER_1187,IN_CHAIN_VIA_HELPER,0,0,1,0,0
PAPER_1188,IN_CHAIN_VIA_HELPER,0,0,1,0,0
PAPER_1188b,IN_CHAIN_VIA_HELPER,0,4,1,0,1
PAPER_1189,IN_CHAIN_VIA_HELPER,0,0,1,0,0
PAPER_1189b,IN_CHAIN_VIA_HELPER,0,3,1,0,1
PAPER_119,IN_CHAIN_VIA_HELPER,6,55,1,1,1
PAPER_1190,IN_CHAIN_VIA_HELPER,0,0,1,0,0
PAPER_1190b,IN_CHAIN_VIA_HELPER,0,3,1,0,1
PAPER_1191,IN_CHAIN_VIA_HELPER,0,0,1,0,0
PAPER_1191b,IN_CHAIN_VIA_HELPER,0,3,1,0,1
PAPER_1192,IN_CHAIN_VIA_HELPER,0,0,1,0,0
PAPER_1192b,IN_CHAIN_VIA_HELPER,0,3,1,0,1
PAPER_1193,IN_CHAIN_VIA_HELPER,0,0,1,0,0
PAPER_1193b,IN_CHAIN_VIA_HELPER,0,4,1,0,1
PAPER_1194,IN_CHAIN_VIA_HELPER,0,0,1,0,0
PAPER_1194b,IN_CHAIN_VIA_HELPER,0,3,1,0,1
PAPER_1195,IN_CHAIN_VIA_HELPER,0,0,1,0,0
PAPER_1196,IN_CHAIN_VIA_HELPER,0,0,1,0,0
PAPER_1197,IN_CHAIN_VIA_HELPER,0,0,1,0,0
PAPER_1197b,IN_CHAIN_VIA_HELPER,0,0,1,0,0
PAPER_1198,IN_CHAIN_VIA_HELPER,0,0,1,0,0
PAPER_1198b,IN_CHAIN_VIA_HELPER,0,4,1,0,1
PAPER_1199,IN_CHAIN_VIA_HELPER,0,0,1,0,0
PAPER_120,IN_CHAIN_VIA_HELPER,1,54,1,1,1
PAPER_1200,IN_CHAIN_VIA_HELPER,0,0,1,0,0
PAPER_1200b,PRIMITIVE_PURE,9,0,1,0,1
PAPER_1201,IN_CHAIN_VIA_HELPER,0,0,1,0,0
PAPER_1201b,IN_CHAIN_VIA_HELPER,21,17,1,0,1
PAPER_1202,IN_CHAIN_VIA_HELPER,0,0,1,0,0
PAPER_1202b,IN_CHAIN_VIA_HELPER,15,14,1,0,1
PAPER_1203,IN_CHAIN_VIA_HELPER,0,0,1,0,0
PAPER_1203b,IN_CHAIN_VIA_HELPER,0,0,1,0,0
PAPER_1204,IN_CHAIN_VIA_HELPER,0,0,1,0,0
PAPER_1205,IN_CHAIN_VIA_HELPER,0,0,1,0,0
PAPER_1206,IN_CHAIN_VIA_HELPER,0,0,1,0,0
PAPER_1207,IN_CHAIN_VIA_HELPER,0,0,1,0,0
PAPER_1208,IN_CHAIN_VIA_HELPER,0,0,1,0,0
PAPER_1209,IN_CHAIN_VIA_HELPER,0,0,1,0,0
PAPER_1209AA,IN_CHAIN_VIA_HELPER,26,8,1,0,1
PAPER_1209BB,IN_CHAIN_VIA_HELPER,33,3,1,0,1
PAPER_1209CC,IN_CHAIN_VIA_HELPER,41,9,1,0,1
PAPER_1209DD,IN_CHAIN_VIA_HELPER,45,9,1,0,1
PAPER_1209EE,IN_CHAIN_VIA_HELPER,47,10,1,0,1
PAPER_1209FF,IN_CHAIN_VIA_HELPER,30,6,1,0,1
PAPER_1209GG,IN_CHAIN_VIA_HELPER,47,11,1,0,1
PAPER_1209HH,IN_CHAIN_VIA_HELPER,27,11,1,0,1
PAPER_1209II,IN_CHAIN_VIA_HELPER,20,10,1,0,1
PAPER_1209JJ,IN_CHAIN_VIA_HELPER,15,11,1,0,1
PAPER_1209KK,IN_CHAIN_VIA_HELPER,1,7,1,0,1
PAPER_1209X,IN_CHAIN_VIA_HELPER,34,7,1,0,1
PAPER_1209Y,IN_CHAIN_VIA_HELPER,42,6,1,0,1
PAPER_1209Z,IN_CHAIN_VIA_HELPER,45,6,1,0,1
PAPER_121,IN_CHAIN_VIA_HELPER,1,39,1,1,1
PAPER_1210,IN_CHAIN_VIA_HELPER,0,0,1,0,0
PAPER_1211,IN_CHAIN_VIA_HELPER,0,0,1,0,0
PAPER_1212,IN_CHAIN_VIA_HELPER,0,0,1,0,0
PAPER_1213,IN_CHAIN_VIA_HELPER,0,0,1,0,0
PAPER_1214,IN_CHAIN_VIA_HELPER,0,0,1,0,0
PAPER_1215,IN_CHAIN_VIA_HELPER,0,0,1,0,0
PAPER_1216,IN_CHAIN_VIA_HELPER,0,0,1,0,0
PAPER_1217,IN_CHAIN_VIA_HELPER,0,0,1,0,0
PAPER_1218,IN_CHAIN_VIA_HELPER,0,0,1,0,0
PAPER_1219,IN_CHAIN_VIA_HELPER,0,0,1,0,0
PAPER_122,IN_CHAIN_VIA_HELPER,2,40,1,1,1
PAPER_1220,IN_CHAIN_VIA_HELPER,0,0,1,0,0
PAPER_1221,IN_CHAIN_VIA_HELPER,0,0,1,0,0
PAPER_1222,IN_CHAIN_VIA_HELPER,0,0,1,0,0
PAPER_1223,IN_CHAIN_VIA_HELPER,0,0,1,0,0
PAPER_1224,IN_CHAIN_VIA_HELPER,0,0,1,0,0
PAPER_1225,IN_CHAIN_VIA_HELPER,0,0,1,0,0
PAPER_1226,IN_CHAIN_VIA_HELPER,0,0,1,0,0
PAPER_1227,IN_CHAIN_VIA_HELPER,0,0,1,0,0
PAPER_1228,IN_CHAIN_VIA_HELPER,0,0,1,0,0
PAPER_1229,IN_CHAIN_VIA_HELPER,0,0,1,0,0
PAPER_123,IN_CHAIN_VIA_HELPER,1,62,1,1,1
PAPER_1230,IN_CHAIN_VIA_HELPER,0,0,1,0,0
PAPER_1231,IN_CHAIN_VIA_HELPER,0,0,1,0,0
PAPER_1232,IN_CHAIN_VIA_HELPER,0,0,1,0,0
PAPER_1233,IN_CHAIN_VIA_HELPER,0,0,1,0,0
PAPER_1234,IN_CHAIN_VIA_HELPER,0,0,1,0,0
PAPER_1235,IN_CHAIN_VIA_HELPER,0,0,1,0,0
PAPER_1236,IN_CHAIN_VIA_HELPER,0,0,1,0,0
PAPER_1237,IN_CHAIN_VIA_HELPER,0,0,1,0,0
PAPER_1238,IN_CHAIN_VIA_HELPER,0,0,1,0,0
PAPER_1239,IN_CHAIN_VIA_HELPER,0,0,1,0,0
PAPER_124,IN_CHAIN_VIA_HELPER,3,72,1,1,1
PAPER_1240,IN_CHAIN_VIA_HELPER,0,0,1,0,0
PAPER_1241,IN_CHAIN_VIA_HELPER,0,0,1,0,0
PAPER_1242,IN_CHAIN_VIA_HELPER,0,0,1,0,0
PAPER_1243,IN_CHAIN_VIA_HELPER,0,0,1,0,0
PAPER_1244,IN_CHAIN_VIA_HELPER,0,0,1,0,0
PAPER_1245,IN_CHAIN_VIA_HELPER,0,0,1,0,0
PAPER_1246,IN_CHAIN_VIA_HELPER,0,0,1,0,0
PAPER_1247,IN_CHAIN_VIA_HELPER,0,0,1,0,0
PAPER_1248,IN_CHAIN_VIA_HELPER,0,0,1,0,0
PAPER_1249,IN_CHAIN_VIA_HELPER,0,0,1,0,0
PAPER_125,IN_CHAIN_VIA_HELPER,0,63,1,1,1
PAPER_1250,IN_CHAIN_VIA_HELPER,0,0,1,0,0
PAPER_1251,IN_CHAIN_VIA_HELPER,14,5,1,0,1
PAPER_1252,PRIMITIVE_PURE,3,0,1,0,0
PAPER_1253,IN_CHAIN_VIA_HELPER,10,6,2,0,0
PAPER_1254,IN_CHAIN_VIA_HELPER,10,7,1,0,0
PAPER_1255,IN_CHAIN_VIA_HELPER,9,9,1,0,1
PAPER_1256,IN_CHAIN_VIA_HELPER,5,1,1,0,1
PAPER_1257,PRIMITIVE_PURE,7,0,1,0,1
PAPER_1258,PRIMITIVE_PURE,5,0,1,0,0
PAPER_1259,IN_CHAIN_VIA_HELPER,17,5,1,0,1
PAPER_126,IN_CHAIN_VIA_HELPER,15,73,1,1,1
PAPER_1260,IN_CHAIN_VIA_HELPER,2,2,1,0,1
PAPER_1261,IN_CHAIN_VIA_HELPER,7,8,1,0,1
PAPER_1262,IN_CHAIN_VIA_HELPER,4,3,1,0,0
PAPER_1263,PRIMITIVE_PURE,3,0,1,0,0
PAPER_1264,PRIMITIVE_PURE,5,0,1,0,0
PAPER_1265,PRIMITIVE_PURE,1,0,1,0,0
PAPER_1266,IN_CHAIN_VIA_HELPER,0,0,1,0,0
PAPER_1267,IN_CHAIN_VIA_HELPER,9,4,1,0,1
PAPER_1268,IN_CHAIN_VIA_HELPER,12,4,1,0,1
PAPER_1269,PRIMITIVE_PURE,3,0,2,0,1
PAPER_127,IN_CHAIN_VIA_HELPER,3,51,1,1,1
PAPER_1270,IN_CHAIN_VIA_HELPER,5,4,1,0,0
PAPER_1271,IN_CHAIN_VIA_HELPER,1,4,2,0,1
PAPER_1272,IN_CHAIN_VIA_HELPER,0,0,1,0,1
PAPER_1273,IN_CHAIN_VIA_HELPER,3,3,2,0,1
PAPER_1274,IN_CHAIN_VIA_HELPER,2,5,1,0,0
PAPER_1275,IN_CHAIN_VIA_HELPER,1,1,1,0,0
PAPER_1276,IN_CHAIN_VIA_HELPER,1,1,1,0,0
PAPER_1277,IN_CHAIN_VIA_HELPER,3,5,2,0,0
PAPER_1278,IN_CHAIN_VIA_HELPER,0,0,1,0,0
PAPER_1279,PRIMITIVE_PURE,1,0,1,0,0
PAPER_128,IN_CHAIN_VIA_HELPER,4,51,1,1,1
PAPER_1280,IN_CHAIN_VIA_HELPER,0,2,2,0,0
PAPER_1281,PRIMITIVE_PURE,1,0,2,0,0
PAPER_1282,PRIMITIVE_PURE,4,0,2,0,0
PAPER_1283,PRIMITIVE_PURE,6,0,1,0,0
PAPER_1284,IN_CHAIN_VIA_HELPER,0,0,1,0,0
PAPER_1285,IN_CHAIN_VIA_HELPER,1,1,2,0,0
PAPER_1286,PRIMITIVE_PURE,3,0,1,0,0
PAPER_1287,IN_CHAIN_VIA_HELPER,1,5,3,0,1
PAPER_1288,PRIMITIVE_PURE,1,0,3,0,0
PAPER_1289,IN_CHAIN_VIA_HELPER,3,3,2,0,1
PAPER_129,IN_CHAIN_VIA_HELPER,0,28,1,1,1
PAPER_1290,IN_CHAIN_VIA_HELPER,2,1,2,0,0
PAPER_1291,IN_CHAIN_VIA_HELPER,0,0,1,0,0
PAPER_1292,PRIMITIVE_PURE,1,0,2,0,0
PAPER_1293,PRIMITIVE_PURE,1,0,3,0,0
PAPER_1294,IN_CHAIN_VIA_HELPER,4,4,2,0,0
PAPER_1295,PRIMITIVE_PURE,2,0,1,0,0
PAPER_1296,PRIMITIVE_PURE,1,0,1,0,0
PAPER_1297,IN_CHAIN_VIA_HELPER,1,4,2,0,0
PAPER_1298,IN_CHAIN_VIA_HELPER,1,1,2,0,0
PAPER_1299,PRIMITIVE_PURE,2,0,1,0,0
PAPER_130,IN_CHAIN_VIA_HELPER,5,45,1,1,1
PAPER_1300,PRIMITIVE_PURE,1,0,2,0,0
PAPER_1301,IN_CHAIN_VIA_HELPER,0,4,1,0,1
PAPER_1302,IN_CHAIN_VIA_HELPER,2,1,1,0,0
PAPER_1303,PRIMITIVE_PURE,1,0,1,0,0
PAPER_1304,IN_CHAIN_VIA_HELPER,3,4,1,0,0
PAPER_1305,PRIMITIVE_PURE,3,0,1,0,0
PAPER_1306,PRIMITIVE_PURE,3,0,1,0,0
PAPER_1307,IN_CHAIN_VIA_HELPER,0,0,1,0,0
PAPER_1308,IN_CHAIN_VIA_HELPER,1,1,1,0,0
PAPER_1309,IN_CHAIN_VIA_HELPER,0,0,1,0,1
PAPER_131,IN_CHAIN_VIA_HELPER,2,59,1,1,1
PAPER_1310,IN_CHAIN_VIA_HELPER,0,0,1,0,0
PAPER_1311,IN_CHAIN_VIA_HELPER,2,3,2,0,0
PAPER_1312,IN_CHAIN_VIA_HELPER,0,3,1,0,1
PAPER_1313,IN_CHAIN_VIA_HELPER,0,0,2,0,1
PAPER_1314,IN_CHAIN_VIA_HELPER,0,4,1,0,1
PAPER_1315,IN_CHAIN_VIA_HELPER,5,4,2,0,0
PAPER_1316,IN_CHAIN_VIA_HELPER,0,4,2,0,0
PAPER_1317,IN_CHAIN_VIA_HELPER,0,2,1,0,1
PAPER_1318,IN_CHAIN_VIA_HELPER,0,6,2,0,0
PAPER_1319,PRIMITIVE_PURE,1,0,2,0,0
PAPER_132,IN_CHAIN_VIA_HELPER,8,41,1,1,1
PAPER_1320,IN_CHAIN_VIA_HELPER,1,7,1,0,1
PAPER_1321,PRIMITIVE_PURE,2,0,1,0,0
PAPER_1322,IN_CHAIN_VIA_HELPER,5,5,1,0,1
PAPER_1323,IN_CHAIN_VIA_HELPER,2,4,2,0,0
PAPER_1324,PRIMITIVE_PURE,2,0,1,0,1
PAPER_1325,IN_CHAIN_VIA_HELPER,1,1,1,0,0
PAPER_1326,PRIMITIVE_PURE,2,0,2,0,1
PAPER_1327,PRIMITIVE_PURE,1,0,1,0,0
PAPER_1328,PRIMITIVE_PURE,1,0,2,0,0
PAPER_1329,IN_CHAIN_VIA_HELPER,2,6,1,0,0
PAPER_133,IN_CHAIN_VIA_HELPER,5,74,1,1,1
PAPER_1330,IN_CHAIN_VIA_HELPER,0,0,2,0,1
PAPER_1331,PRIMITIVE_PURE,1,0,2,0,1
PAPER_1332,IN_CHAIN_VIA_HELPER,5,5,2,0,1
PAPER_1333,IN_CHAIN_VIA_HELPER,1,5,2,0,0
PAPER_1334,IN_CHAIN_VIA_HELPER,0,2,2,0,1
PAPER_1335,IN_CHAIN_VIA_HELPER,3,7,1,0,0
PAPER_1336,IN_CHAIN_VIA_HELPER,1,4,2,0,0
PAPER_1337,PRIMITIVE_PURE,2,0,1,0,0
PAPER_1338,IN_CHAIN_VIA_HELPER,0,1,1,0,0
PAPER_1339,IN_CHAIN_VIA_HELPER,0,0,2,0,0
PAPER_134,IN_CHAIN_VIA_HELPER,0,65,1,1,1
PAPER_1340,PRIMITIVE_PURE,1,0,2,0,1
PAPER_1341,IN_CHAIN_VIA_HELPER,1,7,1,0,0
PAPER_1342,IN_CHAIN_VIA_HELPER,0,0,1,0,0
PAPER_1343,PRIMITIVE_PURE,1,0,2,0,0
PAPER_1344,IN_CHAIN_VIA_HELPER,0,0,2,0,1
PAPER_1345,PRIMITIVE_PURE,2,0,1,0,0
PAPER_1346,IN_CHAIN_VIA_HELPER,0,0,1,0,0
PAPER_1347,IN_CHAIN_VIA_HELPER,2,6,1,0,1
PAPER_1348,IN_CHAIN_VIA_HELPER,0,0,2,0,1
PAPER_1349,PRIMITIVE_PURE,1,0,1,0,0
PAPER_135,IN_CHAIN_VIA_HELPER,0,41,1,1,1
PAPER_1350,IN_CHAIN_VIA_HELPER,4,4,1,0,0
PAPER_1351,PRIMITIVE_PURE,1,0,2,0,1
PAPER_1352,PRIMITIVE_PURE,2,0,1,0,0
PAPER_1353,PRIMITIVE_PURE,1,0,1,0,0
PAPER_1354,IN_CHAIN_VIA_HELPER,0,0,2,0,1
PAPER_1355,IN_CHAIN_VIA_HELPER,0,0,2,0,1
PAPER_1356,IN_CHAIN_VIA_HELPER,3,4,1,0,0
PAPER_1357,IN_CHAIN_VIA_HELPER,0,0,1,0,0
PAPER_1358,IN_CHAIN_VIA_HELPER,3,6,1,0,0
PAPER_1359,PRIMITIVE_PURE,2,0,3,0,1
PAPER_136,IN_CHAIN_VIA_HELPER,6,52,1,1,1
PAPER_1360,PRIMITIVE_PURE,3,0,1,0,0
PAPER_1361,IN_CHAIN_VIA_HELPER,1,1,1,0,0
PAPER_1362,IN_CHAIN_VIA_HELPER,0,0,2,0,0
PAPER_1363,PRIMITIVE_PURE,1,0,2,0,1
PAPER_1364,IN_CHAIN_VIA_HELPER,2,6,1,0,1
PAPER_1365,PRIMITIVE_PURE,2,0,1,0,1
PAPER_1366,IN_CHAIN_VIA_HELPER,2,6,1,0,0
PAPER_1367,IN_CHAIN_VIA_HELPER,4,3,2,0,0
PAPER_1368,IN_CHAIN_VIA_HELPER,0,5,2,0,0
PAPER_1369,IN_CHAIN_VIA_HELPER,0,6,1,0,1
PAPER_137,IN_CHAIN_VIA_HELPER,2,34,1,1,1
PAPER_1370,IN_CHAIN_VIA_HELPER,3,6,1,0,0
PAPER_1371,IN_CHAIN_VIA_HELPER,0,3,1,0,0
PAPER_1372,IN_CHAIN_VIA_HELPER,10,4,1,0,0
PAPER_1373,IN_CHAIN_VIA_HELPER,0,6,1,0,1
PAPER_1374,IN_CHAIN_VIA_HELPER,0,1,1,0,1
PAPER_1375,IN_CHAIN_VIA_HELPER,0,0,1,0,1
PAPER_1376,IN_CHAIN_VIA_HELPER,0,0,1,0,0
PAPER_1377,IN_CHAIN_VIA_HELPER,5,9,1,0,1
PAPER_1378,IN_CHAIN_VIA_HELPER,6,2,1,0,0
PAPER_1379,IN_CHAIN_VIA_HELPER,4,4,1,0,1
PAPER_138,IN_CHAIN_VIA_HELPER,0,61,1,1,1
PAPER_1380,IN_CHAIN_VIA_HELPER,4,7,1,0,1
PAPER_1381,IN_CHAIN_VIA_HELPER,3,3,1,0,0
PAPER_1382,IN_CHAIN_VIA_HELPER,0,0,1,0,1
PAPER_1383,IN_CHAIN_VIA_HELPER,1,2,1,0,1
PAPER_1384,IN_CHAIN_VIA_HELPER,0,0,1,0,1
PAPER_1385,IN_CHAIN_VIA_HELPER,3,1,1,0,0
PAPER_1386,IN_CHAIN_VIA_HELPER,3,1,1,0,0
PAPER_1387,IN_CHAIN_VIA_HELPER,0,0,1,0,0
PAPER_1388,IN_CHAIN_VIA_HELPER,2,1,1,0,0
PAPER_1389,IN_CHAIN_VIA_HELPER,0,0,1,0,1
PAPER_139,IN_CHAIN_VIA_HELPER,0,52,1,1,1
PAPER_1390,IN_CHAIN_VIA_HELPER,0,0,1,0,1
PAPER_1391,IN_CHAIN_VIA_HELPER,3,1,1,0,0
PAPER_1392,IN_CHAIN_VIA_HELPER,0,0,1,0,1
PAPER_1393,PRIMITIVE_PURE,1,0,1,0,0
PAPER_1394,IN_CHAIN_VIA_HELPER,0,0,1,0,0
PAPER_1395,PRIMITIVE_PURE,1,0,1,0,0
PAPER_1396,IN_CHAIN_VIA_HELPER,1,1,1,0,0
PAPER_1397,IN_CHAIN_VIA_HELPER,3,1,1,0,0
PAPER_1398,PRIMITIVE_PURE,1,0,1,0,1
PAPER_1399,PRIMITIVE_PURE,3,0,1,0,0
PAPER_140,IN_CHAIN_VIA_HELPER,12,19,1,1,1
PAPER_1400,IN_CHAIN_VIA_HELPER,0,0,1,0,1
PAPER_1401,IN_CHAIN_VIA_HELPER,4,6,1,0,1
PAPER_1402,IN_CHAIN_VIA_HELPER,3,1,1,0,0
PAPER_1403,IN_CHAIN_VIA_HELPER,0,1,1,0,0
PAPER_1404,IN_CHAIN_VIA_HELPER,0,0,2,0,1
PAPER_1405,PRIMITIVE_PURE,2,0,1,0,1
PAPER_1406,PRIMITIVE_PURE,1,0,1,0,1
PAPER_1407,IN_CHAIN_VIA_HELPER,0,0,1,0,1
PAPER_1408,PRIMITIVE_PURE,1,0,1,0,1
PAPER_1409,PRIMITIVE_PURE,1,0,1,0,1
PAPER_141,IN_CHAIN_VIA_HELPER,2,44,1,1,1
PAPER_1410,PRIMITIVE_PURE,4,0,1,0,1
PAPER_1411,IN_CHAIN_VIA_HELPER,0,1,1,0,1
PAPER_1412,IN_CHAIN_VIA_HELPER,6,6,1,0,1
PAPER_1413,PRIMITIVE_PURE,1,0,1,0,1
PAPER_1414,IN_CHAIN_VIA_HELPER,3,8,1,0,1
PAPER_1415,IN_CHAIN_VIA_HELPER,1,5,1,0,0
PAPER_1416,IN_CHAIN_VIA_HELPER,1,7,2,0,1
PAPER_1417,IN_CHAIN_VIA_HELPER,2,5,1,0,1
PAPER_1418,IN_CHAIN_VIA_HELPER,0,7,2,0,0
PAPER_1419,IN_CHAIN_VIA_HELPER,4,8,1,0,0
PAPER_142,IN_CHAIN_VIA_HELPER,0,43,1,1,1
PAPER_1420,IN_CHAIN_VIA_HELPER,0,6,3,0,1
PAPER_1421,IN_CHAIN_VIA_HELPER,1,7,1,0,1
PAPER_1422,IN_CHAIN_VIA_HELPER,7,3,1,0,0
PAPER_1423,IN_CHAIN_VIA_HELPER,3,3,1,0,0
PAPER_1424,IN_CHAIN_VIA_HELPER,3,1,1,0,0
PAPER_1425,IN_CHAIN_VIA_HELPER,2,8,1,0,0
PAPER_1426,IN_CHAIN_VIA_HELPER,2,8,1,0,0
PAPER_1427,IN_CHAIN_VIA_HELPER,4,4,1,0,0
PAPER_1428,IN_CHAIN_VIA_HELPER,3,4,1,0,1
PAPER_1429,IN_CHAIN_VIA_HELPER,3,1,1,0,0
PAPER_143,IN_CHAIN_VIA_HELPER,15,49,1,1,1
PAPER_1430,IN_CHAIN_VIA_HELPER,3,1,1,0,0
PAPER_1431,IN_CHAIN_VIA_HELPER,3,7,1,0,0
PAPER_1432,IN_CHAIN_VIA_HELPER,4,1,1,0,1
PAPER_1433,IN_CHAIN_VIA_HELPER,1,7,1,0,1
PAPER_1434,IN_CHAIN_VIA_HELPER,7,3,1,0,1
PAPER_1435,IN_CHAIN_VIA_HELPER,1,5,2,0,0
PAPER_1436,IN_CHAIN_VIA_HELPER,1,4,2,0,1
PAPER_1437,IN_CHAIN_VIA_HELPER,1,5,2,0,1
PAPER_1438,IN_CHAIN_VIA_HELPER,0,0,2,0,1
PAPER_1439,IN_CHAIN_VIA_HELPER,0,2,1,0,1
PAPER_144,IN_CHAIN_VIA_HELPER,4,26,1,1,1
PAPER_1440,IN_CHAIN_VIA_HELPER,2,7,1,0,0
PAPER_1441,IN_CHAIN_VIA_HELPER,5,2,1,0,1
PAPER_1442,PRIMITIVE_PURE,2,0,1,0,1
PAPER_1443,PRIMITIVE_PURE,1,0,1,0,1
PAPER_1444,IN_CHAIN_VIA_HELPER,0,0,1,0,1
PAPER_1445,IN_CHAIN_VIA_HELPER,2,4,1,0,1
PAPER_1446,PRIMITIVE_PURE,1,0,1,0,1
PAPER_1447,IN_CHAIN_VIA_HELPER,2,4,2,0,1
PAPER_1448,IN_CHAIN_VIA_HELPER,2,1,1,0,0
PAPER_1449,IN_CHAIN_VIA_HELPER,3,4,1,0,1
PAPER_145,IN_CHAIN_VIA_HELPER,4,34,1,1,1
PAPER_1450,IN_CHAIN_VIA_HELPER,4,1,1,0,0
PAPER_1451,IN_CHAIN_VIA_HELPER,0,1,1,0,1
PAPER_1452,IN_CHAIN_VIA_HELPER,0,5,1,0,1
PAPER_1453,PRIMITIVE_PURE,3,0,1,0,1
PAPER_1454,IN_CHAIN_VIA_HELPER,0,2,1,0,1
PAPER_1455,IN_CHAIN_VIA_HELPER,0,3,2,0,1
PAPER_1456,IN_CHAIN_VIA_HELPER,1,10,1,0,1
PAPER_1457,IN_CHAIN_VIA_HELPER,3,6,1,0,1
PAPER_1458,PRIMITIVE_PURE,2,0,2,0,1
PAPER_1459,IN_CHAIN_VIA_HELPER,1,9,1,0,1
PAPER_146,IN_CHAIN_VIA_HELPER,0,18,1,1,1
PAPER_1460,PRIMITIVE_PURE,2,0,1,0,1
PAPER_1461,IN_CHAIN_VIA_HELPER,0,10,2,0,1
PAPER_1462,PRIMITIVE_PURE,2,0,1,0,1
PAPER_1463,IN_CHAIN_VIA_HELPER,0,7,2,0,0
PAPER_1464,IN_CHAIN_VIA_HELPER,0,7,2,0,1
PAPER_1465,IN_CHAIN_VIA_HELPER,2,3,2,0,1
PAPER_1466,PRIMITIVE_PURE,1,0,2,0,1
PAPER_1467,IN_CHAIN_VIA_HELPER,0,0,1,0,1
PAPER_1468,IN_CHAIN_VIA_HELPER,0,0,1,0,1
PAPER_1469,IN_CHAIN_VIA_HELPER,0,0,1,0,1
PAPER_147,IN_CHAIN_VIA_HELPER,0,43,1,1,1
PAPER_1470,PRIMITIVE_PURE,2,0,1,0,1
PAPER_1471,IN_CHAIN_VIA_HELPER,4,1,1,0,1
PAPER_1472,IN_CHAIN_VIA_HELPER,3,1,1,0,1
PAPER_1473,PRIMITIVE_PURE,1,0,1,0,1
PAPER_1474,PRIMITIVE_PURE,3,0,1,0,1
PAPER_1475,IN_CHAIN_VIA_HELPER,0,6,1,0,1
PAPER_1476,IN_CHAIN_VIA_HELPER,1,7,1,0,1
PAPER_1477,IN_CHAIN_VIA_HELPER,1,7,1,0,1
PAPER_1478,IN_CHAIN_VIA_HELPER,3,1,1,0,1
PAPER_1479,IN_CHAIN_VIA_HELPER,3,1,1,0,1
PAPER_148,IN_CHAIN_VIA_HELPER,0,50,1,1,1
PAPER_1480,IN_CHAIN_VIA_HELPER,7,1,1,0,1
PAPER_1481,PRIMITIVE_PURE,5,0,1,0,1
PAPER_1482,PRIMITIVE_PURE,2,0,1,0,1
PAPER_1483,IN_CHAIN_VIA_HELPER,4,1,1,0,1
PAPER_1484,IN_CHAIN_VIA_HELPER,1,1,2,0,1
PAPER_1485,IN_CHAIN_VIA_HELPER,2,1,1,0,1
PAPER_1486,IN_CHAIN_VIA_HELPER,5,2,1,0,1
PAPER_1487,IN_CHAIN_VIA_HELPER,0,6,1,0,1
PAPER_1488,IN_CHAIN_VIA_HELPER,0,1,1,0,0
PAPER_1489,PRIMITIVE_PURE,2,0,1,0,1
PAPER_149,IN_CHAIN_VIA_HELPER,0,50,1,1,1
PAPER_1490,IN_CHAIN_VIA_HELPER,0,3,1,0,0
PAPER_1491,PRIMITIVE_PURE,5,0,1,0,1
PAPER_1492,IN_CHAIN_VIA_HELPER,6,1,1,0,1
PAPER_1493,IN_CHAIN_VIA_HELPER,0,2,1,0,0
PAPER_1494,IN_CHAIN_VIA_HELPER,3,2,1,0,1
PAPER_1495,PRIMITIVE_PURE,1,0,1,0,1
PAPER_1496,PRIMITIVE_PURE,1,0,1,0,1
PAPER_1497,IN_CHAIN_VIA_HELPER,1,1,1,0,1
PAPER_1498,IN_CHAIN_VIA_HELPER,3,1,1,0,1
PAPER_1499,PRIMITIVE_PURE,1,0,1,0,1
PAPER_150,IN_CHAIN_VIA_HELPER,0,44,1,1,1
PAPER_1500,PRIMITIVE_PURE,3,0,1,0,1
PAPER_1501,PRIMITIVE_PURE,4,0,1,0,1
PAPER_1502,PRIMITIVE_PURE,2,0,1,0,1
PAPER_1503,IN_CHAIN_VIA_HELPER,1,1,1,0,1
PAPER_1504,IN_CHAIN_VIA_HELPER,3,3,1,0,1
PAPER_1505,IN_CHAIN_VIA_HELPER,2,7,1,0,1
PAPER_1506,IN_CHAIN_VIA_HELPER,1,4,1,0,1
PAPER_1507,IN_CHAIN_VIA_HELPER,3,1,1,0,1
PAPER_1508,PRIMITIVE_PURE,1,0,1,0,1
PAPER_1509,PRIMITIVE_PURE,3,0,1,0,1
PAPER_151,IN_CHAIN_VIA_HELPER,0,45,1,1,1
PAPER_1510,IN_CHAIN_VIA_HELPER,3,9,1,0,1
PAPER_1511,IN_CHAIN_VIA_HELPER,0,0,1,0,0
PAPER_1512,IN_CHAIN_VIA_HELPER,1,2,1,0,1
PAPER_1513,PRIMITIVE_PURE,2,0,1,0,1
PAPER_1514,PRIMITIVE_PURE,6,0,1,0,0
PAPER_1515,IN_CHAIN_VIA_HELPER,5,4,1,0,0
PAPER_1516,IN_CHAIN_VIA_HELPER,0,2,2,0,0
PAPER_1517,IN_CHAIN_VIA_HELPER,12,6,1,0,0
PAPER_1518,IN_CHAIN_VIA_HELPER,2,1,1,0,1
PAPER_1519,PRIMITIVE_PURE,1,0,1,0,1
PAPER_152,IN_CHAIN_VIA_HELPER,0,40,1,1,1
PAPER_1520,PRIMITIVE_PURE,2,0,1,0,1
PAPER_1521,PRIMITIVE_PURE,7,0,1,0,1
PAPER_1522,IN_CHAIN_VIA_HELPER,3,2,1,0,1
PAPER_1523,IN_CHAIN_VIA_HELPER,6,7,1,0,0
PAPER_1524,PRIMITIVE_PURE,1,0,1,0,1
PAPER_1525,IN_CHAIN_VIA_HELPER,0,2,2,0,0
PAPER_1526,IN_CHAIN_VIA_HELPER,0,2,2,0,0
PAPER_1527,IN_CHAIN_VIA_HELPER,0,2,2,0,1
PAPER_1528,IN_CHAIN_VIA_HELPER,4,7,1,0,1
PAPER_1529,IN_CHAIN_VIA_HELPER,0,4,2,0,0
PAPER_153,IN_CHAIN_VIA_HELPER,0,41,1,1,1
PAPER_1530,IN_CHAIN_VIA_HELPER,0,4,2,0,0
PAPER_1531,IN_CHAIN_VIA_HELPER,1,4,2,0,0
PAPER_1532,IN_CHAIN_VIA_HELPER,0,0,2,0,1
PAPER_1533,PRIMITIVE_PURE,1,0,2,0,1
PAPER_1534,PRIMITIVE_PURE,1,0,2,0,1
PAPER_1535,IN_CHAIN_VIA_HELPER,0,0,2,0,1
PAPER_1536,PRIMITIVE_PURE,1,0,2,0,1
PAPER_1537,PRIMITIVE_PURE,2,0,2,0,1
PAPER_1538,PRIMITIVE_PURE,1,0,2,0,1
PAPER_1539,PRIMITIVE_PURE,1,0,2,0,1
PAPER_154,IN_CHAIN_VIA_HELPER,11,32,1,1,1
PAPER_1540,IN_CHAIN_VIA_HELPER,0,0,2,0,1
PAPER_1541,PRIMITIVE_PURE,1,0,2,0,1
PAPER_1542,IN_CHAIN_VIA_HELPER,0,0,2,0,1
PAPER_1543,IN_CHAIN_VIA_HELPER,0,0,2,0,1
PAPER_1544,IN_CHAIN_VIA_HELPER,9,6,1,0,1
PAPER_1545,IN_CHAIN_VIA_HELPER,3,1,2,0,1
PAPER_1546,IN_CHAIN_VIA_HELPER,7,8,1,0,1
PAPER_1547,IN_CHAIN_VIA_HELPER,20,6,1,0,0
PAPER_1548,IN_CHAIN_VIA_HELPER,6,5,2,0,0
PAPER_1549,IN_CHAIN_VIA_HELPER,7,5,2,0,0
PAPER_155,IN_CHAIN_VIA_HELPER,0,42,1,0,1
PAPER_1550,IN_CHAIN_VIA_HELPER,2,5,2,0,0
PAPER_1551,PRIMITIVE_PURE,1,0,1,0,1
PAPER_1552,IN_CHAIN_VIA_HELPER,12,2,1,0,1
PAPER_1553,IN_CHAIN_VIA_HELPER,16,7,1,0,1
PAPER_1554,IN_CHAIN_VIA_HELPER,18,6,1,0,1
PAPER_1555,IN_CHAIN_VIA_HELPER,16,6,1,0,0
PAPER_1556,IN_CHAIN_VIA_HELPER,25,6,1,0,0
PAPER_1557,IN_CHAIN_VIA_HELPER,14,6,1,0,1
PAPER_1558,IN_CHAIN_VIA_HELPER,18,6,1,0,0
PAPER_1559,IN_CHAIN_VIA_HELPER,13,6,1,0,0
PAPER_156,IN_CHAIN_VIA_HELPER,4,39,1,1,1
PAPER_1560,IN_CHAIN_VIA_HELPER,18,4,1,0,0
PAPER_1561,IN_CHAIN_VIA_HELPER,7,8,1,0,0
PAPER_1562,IN_CHAIN_VIA_HELPER,10,4,1,0,0
PAPER_1563,IN_CHAIN_VIA_HELPER,11,4,1,0,0
PAPER_1564,IN_CHAIN_VIA_HELPER,11,5,1,0,0
PAPER_1565,IN_CHAIN_VIA_HELPER,9,6,1,0,0
PAPER_1566,IN_CHAIN_VIA_HELPER,10,6,1,0,0
PAPER_1567,IN_CHAIN_VIA_HELPER,10,6,1,0,1
PAPER_1568,PRIMITIVE_PURE,7,0,1,0,1
PAPER_1569,IN_CHAIN_VIA_HELPER,3,1,1,0,1
PAPER_157,IN_CHAIN_VIA_HELPER,6,46,1,1,1
PAPER_1570,IN_CHAIN_VIA_HELPER,5,1,1,0,1
PAPER_1571,PRIMITIVE_PURE,6,0,1,0,1
PAPER_1572,IN_CHAIN_VIA_HELPER,4,1,1,0,1
PAPER_1573,PRIMITIVE_PURE,4,0,1,0,1
PAPER_1574,PRIMITIVE_PURE,3,0,1,0,1
PAPER_1575,IN_CHAIN_VIA_HELPER,9,1,1,0,1
PAPER_1576,PRIMITIVE_PURE,2,0,1,0,1
PAPER_1577,PRIMITIVE_PURE,2,0,1,0,1
PAPER_1578,PRIMITIVE_PURE,12,0,1,0,1
PAPER_1579,IN_CHAIN_VIA_HELPER,12,2,1,0,1
PAPER_158,IN_CHAIN_VIA_HELPER,1,40,1,1,1
PAPER_1580,IN_CHAIN_VIA_HELPER,12,1,1,0,1
PAPER_1581,PRIMITIVE_PURE,7,0,1,0,1
PAPER_1582,PRIMITIVE_PURE,4,0,1,0,1
PAPER_1583,PRIMITIVE_PURE,6,0,1,0,1
PAPER_1584,IN_CHAIN_VIA_HELPER,13,2,1,0,1
PAPER_1585,IN_CHAIN_VIA_HELPER,9,2,1,0,1
PAPER_1586,IN_CHAIN_VIA_HELPER,8,6,1,0,0
PAPER_1587,IN_CHAIN_VIA_HELPER,6,8,1,0,1
PAPER_1588,IN_CHAIN_VIA_HELPER,7,6,1,0,0
PAPER_1589,IN_CHAIN_VIA_HELPER,9,6,1,0,0
PAPER_159,IN_CHAIN_VIA_HELPER,7,21,1,1,1
PAPER_1590,IN_CHAIN_VIA_HELPER,13,6,1,0,1
PAPER_1591,IN_CHAIN_VIA_HELPER,12,6,1,0,0
PAPER_1592,IN_CHAIN_VIA_HELPER,11,6,1,0,0
PAPER_1593,IN_CHAIN_VIA_HELPER,9,8,1,0,1
PAPER_1594,IN_CHAIN_VIA_HELPER,11,7,1,0,0
PAPER_1595,IN_CHAIN_VIA_HELPER,12,6,1,0,0
PAPER_1596,IN_CHAIN_VIA_HELPER,14,9,1,0,0
PAPER_1597,IN_CHAIN_VIA_HELPER,8,8,1,0,1
PAPER_1598,IN_CHAIN_VIA_HELPER,6,9,1,0,1
PAPER_1599,IN_CHAIN_VIA_HELPER,8,2,1,0,1
PAPER_160,IN_CHAIN_VIA_HELPER,1,34,1,1,1
PAPER_1600,IN_CHAIN_VIA_HELPER,8,2,1,0,1
PAPER_1601,PRIMITIVE_PURE,4,0,1,0,1
PAPER_1602,IN_CHAIN_VIA_HELPER,8,6,1,0,1
PAPER_1603,IN_CHAIN_VIA_HELPER,12,7,1,0,0
PAPER_1604,IN_CHAIN_VIA_HELPER,8,2,1,0,1
PAPER_1605,IN_CHAIN_VIA_HELPER,9,2,1,0,1
PAPER_1606,IN_CHAIN_VIA_HELPER,18,6,1,0,0
PAPER_1607,IN_CHAIN_VIA_HELPER,21,7,1,0,0
PAPER_1608,IN_CHAIN_VIA_HELPER,9,6,1,0,0
PAPER_1609,IN_CHAIN_VIA_HELPER,5,7,1,0,0
PAPER_161,IN_CHAIN_VIA_HELPER,0,31,1,1,1
PAPER_1610,IN_CHAIN_VIA_HELPER,4,7,1,0,1
PAPER_1611,IN_CHAIN_VIA_HELPER,4,12,1,0,0
PAPER_1612,IN_CHAIN_VIA_HELPER,7,6,1,0,0
PAPER_1613,IN_CHAIN_VIA_HELPER,8,6,1,0,0
PAPER_1614,IN_CHAIN_VIA_HELPER,8,6,1,0,0
PAPER_1615,IN_CHAIN_VIA_HELPER,8,6,1,0,1
PAPER_1616,IN_CHAIN_VIA_HELPER,13,7,1,0,0
PAPER_1617,IN_CHAIN_VIA_HELPER,9,10,1,0,1
PAPER_1618,IN_CHAIN_VIA_HELPER,10,9,1,0,1
PAPER_1619,IN_CHAIN_VIA_HELPER,16,9,1,0,1
PAPER_162,IN_CHAIN_VIA_HELPER,1,58,1,1,1
PAPER_1620,IN_CHAIN_VIA_HELPER,13,7,1,0,0
PAPER_1621,IN_CHAIN_VIA_HELPER,6,6,1,0,0
PAPER_1622,IN_CHAIN_VIA_HELPER,17,2,1,0,1
PAPER_1623,IN_CHAIN_VIA_HELPER,12,6,1,0,0
PAPER_1624,IN_CHAIN_VIA_HELPER,10,6,1,0,0
PAPER_1625,IN_CHAIN_VIA_HELPER,10,6,1,0,0
PAPER_1626,IN_CHAIN_VIA_HELPER,5,8,1,0,1
PAPER_1627,IN_CHAIN_VIA_HELPER,4,9,1,0,1
PAPER_1628,IN_CHAIN_VIA_HELPER,12,7,1,0,1
PAPER_1629,IN_CHAIN_VIA_HELPER,11,7,1,0,1
PAPER_163,IN_CHAIN_VIA_HELPER,6,39,1,1,1
PAPER_1630,IN_CHAIN_VIA_HELPER,6,1,1,0,1
PAPER_1631,IN_CHAIN_VIA_HELPER,6,7,1,0,1
PAPER_1632,PRIMITIVE_PURE,2,0,1,0,1
PAPER_1633,IN_CHAIN_VIA_HELPER,10,8,1,0,0
PAPER_1634,IN_CHAIN_VIA_HELPER,10,6,1,0,0
PAPER_1635,IN_CHAIN_VIA_HELPER,4,8,1,0,0
PAPER_1636,IN_CHAIN_VIA_HELPER,5,1,1,0,1
PAPER_1637,IN_CHAIN_VIA_HELPER,3,6,1,0,1
PAPER_1638,PRIMITIVE_PURE,1,0,1,0,1
PAPER_1639,IN_CHAIN_VIA_HELPER,1,3,1,0,1
PAPER_164,IN_CHAIN_VIA_HELPER,0,42,1,1,1
PAPER_1640,IN_CHAIN_VIA_HELPER,0,2,1,0,1
PAPER_1641,IN_CHAIN_VIA_HELPER,0,3,1,0,1
PAPER_1642,IN_CHAIN_VIA_HELPER,0,0,1,0,1
PAPER_1643,IN_CHAIN_VIA_HELPER,1,2,1,0,1
PAPER_1644,PRIMITIVE_PURE,1,0,1,0,0
PAPER_1645,IN_CHAIN_VIA_HELPER,1,9,1,0,1
PAPER_1646,IN_CHAIN_VIA_HELPER,1,7,1,0,1
PAPER_1647,IN_CHAIN_VIA_HELPER,7,10,1,0,1
PAPER_1648,IN_CHAIN_VIA_HELPER,4,7,1,0,0
PAPER_1649,IN_CHAIN_VIA_HELPER,1,1,1,0,1
PAPER_165,IN_CHAIN_VIA_HELPER,3,45,1,1,1
PAPER_1650,PRIMITIVE_PURE,4,0,1,0,1
PAPER_1651,PRIMITIVE_PURE,1,0,1,0,1
PAPER_1652,PRIMITIVE_PURE,2,0,1,0,1
PAPER_1653,IN_CHAIN_VIA_HELPER,2,6,1,0,0
PAPER_1654,PRIMITIVE_PURE,1,0,1,0,1
PAPER_1655,PRIMITIVE_PURE,2,0,1,0,1
PAPER_1656,IN_CHAIN_VIA_HELPER,1,8,1,0,1
PAPER_1657,PRIMITIVE_PURE,1,0,1,0,1
PAPER_1658,PRIMITIVE_PURE,1,0,1,0,1
PAPER_1659,IN_CHAIN_VIA_HELPER,2,11,1,0,1
PAPER_166,IN_CHAIN_VIA_HELPER,0,39,1,1,1
PAPER_1660,PRIMITIVE_PURE,1,0,1,0,1
PAPER_1661,PRIMITIVE_PURE,2,0,1,0,1
PAPER_1662,PRIMITIVE_PURE,2,0,1,0,1
PAPER_1663,IN_CHAIN_VIA_HELPER,1,5,1,0,1
PAPER_1664,IN_CHAIN_VIA_HELPER,2,6,1,0,0
PAPER_1665,IN_CHAIN_VIA_HELPER,3,5,1,0,0
PAPER_1666,IN_CHAIN_VIA_HELPER,0,1,1,0,1
PAPER_1667,PRIMITIVE_PURE,1,0,1,0,1
PAPER_1668,PRIMITIVE_PURE,3,0,1,0,1
PAPER_1669,IN_CHAIN_VIA_HELPER,2,9,1,0,1
PAPER_167,IN_CHAIN_VIA_HELPER,0,44,1,1,1
PAPER_1670,IN_CHAIN_VIA_HELPER,2,7,1,0,0
PAPER_1671,IN_CHAIN_VIA_HELPER,1,4,1,0,1
PAPER_1672,IN_CHAIN_VIA_HELPER,1,3,1,0,1
PAPER_1673,IN_CHAIN_VIA_HELPER,0,8,1,0,1
PAPER_1674,IN_CHAIN_VIA_HELPER,0,2,1,0,1
PAPER_1675,IN_CHAIN_VIA_HELPER,0,5,1,0,1
PAPER_1676,IN_CHAIN_VIA_HELPER,1,10,1,0,1
PAPER_1677,PRIMITIVE_PURE,2,0,1,0,1
PAPER_1678,IN_CHAIN_VIA_HELPER,1,1,1,0,1
PAPER_1679,PRIMITIVE_PURE,3,0,1,0,1
PAPER_168,IN_CHAIN_VIA_HELPER,2,17,1,1,1
PAPER_1680,PRIMITIVE_PURE,2,0,1,0,1
PAPER_1681,IN_CHAIN_VIA_HELPER,3,1,1,0,1
PAPER_1682,IN_CHAIN_VIA_HELPER,0,4,1,0,1
PAPER_1683,IN_CHAIN_VIA_HELPER,1,2,1,0,1
PAPER_1684,IN_CHAIN_VIA_HELPER,0,0,1,0,1
PAPER_1685,IN_CHAIN_VIA_HELPER,0,0,1,0,1
PAPER_1686,PRIMITIVE_PURE,6,0,1,0,1
PAPER_1687,IN_CHAIN_VIA_HELPER,0,2,1,0,0
PAPER_1688,IN_CHAIN_VIA_HELPER,4,7,1,0,0
PAPER_1689,PRIMITIVE_PURE,1,0,1,0,1
PAPER_169,IN_CHAIN_VIA_HELPER,3,22,1,1,1
PAPER_1690,PRIMITIVE_PURE,1,0,1,0,1
PAPER_1691,IN_CHAIN_VIA_HELPER,0,0,1,0,1
PAPER_1692,IN_CHAIN_VIA_HELPER,0,0,1,0,1
PAPER_1693,IN_CHAIN_VIA_HELPER,0,0,1,0,1
PAPER_1694,IN_CHAIN_VIA_HELPER,0,2,1,0,1
PAPER_1695,IN_CHAIN_VIA_HELPER,2,1,1,0,1
PAPER_1696,IN_CHAIN_VIA_HELPER,3,6,1,0,1
PAPER_1697,IN_CHAIN_VIA_HELPER,3,10,1,0,1
PAPER_1698,IN_CHAIN_VIA_HELPER,0,10,1,0,1
PAPER_1699,IN_CHAIN_VIA_HELPER,2,2,1,0,1
PAPER_170,IN_CHAIN_VIA_HELPER,1,31,1,1,1
PAPER_1700,IN_CHAIN_VIA_HELPER,1,1,1,0,1
PAPER_1701,PRIMITIVE_PURE,1,0,1,0,1
PAPER_1702,IN_CHAIN_VIA_HELPER,0,1,1,0,1
PAPER_1703,IN_CHAIN_VIA_HELPER,0,1,1,0,1
PAPER_1704,IN_CHAIN_VIA_HELPER,2,2,1,0,1
PAPER_1705,PRIMITIVE_PURE,2,0,1,0,1
PAPER_1706,IN_CHAIN_VIA_HELPER,3,2,1,0,1
PAPER_1707,PRIMITIVE_PURE,11,0,1,0,1
PAPER_1708,PRIMITIVE_PURE,5,0,1,0,1
PAPER_1709,PRIMITIVE_PURE,2,0,1,0,1
PAPER_171,IN_CHAIN_VIA_HELPER,2,30,1,1,1
PAPER_1710,PRIMITIVE_PURE,3,0,1,0,1
PAPER_1711,IN_CHAIN_VIA_HELPER,14,6,1,0,0
PAPER_1712,IN_CHAIN_VIA_HELPER,10,6,1,0,0
PAPER_1713,IN_CHAIN_VIA_HELPER,14,6,1,0,0
PAPER_1714,IN_CHAIN_VIA_HELPER,7,7,1,0,0
PAPER_1715,IN_CHAIN_VIA_HELPER,10,6,1,0,0
PAPER_1716,IN_CHAIN_VIA_HELPER,2,7,1,0,1
PAPER_1717,PRIMITIVE_PURE,1,0,1,0,1
PAPER_1718,PRIMITIVE_PURE,4,0,1,0,1
PAPER_1719,PRIMITIVE_PURE,2,0,1,0,1
PAPER_172,IN_CHAIN_VIA_HELPER,4,28,1,1,1
PAPER_1720,IN_CHAIN_VIA_HELPER,4,1,1,0,1
PAPER_1721,PRIMITIVE_PURE,2,0,1,0,1
PAPER_1722,PRIMITIVE_PURE,1,0,1,0,1
PAPER_1723,IN_CHAIN_VIA_HELPER,1,3,1,0,1
PAPER_1724,IN_CHAIN_VIA_HELPER,0,2,1,0,1
PAPER_1725,IN_CHAIN_VIA_HELPER,0,4,1,0,1
PAPER_1726,IN_CHAIN_VIA_HELPER,4,10,1,0,1
PAPER_1727,IN_CHAIN_VIA_HELPER,3,2,1,0,1
PAPER_1728,PRIMITIVE_PURE,2,0,1,0,1
PAPER_1729,PRIMITIVE_PURE,4,0,1,0,1
PAPER_173,IN_CHAIN_VIA_HELPER,4,48,1,1,1
PAPER_1730,IN_CHAIN_VIA_HELPER,1,3,1,0,1
PAPER_1731,PRIMITIVE_PURE,1,0,1,0,1
PAPER_1732,PRIMITIVE_PURE,2,0,1,0,1
PAPER_1733,IN_CHAIN_VIA_HELPER,1,1,1,0,1
PAPER_1734,PRIMITIVE_PURE,2,0,1,0,1
PAPER_1735,IN_CHAIN_VIA_HELPER,4,9,1,0,1
PAPER_1736,IN_CHAIN_VIA_HELPER,2,7,1,0,1
PAPER_1737,IN_CHAIN_VIA_HELPER,2,1,1,0,1
PAPER_1738,PRIMITIVE_PURE,1,0,1,0,1
PAPER_1739,IN_CHAIN_VIA_HELPER,5,2,1,0,1
PAPER_174,IN_CHAIN_VIA_HELPER,3,50,1,1,1
PAPER_1740,IN_CHAIN_VIA_HELPER,3,6,1,0,1
PAPER_1741,PRIMITIVE_PURE,1,0,1,0,1
PAPER_1742,IN_CHAIN_VIA_HELPER,0,1,1,0,0
PAPER_1743,IN_CHAIN_VIA_HELPER,0,0,1,0,0
PAPER_1744,IN_CHAIN_VIA_HELPER,2,1,1,0,1
PAPER_1745,IN_CHAIN_VIA_HELPER,0,0,1,0,1
PAPER_1746,IN_CHAIN_VIA_HELPER,2,1,1,0,1
PAPER_1747,IN_CHAIN_VIA_HELPER,8,5,1,0,0
PAPER_1748,IN_CHAIN_VIA_HELPER,13,4,1,0,0
PAPER_1749,IN_CHAIN_VIA_HELPER,8,7,1,0,0
PAPER_175,IN_CHAIN_VIA_HELPER,2,28,1,1,1
PAPER_1750,IN_CHAIN_VIA_HELPER,8,7,1,0,0
PAPER_1751,IN_CHAIN_VIA_HELPER,14,4,1,0,0
PAPER_1752,IN_CHAIN_VIA_HELPER,0,3,1,0,1
PAPER_1753,IN_CHAIN_VIA_HELPER,1,1,1,0,1
PAPER_1754,PRIMITIVE_PURE,2,0,1,0,1
PAPER_1755,IN_CHAIN_VIA_HELPER,11,5,1,0,1
PAPER_1756,PRIMITIVE_PURE,1,0,1,0,1
PAPER_1757,PRIMITIVE_PURE,1,0,1,0,1
PAPER_1758,PRIMITIVE_PURE,2,0,1,0,1
PAPER_1759,IN_CHAIN_VIA_HELPER,3,6,1,0,0
PAPER_176,IN_CHAIN_VIA_HELPER,0,32,1,1,1
PAPER_1760,IN_CHAIN_VIA_HELPER,4,5,1,0,1
PAPER_1761,IN_CHAIN_VIA_HELPER,4,5,1,0,0
PAPER_1762,IN_CHAIN_VIA_HELPER,3,8,1,0,0
PAPER_1763,IN_CHAIN_VIA_HELPER,3,6,1,0,1
PAPER_1764,IN_CHAIN_VIA_HELPER,3,4,1,0,1
PAPER_1765,PRIMITIVE_PURE,1,0,1,0,1
PAPER_1766,IN_CHAIN_VIA_HELPER,3,1,1,0,1
PAPER_1767,IN_CHAIN_VIA_HELPER,3,7,1,0,1
PAPER_1768,IN_CHAIN_VIA_HELPER,0,2,1,0,1
PAPER_1769,IN_CHAIN_VIA_HELPER,2,2,1,0,1
PAPER_177,IN_CHAIN_VIA_HELPER,2,25,1,1,1
PAPER_1770,IN_CHAIN_VIA_HELPER,5,10,1,0,1
PAPER_1771,PRIMITIVE_PURE,1,0,1,0,1
PAPER_1772,IN_CHAIN_VIA_HELPER,0,5,1,0,1
PAPER_1773,IN_CHAIN_VIA_HELPER,2,3,1,0,1
PAPER_1774,IN_CHAIN_VIA_HELPER,1,2,1,0,1
PAPER_1775,IN_CHAIN_VIA_HELPER,3,1,1,0,1
PAPER_1776,PRIMITIVE_PURE,1,0,1,0,1
PAPER_1777,IN_CHAIN_VIA_HELPER,3,6,1,0,1
PAPER_1778,IN_CHAIN_VIA_HELPER,3,6,1,0,1
PAPER_1779,IN_CHAIN_VIA_HELPER,2,7,1,0,1
PAPER_178,IN_CHAIN_VIA_HELPER,2,5,1,1,1
PAPER_1780,IN_CHAIN_VIA_HELPER,1,5,1,0,1
PAPER_1781,IN_CHAIN_VIA_HELPER,0,1,1,0,1
PAPER_1782,PRIMITIVE_PURE,1,0,1,0,1
PAPER_1783,PRIMITIVE_PURE,2,0,1,0,1
PAPER_1784,PRIMITIVE_PURE,1,0,1,0,1
PAPER_1785,IN_CHAIN_VIA_HELPER,0,0,1,0,1
PAPER_1786,IN_CHAIN_VIA_HELPER,0,0,1,0,1
PAPER_1787,IN_CHAIN_VIA_HELPER,0,3,1,0,1
PAPER_1788,IN_CHAIN_VIA_HELPER,1,2,1,0,1
PAPER_1789,PRIMITIVE_PURE,1,0,1,0,1
PAPER_179,IN_CHAIN_VIA_HELPER,0,23,1,1,1
PAPER_1790,PRIMITIVE_PURE,3,0,1,0,1
PAPER_1791,IN_CHAIN_VIA_HELPER,0,3,1,0,1
PAPER_1792,IN_CHAIN_VIA_HELPER,1,4,1,0,0
PAPER_1793,PRIMITIVE_PURE,3,0,1,0,1
PAPER_1794,IN_CHAIN_VIA_HELPER,0,4,1,0,0
PAPER_1795,IN_CHAIN_VIA_HELPER,0,0,1,0,1
PAPER_180,IN_CHAIN_VIA_HELPER,4,28,1,1,1
PAPER_1800,IN_CHAIN_VIA_HELPER,23,11,1,0,0
PAPER_1801,IN_CHAIN_VIA_HELPER,0,6,1,0,0
PAPER_1802,IN_CHAIN_VIA_HELPER,1,2,1,0,1
PAPER_1803,IN_CHAIN_VIA_HELPER,3,16,1,0,0
PAPER_1804,IN_CHAIN_VIA_HELPER,3,4,1,0,1
PAPER_1805,IN_CHAIN_VIA_HELPER,1,4,1,0,1
PAPER_1806,IN_CHAIN_VIA_HELPER,3,2,1,0,1
PAPER_1807,IN_CHAIN_VIA_HELPER,6,6,1,0,0
PAPER_1808,IN_CHAIN_VIA_HELPER,0,1,1,0,0
PAPER_1809,IN_CHAIN_VIA_HELPER,2,1,1,0,0
PAPER_181,IN_CHAIN_VIA_HELPER,0,12,1,1,1
PAPER_1810,PRIMITIVE_PURE,1,0,1,0,1
PAPER_1811,IN_CHAIN_VIA_HELPER,0,3,1,0,0
PAPER_1812,IN_CHAIN_VIA_HELPER,0,1,1,0,0
PAPER_1813,IN_CHAIN_VIA_HELPER,0,18,1,0,0
PAPER_1814,IN_CHAIN_VIA_HELPER,6,5,1,0,1
PAPER_1815,IN_CHAIN_VIA_HELPER,2,10,1,0,1
PAPER_1816,IN_CHAIN_VIA_HELPER,4,11,1,0,1
PAPER_1817,IN_CHAIN_VIA_HELPER,4,13,1,0,0
PAPER_1818,IN_CHAIN_VIA_HELPER,5,8,1,0,1
PAPER_1819,IN_CHAIN_VIA_HELPER,17,9,1,0,0
PAPER_182,IN_CHAIN_VIA_HELPER,3,55,1,1,1
PAPER_1820,IN_CHAIN_VIA_HELPER,0,20,1,0,1
PAPER_1821,IN_CHAIN_VIA_HELPER,3,12,1,0,1
PAPER_1822,IN_CHAIN_VIA_HELPER,1,10,1,0,1
PAPER_1823,IN_CHAIN_VIA_HELPER,4,3,1,0,0
PAPER_1824,IN_CHAIN_VIA_HELPER,6,7,1,0,1
PAPER_1825,IN_CHAIN_VIA_HELPER,7,11,1,0,1
PAPER_1826,IN_CHAIN_VIA_HELPER,6,12,1,0,1
PAPER_1827,IN_CHAIN_VIA_HELPER,2,9,1,0,1
PAPER_1828,IN_CHAIN_VIA_HELPER,0,6,1,0,1
PAPER_1829,IN_CHAIN_VIA_HELPER,0,10,1,0,1
PAPER_183,IN_CHAIN_VIA_HELPER,0,41,1,1,1
PAPER_1830,IN_CHAIN_VIA_HELPER,1,7,1,0,1
PAPER_1831,IN_CHAIN_VIA_HELPER,0,10,1,0,1
PAPER_1832,IN_CHAIN_VIA_HELPER,4,11,1,0,1
PAPER_1833,IN_CHAIN_VIA_HELPER,6,2,1,0,1
PAPER_1834,IN_CHAIN_VIA_HELPER,8,5,1,0,1
PAPER_1835,IN_CHAIN_VIA_HELPER,4,3,1,0,1
PAPER_1836,IN_CHAIN_VIA_HELPER,8,12,1,0,1
PAPER_1837,IN_CHAIN_VIA_HELPER,1,9,1,0,0
PAPER_1838,IN_CHAIN_VIA_HELPER,7,6,1,0,0
PAPER_1839,IN_CHAIN_VIA_HELPER,3,8,1,0,1
PAPER_184,IN_CHAIN_VIA_HELPER,0,34,1,1,1
PAPER_1840,IN_CHAIN_VIA_HELPER,0,6,1,0,1
PAPER_1841,IN_CHAIN_VIA_HELPER,4,11,1,0,0
PAPER_1842,IN_CHAIN_VIA_HELPER,4,8,1,0,1
PAPER_1843,IN_CHAIN_VIA_HELPER,5,4,1,0,1
PAPER_1844,IN_CHAIN_VIA_HELPER,4,1,1,0,0
PAPER_1845,IN_CHAIN_VIA_HELPER,9,11,1,0,1
PAPER_1846,IN_CHAIN_VIA_HELPER,6,5,1,0,0
PAPER_1847,IN_CHAIN_VIA_HELPER,1,4,1,0,1
PAPER_1848,IN_CHAIN_VIA_HELPER,3,5,1,0,0
PAPER_1849,IN_CHAIN_VIA_HELPER,2,6,1,0,0
PAPER_185,IN_CHAIN_VIA_HELPER,1,12,1,1,1
PAPER_1850,IN_CHAIN_VIA_HELPER,8,9,1,0,1
PAPER_1851,IN_CHAIN_VIA_HELPER,4,4,1,0,0
PAPER_1852,IN_CHAIN_VIA_HELPER,4,3,1,0,0
PAPER_1853,IN_CHAIN_VIA_HELPER,15,8,1,0,1
PAPER_1854,IN_CHAIN_VIA_HELPER,5,9,1,0,1
PAPER_1855,IN_CHAIN_VIA_HELPER,3,7,1,0,1
PAPER_1856,IN_CHAIN_VIA_HELPER,13,5,1,0,0
PAPER_1857,IN_CHAIN_VIA_HELPER,2,8,1,0,1
PAPER_1858,IN_CHAIN_VIA_HELPER,9,8,1,0,0
PAPER_1859,IN_CHAIN_VIA_HELPER,7,8,1,0,1
PAPER_186,IN_CHAIN_VIA_HELPER,0,29,1,1,1
PAPER_1860,IN_CHAIN_VIA_HELPER,6,5,1,0,1
PAPER_1861,IN_CHAIN_VIA_HELPER,3,6,1,0,1
PAPER_1862,IN_CHAIN_VIA_HELPER,10,2,1,0,1
PAPER_1863,IN_CHAIN_VIA_HELPER,8,7,1,0,0
PAPER_1864,IN_CHAIN_VIA_HELPER,2,10,1,0,1
PAPER_1865,IN_CHAIN_VIA_HELPER,9,5,1,0,1
PAPER_1866,IN_CHAIN_VIA_HELPER,7,7,1,0,1
PAPER_1867,IN_CHAIN_VIA_HELPER,5,9,1,0,1
PAPER_1868,IN_CHAIN_VIA_HELPER,5,7,1,0,1
PAPER_1869,IN_CHAIN_VIA_HELPER,3,3,1,0,1
PAPER_187,IN_CHAIN_VIA_HELPER,7,29,1,1,1
PAPER_1870,IN_CHAIN_VIA_HELPER,10,9,1,0,0
PAPER_1871,IN_CHAIN_VIA_HELPER,6,8,1,0,0
PAPER_1872,IN_CHAIN_VIA_HELPER,1,9,1,0,1
PAPER_1873,IN_CHAIN_VIA_HELPER,1,4,1,0,1
PAPER_1874,IN_CHAIN_VIA_HELPER,18,10,1,0,1
PAPER_1875,IN_CHAIN_VIA_HELPER,10,8,1,0,0
PAPER_1876,IN_CHAIN_VIA_HELPER,9,8,1,0,1
PAPER_1877,IN_CHAIN_VIA_HELPER,13,9,1,0,1
PAPER_1878,IN_CHAIN_VIA_HELPER,10,7,1,0,1
PAPER_1879,IN_CHAIN_VIA_HELPER,6,6,1,0,1
PAPER_188,IN_CHAIN_VIA_HELPER,0,21,1,1,1
PAPER_1880,IN_CHAIN_VIA_HELPER,0,0,1,0,1
PAPER_1881,IN_CHAIN_VIA_HELPER,28,8,1,0,1
PAPER_1882,IN_CHAIN_VIA_HELPER,16,10,1,0,1
PAPER_1883,IN_CHAIN_VIA_HELPER,15,17,1,0,1
PAPER_1884,IN_CHAIN_VIA_HELPER,20,18,1,0,1
PAPER_1885,IN_CHAIN_VIA_HELPER,12,1,1,0,1
PAPER_1886,IN_CHAIN_VIA_HELPER,26,7,1,0,1
PAPER_1887,IN_CHAIN_VIA_HELPER,16,7,1,0,1
PAPER_1888,IN_CHAIN_VIA_HELPER,18,12,1,0,1
PAPER_1889,IN_CHAIN_VIA_HELPER,7,7,1,0,1
PAPER_189,IN_CHAIN_VIA_HELPER,0,4,1,1,1
PAPER_1890,IN_CHAIN_VIA_HELPER,9,24,1,0,1
PAPER_1891,IN_CHAIN_VIA_HELPER,18,16,1,0,1
PAPER_1892,IN_CHAIN_VIA_HELPER,40,5,1,0,1
PAPER_1893,IN_CHAIN_VIA_HELPER,5,19,1,0,0
PAPER_1894,IN_CHAIN_VIA_HELPER,3,9,1,0,1
PAPER_1895,IN_CHAIN_VIA_HELPER,4,10,1,0,1
PAPER_1896,IN_CHAIN_VIA_HELPER,5,7,1,0,1
PAPER_1897,IN_CHAIN_VIA_HELPER,4,7,1,0,1
PAPER_1898,IN_CHAIN_VIA_HELPER,10,3,1,0,1
PAPER_1899,IN_CHAIN_VIA_HELPER,13,7,1,0,1
PAPER_190,IN_CHAIN_VIA_HELPER,0,3,1,1,1
PAPER_1900,IN_CHAIN_VIA_HELPER,11,9,1,0,1
PAPER_1901,IN_CHAIN_VIA_HELPER,7,9,1,0,1
PAPER_1902,IN_CHAIN_VIA_HELPER,0,15,1,0,1
PAPER_1903,IN_CHAIN_VIA_HELPER,15,10,1,0,1
PAPER_1904,IN_CHAIN_VIA_HELPER,11,10,1,0,1
PAPER_1905,IN_CHAIN_VIA_HELPER,9,9,1,0,1
PAPER_1906,IN_CHAIN_VIA_HELPER,6,5,1,0,1
PAPER_1907,IN_CHAIN_VIA_HELPER,2,7,1,0,0
PAPER_1908,IN_CHAIN_VIA_HELPER,3,5,1,0,1
PAPER_1909,IN_CHAIN_VIA_HELPER,3,2,1,0,1
PAPER_191,IN_CHAIN_VIA_HELPER,0,3,1,1,1
PAPER_1910,IN_CHAIN_VIA_HELPER,7,7,1,0,1
PAPER_1911,IN_CHAIN_VIA_HELPER,18,4,1,0,1
PAPER_1912,IN_CHAIN_VIA_HELPER,7,1,1,0,1
PAPER_1913,IN_CHAIN_VIA_HELPER,10,1,1,0,1
PAPER_1914,IN_CHAIN_VIA_HELPER,4,2,1,0,1
PAPER_1915,IN_CHAIN_VIA_HELPER,2,1,1,0,1
PAPER_1916,IN_CHAIN_VIA_HELPER,10,3,1,0,1
PAPER_1917,PRIMITIVE_PURE,8,0,1,0,1
PAPER_1918,IN_CHAIN_VIA_HELPER,6,4,1,0,1
PAPER_1919,IN_CHAIN_VIA_HELPER,2,1,1,0,1
PAPER_192,IN_CHAIN_VIA_HELPER,0,4,1,1,1
PAPER_1920,IN_CHAIN_VIA_HELPER,7,1,1,0,1
PAPER_1921,IN_CHAIN_VIA_HELPER,3,1,1,0,1
PAPER_1922,PRIMITIVE_PURE,9,0,1,0,1
PAPER_1923,PRIMITIVE_PURE,8,0,1,0,1
PAPER_1924,IN_CHAIN_VIA_HELPER,1,9,1,0,1
PAPER_1925,IN_CHAIN_VIA_HELPER,4,1,1,0,1
PAPER_1926,IN_CHAIN_VIA_HELPER,6,9,1,0,1
PAPER_1927,PRIMITIVE_PURE,6,0,1,0,1
PAPER_1928,PRIMITIVE_PURE,6,0,1,0,1
PAPER_1929,PRIMITIVE_PURE,3,0,1,0,1
PAPER_193,IN_CHAIN_VIA_HELPER,0,9,1,1,1
PAPER_1930,IN_CHAIN_VIA_HELPER,6,1,1,0,1
PAPER_1931,PRIMITIVE_PURE,6,0,1,0,1
PAPER_1932,IN_CHAIN_VIA_HELPER,0,1,1,0,1
PAPER_1933,IN_CHAIN_VIA_HELPER,0,0,1,0,0
PAPER_1934,IN_CHAIN_VIA_HELPER,2,10,1,0,1
PAPER_1935,IN_CHAIN_VIA_HELPER,11,1,1,0,1
PAPER_1936,PRIMITIVE_PURE,2,0,1,0,1
PAPER_1937,IN_CHAIN_VIA_HELPER,2,8,1,0,1
PAPER_1938,IN_CHAIN_VIA_HELPER,2,3,1,0,1
PAPER_1939,IN_CHAIN_VIA_HELPER,2,1,1,0,1
PAPER_194,IN_CHAIN_VIA_HELPER,0,3,1,1,1
PAPER_1940,PRIMITIVE_PURE,1,0,1,0,1
PAPER_1941,PRIMITIVE_PURE,5,0,1,0,1
PAPER_1942,PRIMITIVE_PURE,3,0,1,0,1
PAPER_1943,IN_CHAIN_VIA_HELPER,0,2,1,0,1
PAPER_1944,IN_CHAIN_VIA_HELPER,4,7,1,0,1
PAPER_1945,IN_CHAIN_VIA_HELPER,4,10,1,0,1
PAPER_1946,IN_CHAIN_VIA_HELPER,11,4,1,0,1
PAPER_1947,IN_CHAIN_VIA_HELPER,11,7,2,0,1
PAPER_1948,PRIMITIVE_PURE,7,0,1,0,1
PAPER_1949,IN_CHAIN_VIA_HELPER,4,1,1,0,0
PAPER_195,IN_CHAIN_VIA_HELPER,0,13,1,1,1
PAPER_1950,IN_CHAIN_VIA_HELPER,3,11,1,0,1
PAPER_1951,IN_CHAIN_VIA_HELPER,2,3,1,0,1
PAPER_1952,IN_CHAIN_VIA_HELPER,5,1,1,0,1
PAPER_1953,PRIMITIVE_PURE,3,0,1,0,1
PAPER_1954,IN_CHAIN_VIA_HELPER,3,2,1,0,1
PAPER_1955,IN_CHAIN_VIA_HELPER,16,1,1,0,0
PAPER_1956,IN_CHAIN_VIA_HELPER,3,7,1,0,1
PAPER_1957,IN_CHAIN_VIA_HELPER,5,2,1,0,1
PAPER_1958,IN_CHAIN_VIA_HELPER,1,1,1,0,1
PAPER_1959,IN_CHAIN_VIA_HELPER,7,9,1,0,1
PAPER_196,IN_CHAIN_VIA_HELPER,1,25,1,1,1
PAPER_1960,PRIMITIVE_PURE,12,0,1,0,1
PAPER_1961,IN_CHAIN_VIA_HELPER,3,3,1,0,0
PAPER_1962,IN_CHAIN_VIA_HELPER,7,2,1,0,1
PAPER_1963,IN_CHAIN_VIA_HELPER,7,1,1,0,1
PAPER_1964,IN_CHAIN_VIA_HELPER,4,1,1,0,1
PAPER_1965,IN_CHAIN_VIA_HELPER,6,3,1,0,1
PAPER_1966,IN_CHAIN_VIA_HELPER,6,5,1,0,1
PAPER_1967,IN_CHAIN_VIA_HELPER,2,6,1,0,1
PAPER_1968,IN_CHAIN_VIA_HELPER,0,6,1,0,1
PAPER_1969,IN_CHAIN_VIA_HELPER,5,1,1,0,1
PAPER_197,IN_CHAIN_VIA_HELPER,0,10,1,1,1
PAPER_1970,PRIMITIVE_PURE,3,0,1,0,1
PAPER_1971,IN_CHAIN_VIA_HELPER,7,1,1,0,1
PAPER_1972,IN_CHAIN_VIA_HELPER,4,4,1,0,1
PAPER_1973,IN_CHAIN_VIA_HELPER,0,4,1,0,0
PAPER_1974,IN_CHAIN_VIA_HELPER,3,1,1,0,1
PAPER_1975,IN_CHAIN_VIA_HELPER,2,12,1,0,1
PAPER_1976,IN_CHAIN_VIA_HELPER,4,2,1,0,1
PAPER_1977,IN_CHAIN_VIA_HELPER,4,1,1,0,1
PAPER_1978,PRIMITIVE_PURE,8,0,1,0,1
PAPER_1979,PRIMITIVE_PURE,3,0,1,0,1
PAPER_198,IN_CHAIN_VIA_HELPER,0,25,1,1,1
PAPER_1980,IN_CHAIN_VIA_HELPER,6,1,1,0,1
PAPER_1981,IN_CHAIN_VIA_HELPER,2,1,1,0,0
PAPER_1982,IN_CHAIN_VIA_HELPER,5,1,1,0,1
PAPER_1983,IN_CHAIN_VIA_HELPER,5,1,1,0,1
PAPER_1984,IN_CHAIN_VIA_HELPER,8,2,1,0,0
PAPER_1985,IN_CHAIN_VIA_HELPER,9,4,1,0,1
PAPER_1986,IN_CHAIN_VIA_HELPER,2,2,1,0,1
PAPER_1987,IN_CHAIN_VIA_HELPER,2,4,1,0,1
PAPER_1988,PRIMITIVE_PURE,2,0,1,0,1
PAPER_1989,IN_CHAIN_VIA_HELPER,8,4,1,0,1
PAPER_199,IN_CHAIN_VIA_HELPER,0,20,1,1,1
PAPER_1990,PRIMITIVE_PURE,7,0,1,0,1
PAPER_1991,IN_CHAIN_VIA_HELPER,9,2,1,0,1
PAPER_1992,IN_CHAIN_VIA_HELPER,2,8,1,0,1
PAPER_1993,IN_CHAIN_VIA_HELPER,1,3,1,0,1
PAPER_1994,IN_CHAIN_VIA_HELPER,7,2,1,0,0
PAPER_1995,IN_CHAIN_VIA_HELPER,5,2,1,0,1
PAPER_1996,IN_CHAIN_VIA_HELPER,2,3,1,0,0
PAPER_1997,PRIMITIVE_PURE,5,0,1,0,1
PAPER_1998,PRIMITIVE_PURE,1,0,1,0,1
PAPER_1999,IN_CHAIN_VIA_HELPER,0,2,1,0,0
PAPER_200,IN_CHAIN_VIA_HELPER,0,9,1,1,1
PAPER_2000,IN_CHAIN_VIA_HELPER,8,5,1,0,1
PAPER_2001,IN_CHAIN_VIA_HELPER,9,2,1,0,1
PAPER_2002,PRIMITIVE_PURE,10,0,1,0,1
PAPER_2003,IN_CHAIN_VIA_HELPER,6,2,1,0,1
PAPER_2004,IN_CHAIN_VIA_HELPER,1,3,1,0,1
PAPER_2005,IN_CHAIN_VIA_HELPER,12,2,1,0,1
PAPER_2006,IN_CHAIN_VIA_HELPER,9,3,1,0,1
PAPER_2007,IN_CHAIN_VIA_HELPER,9,2,1,0,1
PAPER_2008,PRIMITIVE_PURE,10,0,1,0,1
PAPER_2009,IN_CHAIN_VIA_HELPER,10,3,1,0,0
PAPER_201,IN_CHAIN_VIA_HELPER,0,24,1,1,1
PAPER_2010,IN_CHAIN_VIA_HELPER,19,3,1,0,1
PAPER_2011,IN_CHAIN_VIA_HELPER,15,3,1,0,1
PAPER_2012,PRIMITIVE_PURE,9,0,1,0,1
PAPER_2013,PRIMITIVE_PURE,9,0,1,0,0
PAPER_2014,PRIMITIVE_PURE,10,0,1,0,1
PAPER_2015,IN_CHAIN_VIA_HELPER,9,1,1,0,1
PAPER_2016,IN_CHAIN_VIA_HELPER,5,2,1,0,1
PAPER_2017,IN_CHAIN_VIA_HELPER,9,1,1,0,0
PAPER_2018,IN_CHAIN_VIA_HELPER,7,1,1,0,0
PAPER_2019,PRIMITIVE_PURE,11,0,1,0,0
PAPER_202,IN_CHAIN_VIA_HELPER,0,24,1,1,1
PAPER_2020,PRIMITIVE_PURE,4,0,1,0,0
PAPER_2021,IN_CHAIN_VIA_HELPER,14,1,1,0,0
PAPER_2022,PRIMITIVE_PURE,9,0,1,0,1
PAPER_2023,PRIMITIVE_PURE,6,0,1,0,0
PAPER_2024,IN_CHAIN_VIA_HELPER,7,2,1,0,1
PAPER_2025,IN_CHAIN_VIA_HELPER,7,1,1,0,1
PAPER_2026,IN_CHAIN_VIA_HELPER,4,2,1,0,1
PAPER_2027,IN_CHAIN_VIA_HELPER,4,1,1,0,1
PAPER_2028,IN_CHAIN_VIA_HELPER,3,1,1,0,1
PAPER_2029,PRIMITIVE_PURE,5,0,1,0,0
PAPER_203,IN_CHAIN_VIA_HELPER,0,23,1,1,1
PAPER_2030,PRIMITIVE_PURE,7,0,1,0,1
PAPER_2031,IN_CHAIN_VIA_HELPER,5,1,1,0,1
PAPER_2032,PRIMITIVE_PURE,7,0,1,0,1
PAPER_2033,PRIMITIVE_PURE,5,0,1,0,1
PAPER_2034,PRIMITIVE_PURE,3,0,1,0,0
PAPER_2035,IN_CHAIN_VIA_HELPER,7,1,1,0,1
PAPER_2036,IN_CHAIN_VIA_HELPER,3,1,1,0,1
PAPER_2037,IN_CHAIN_VIA_HELPER,7,2,1,0,1
PAPER_2038,PRIMITIVE_PURE,6,0,1,0,1
PAPER_2039,PRIMITIVE_PURE,3,0,1,0,0
PAPER_204,IN_CHAIN_VIA_HELPER,0,15,1,1,1
PAPER_2040,PRIMITIVE_PURE,10,0,2,0,1
PAPER_2041,PRIMITIVE_PURE,6,0,1,0,1
PAPER_2042,PRIMITIVE_PURE,6,0,1,0,1
PAPER_2043,PRIMITIVE_PURE,3,0,1,0,0
PAPER_2044,PRIMITIVE_PURE,4,0,1,0,0
PAPER_2045,IN_CHAIN_VIA_HELPER,3,1,1,0,1
PAPER_2046,PRIMITIVE_PURE,5,0,1,0,0
PAPER_2047,IN_CHAIN_VIA_HELPER,1,3,1,0,0
PAPER_2048,PRIMITIVE_PURE,10,0,1,0,1
PAPER_2049,IN_CHAIN_VIA_HELPER,3,1,1,0,1
PAPER_205,IN_CHAIN_VIA_HELPER,0,9,1,1,1
PAPER_2050,IN_CHAIN_VIA_HELPER,2,1,1,0,0
PAPER_2051,IN_CHAIN_VIA_HELPER,3,1,1,0,1
PAPER_2052,PRIMITIVE_PURE,3,0,1,0,1
PAPER_2053,IN_CHAIN_VIA_HELPER,10,2,1,0,1
PAPER_2054,IN_CHAIN_VIA_HELPER,6,1,1,0,1
PAPER_2055,PRIMITIVE_PURE,7,0,1,0,1
PAPER_2056,IN_CHAIN_VIA_HELPER,5,1,1,0,1
PAPER_2057,IN_CHAIN_VIA_HELPER,10,2,1,0,1
PAPER_2058,IN_CHAIN_VIA_HELPER,3,1,1,0,1
PAPER_2059,IN_CHAIN_VIA_HELPER,4,4,1,0,1
PAPER_206,IN_CHAIN_VIA_HELPER,0,19,1,1,1
PAPER_2060,IN_CHAIN_VIA_HELPER,7,1,1,0,1
PAPER_2061,IN_CHAIN_VIA_HELPER,7,1,1,0,1
PAPER_2062,IN_CHAIN_VIA_HELPER,9,1,1,0,1
PAPER_2063,IN_CHAIN_VIA_HELPER,0,4,1,0,1
PAPER_2064,IN_CHAIN_VIA_HELPER,3,1,1,0,0
PAPER_2065,IN_CHAIN_VIA_HELPER,6,1,1,0,0
PAPER_2066,IN_CHAIN_VIA_HELPER,2,1,1,0,1
PAPER_2067,PRIMITIVE_PURE,1,0,1,0,1
PAPER_2068,IN_CHAIN_VIA_HELPER,13,1,1,0,1
PAPER_2069,IN_CHAIN_VIA_HELPER,10,1,1,0,1
PAPER_207,IN_CHAIN_VIA_HELPER,0,22,1,1,1
PAPER_2070,IN_CHAIN_VIA_HELPER,9,2,1,0,1
PAPER_2071,IN_CHAIN_VIA_HELPER,8,4,1,0,1
PAPER_2072,IN_CHAIN_VIA_HELPER,6,1,1,0,1
PAPER_2073,IN_CHAIN_VIA_HELPER,0,1,1,0,1
PAPER_2074,PRIMITIVE_PURE,2,0,1,0,0
PAPER_2075,IN_CHAIN_VIA_HELPER,8,3,1,0,1
PAPER_2076,IN_CHAIN_VIA_HELPER,0,0,1,0,1
PAPER_2077,IN_CHAIN_VIA_HELPER,7,1,1,0,1
PAPER_2078,PRIMITIVE_PURE,4,0,1,0,1
PAPER_2079,IN_CHAIN_VIA_HELPER,11,1,1,0,1
PAPER_208,IN_CHAIN_VIA_HELPER,4,41,1,1,1
PAPER_2080,PRIMITIVE_PURE,5,0,1,0,1
PAPER_2081,IN_CHAIN_VIA_HELPER,13,2,1,0,1
PAPER_2082,IN_CHAIN_VIA_HELPER,7,1,1,0,1
PAPER_2083,IN_CHAIN_VIA_HELPER,12,2,1,0,1
PAPER_2084,IN_CHAIN_VIA_HELPER,13,1,1,0,1
PAPER_2085,IN_CHAIN_VIA_HELPER,16,2,1,0,1
PAPER_2086,IN_CHAIN_VIA_HELPER,13,4,1,0,1
PAPER_2087,IN_CHAIN_VIA_HELPER,11,1,1,0,0
PAPER_2088,IN_CHAIN_VIA_HELPER,20,2,1,0,1
PAPER_2089,IN_CHAIN_VIA_HELPER,18,5,1,0,0
PAPER_209,IN_CHAIN_VIA_HELPER,6,52,1,1,1
PAPER_2090,IN_CHAIN_VIA_HELPER,16,1,1,0,1
PAPER_2091,IN_CHAIN_VIA_HELPER,4,1,1,0,1
PAPER_2092,IN_CHAIN_VIA_HELPER,9,1,1,0,0
PAPER_2093,IN_CHAIN_VIA_HELPER,7,2,1,0,1
PAPER_2094,IN_CHAIN_VIA_HELPER,4,2,1,0,1
PAPER_2095,PRIMITIVE_PURE,3,0,1,0,0
PAPER_2096,IN_CHAIN_VIA_HELPER,3,1,1,0,0
PAPER_2097,PRIMITIVE_PURE,5,0,1,0,1
PAPER_2098,IN_CHAIN_VIA_HELPER,0,1,1,0,1
PAPER_2099,PRIMITIVE_PURE,2,0,1,0,1
PAPER_210,IN_CHAIN_VIA_HELPER,8,44,1,1,1
PAPER_2100,IN_CHAIN_VIA_HELPER,2,1,1,0,1
PAPER_2101,PRIMITIVE_PURE,1,0,1,0,0
PAPER_2102,PRIMITIVE_PURE,2,0,1,0,0
PAPER_2103,IN_CHAIN_VIA_HELPER,2,1,1,0,0
PAPER_2104,PRIMITIVE_PURE,5,0,1,0,0
PAPER_2105,PRIMITIVE_PURE,4,0,1,0,0
PAPER_2106,IN_CHAIN_VIA_HELPER,4,1,1,0,1
PAPER_2107,IN_CHAIN_VIA_HELPER,4,1,1,0,0
PAPER_2108,IN_CHAIN_VIA_HELPER,2,2,2,0,1
PAPER_2109,PRIMITIVE_PURE,4,0,1,0,1
PAPER_211,IN_CHAIN_VIA_HELPER,2,46,1,1,1
PAPER_2110,IN_CHAIN_VIA_HELPER,21,7,1,0,1
PAPER_2111,PRIMITIVE_PURE,2,0,1,0,0
PAPER_2112,IN_CHAIN_VIA_HELPER,4,2,1,0,1
PAPER_2113,IN_CHAIN_VIA_HELPER,2,1,1,0,0
PAPER_2114,PRIMITIVE_PURE,1,0,1,0,0
PAPER_2115,IN_CHAIN_VIA_HELPER,0,0,1,0,0
PAPER_2116,PRIMITIVE_PURE,7,0,1,0,0
PAPER_2117,IN_CHAIN_VIA_HELPER,13,1,2,0,0
PAPER_2118,IN_CHAIN_VIA_HELPER,0,1,1,0,0
PAPER_2119,PRIMITIVE_PURE,8,0,1,0,0
PAPER_212,IN_CHAIN_VIA_HELPER,2,59,1,1,1
PAPER_2120,PRIMITIVE_PURE,5,0,1,0,1
PAPER_2121,IN_CHAIN_VIA_HELPER,0,0,1,0,1
PAPER_2122,IN_CHAIN_VIA_HELPER,0,0,1,0,0
PAPER_2123,IN_CHAIN_VIA_HELPER,0,0,1,0,1
PAPER_2124,IN_CHAIN_VIA_HELPER,0,0,1,0,1
PAPER_2125,IN_CHAIN_VIA_HELPER,0,0,1,0,0
PAPER_2126,IN_CHAIN_VIA_HELPER,9,1,1,0,1
PAPER_2127,IN_CHAIN_VIA_HELPER,0,0,1,0,0
PAPER_2128,PRIMITIVE_PURE,10,0,1,0,1
PAPER_2129,IN_CHAIN_VIA_HELPER,2,4,1,0,1
PAPER_213,IN_CHAIN_VIA_HELPER,2,48,1,1,1
PAPER_2130,IN_CHAIN_VIA_HELPER,0,7,1,0,0
PAPER_2131,IN_CHAIN_VIA_HELPER,5,3,1,0,1
PAPER_2132,IN_CHAIN_VIA_HELPER,9,4,1,0,1
PAPER_2133,IN_CHAIN_VIA_HELPER,4,2,1,0,1
PAPER_2134,IN_CHAIN_VIA_HELPER,3,5,1,0,1
PAPER_2135,PRIMITIVE_PURE,1,0,1,0,1
PAPER_2136,IN_CHAIN_VIA_HELPER,8,3,1,0,1
PAPER_2137,IN_CHAIN_VIA_HELPER,6,5,1,0,0
PAPER_2138,PRIMITIVE_PURE,6,0,1,0,1
PAPER_2139,IN_CHAIN_VIA_HELPER,10,1,1,0,0
PAPER_214,IN_CHAIN_VIA_HELPER,2,40,1,1,1
PAPER_2140,IN_CHAIN_VIA_HELPER,0,1,1,0,1
PAPER_2141,IN_CHAIN_VIA_HELPER,1,2,1,0,1
PAPER_2142,PRIMITIVE_PURE,1,0,1,0,1
PAPER_2143,IN_CHAIN_VIA_HELPER,3,1,1,0,1
PAPER_2144,IN_CHAIN_VIA_HELPER,6,8,1,0,1
PAPER_2145,IN_CHAIN_VIA_HELPER,0,0,1,0,1
PAPER_2146,IN_CHAIN_VIA_HELPER,0,1,1,0,1
PAPER_2147,IN_CHAIN_VIA_HELPER,0,4,1,0,1
PAPER_2148,IN_CHAIN_VIA_HELPER,0,1,1,0,1
PAPER_2149,IN_CHAIN_VIA_HELPER,0,0,1,0,1
PAPER_215,IN_CHAIN_VIA_HELPER,6,49,1,1,1
PAPER_2150,PRIMITIVE_PURE,1,0,1,0,1
PAPER_2151,IN_CHAIN_VIA_HELPER,0,0,1,0,1
PAPER_2152,IN_CHAIN_VIA_HELPER,0,3,1,0,1
PAPER_2153,IN_CHAIN_VIA_HELPER,2,1,1,0,1
PAPER_2154,IN_CHAIN_VIA_HELPER,10,7,1,0,1
PAPER_2155,IN_CHAIN_VIA_HELPER,0,0,1,0,1
PAPER_2156,IN_CHAIN_VIA_HELPER,2,4,1,0,1
PAPER_2157,IN_CHAIN_VIA_HELPER,4,2,2,0,1
PAPER_2158,IN_CHAIN_VIA_HELPER,1,5,3,0,1
PAPER_2159,PRIMITIVE_PURE,3,0,4,0,1
PAPER_216,IN_CHAIN_VIA_HELPER,10,48,1,1,1
PAPER_2160,PRIMITIVE_PURE,12,0,1,0,1
PAPER_2161,IN_CHAIN_VIA_HELPER,8,12,1,0,1
PAPER_2162,IN_CHAIN_VIA_HELPER,7,9,1,0,0
PAPER_2163,IN_CHAIN_VIA_HELPER,3,1,1,0,0
PAPER_2164,PRIMITIVE_PURE,3,0,1,0,0
PAPER_2165,IN_CHAIN_VIA_HELPER,4,5,1,0,1
PAPER_2166,IN_CHAIN_VIA_HELPER,4,5,1,0,1
PAPER_2167,IN_CHAIN_VIA_HELPER,33,9,1,0,1
PAPER_2168,IN_CHAIN_VIA_HELPER,2,18,1,0,1
PAPER_2169,IN_CHAIN_VIA_HELPER,11,13,1,0,1
PAPER_217,IN_CHAIN_VIA_HELPER,2,40,1,1,1
PAPER_2170,IN_CHAIN_VIA_HELPER,0,12,1,0,1
PAPER_2171,IN_CHAIN_VIA_HELPER,0,0,1,0,1
PAPER_2172,IN_CHAIN_VIA_HELPER,7,9,1,0,1
PAPER_2173,IN_CHAIN_VIA_HELPER,15,22,1,0,1
PAPER_2174,IN_CHAIN_VIA_HELPER,4,5,1,0,1
PAPER_2175,IN_CHAIN_VIA_HELPER,1,7,1,0,0
PAPER_2176,IN_CHAIN_VIA_HELPER,10,5,1,0,1
PAPER_2177,IN_CHAIN_VIA_HELPER,1,19,1,0,1
PAPER_2178,IN_CHAIN_VIA_HELPER,9,3,1,0,1
PAPER_218,IN_CHAIN_VIA_HELPER,0,51,1,1,1
PAPER_219,IN_CHAIN_VIA_HELPER,0,42,1,1,1
PAPER_220,IN_CHAIN_VIA_HELPER,0,61,1,1,1
PAPER_221,IN_CHAIN_VIA_HELPER,0,45,1,1,1
PAPER_221b,IN_CHAIN_VIA_HELPER,1,1,1,0,0
PAPER_221c,IN_CHAIN_VIA_HELPER,1,1,1,0,0
PAPER_221d,IN_CHAIN_VIA_HELPER,5,2,1,0,0
PAPER_222,IN_CHAIN_VIA_HELPER,0,23,1,1,1
PAPER_223,IN_CHAIN_VIA_HELPER,0,36,1,1,1
PAPER_224,IN_CHAIN_VIA_HELPER,0,41,1,1,1
PAPER_225,IN_CHAIN_VIA_HELPER,1,42,1,1,1
PAPER_226,IN_CHAIN_VIA_HELPER,0,43,1,1,1
PAPER_227,IN_CHAIN_VIA_HELPER,0,33,1,1,1
PAPER_228,IN_CHAIN_VIA_HELPER,0,37,1,1,1
PAPER_229,IN_CHAIN_VIA_HELPER,0,24,1,1,1
PAPER_230,IN_CHAIN_VIA_HELPER,2,37,1,1,1
PAPER_231,IN_CHAIN_VIA_HELPER,2,43,1,1,1
PAPER_232,IN_CHAIN_VIA_HELPER,0,35,1,1,1
PAPER_233,IN_CHAIN_VIA_HELPER,0,53,1,1,1
PAPER_234,IN_CHAIN_VIA_HELPER,0,45,1,1,1
PAPER_235,IN_CHAIN_VIA_HELPER,2,37,1,1,1
PAPER_236,IN_CHAIN_VIA_HELPER,0,20,1,1,1
PAPER_237,IN_CHAIN_VIA_HELPER,1,24,1,1,1
PAPER_238,IN_CHAIN_VIA_HELPER,0,26,1,1,1
PAPER_239,IN_CHAIN_VIA_HELPER,0,49,1,1,1
PAPER_240,IN_CHAIN_VIA_HELPER,0,54,1,1,1
PAPER_241,IN_CHAIN_VIA_HELPER,0,42,1,1,1
PAPER_242,IN_CHAIN_VIA_HELPER,2,44,1,1,1
PAPER_243,IN_CHAIN_VIA_HELPER,2,34,1,1,1
PAPER_244,IN_CHAIN_VIA_HELPER,0,40,1,1,1
PAPER_245,IN_CHAIN_VIA_HELPER,0,29,1,1,1
PAPER_246,IN_CHAIN_VIA_HELPER,0,23,1,1,1
PAPER_247,IN_CHAIN_VIA_HELPER,2,26,1,1,1
PAPER_248,IN_CHAIN_VIA_HELPER,0,46,1,1,1
PAPER_249,IN_CHAIN_VIA_HELPER,0,22,1,1,1
PAPER_250,IN_CHAIN_VIA_HELPER,0,71,1,1,1
PAPER_251,IN_CHAIN_VIA_HELPER,0,66,1,1,1
PAPER_252,IN_CHAIN_VIA_HELPER,0,54,1,1,1
PAPER_253,IN_CHAIN_VIA_HELPER,0,84,1,1,1
PAPER_254,IN_CHAIN_VIA_HELPER,0,68,1,1,1
PAPER_255,IN_CHAIN_VIA_HELPER,0,53,1,1,1
PAPER_256,IN_CHAIN_VIA_HELPER,0,84,1,1,1
PAPER_257,IN_CHAIN_VIA_HELPER,0,74,1,1,1
PAPER_258,IN_CHAIN_VIA_HELPER,0,53,1,1,1
PAPER_259,IN_CHAIN_VIA_HELPER,4,40,1,1,1
PAPER_260,IN_CHAIN_VIA_HELPER,2,34,1,1,1
PAPER_261,IN_CHAIN_VIA_HELPER,2,54,1,1,1
PAPER_262,IN_CHAIN_VIA_HELPER,2,64,1,1,1
PAPER_263,IN_CHAIN_VIA_HELPER,0,9,1,1,1
PAPER_264,IN_CHAIN_VIA_HELPER,4,26,1,1,1
PAPER_265,IN_CHAIN_VIA_HELPER,2,31,1,1,1
PAPER_266,IN_CHAIN_VIA_HELPER,0,40,1,1,1
PAPER_267,IN_CHAIN_VIA_HELPER,2,52,1,1,1
PAPER_268,IN_CHAIN_VIA_HELPER,0,43,1,1,1
PAPER_269,IN_CHAIN_VIA_HELPER,0,41,1,1,1
PAPER_270,IN_CHAIN_VIA_HELPER,0,56,1,1,1
PAPER_271,IN_CHAIN_VIA_HELPER,0,42,1,1,1
PAPER_272,IN_CHAIN_VIA_HELPER,0,21,1,1,1
PAPER_273,IN_CHAIN_VIA_HELPER,0,44,1,1,1
PAPER_274,IN_CHAIN_VIA_HELPER,0,45,1,1,1
PAPER_275,IN_CHAIN_VIA_HELPER,0,51,1,1,1
PAPER_276,IN_CHAIN_VIA_HELPER,2,63,1,1,1
PAPER_277,IN_CHAIN_VIA_HELPER,0,18,1,0,0
PAPER_278,IN_CHAIN_VIA_HELPER,0,33,1,0,1
PAPER_279,IN_CHAIN_VIA_HELPER,0,31,1,0,0
PAPER_280,IN_CHAIN_VIA_HELPER,0,29,1,0,1
PAPER_281,IN_CHAIN_VIA_HELPER,0,11,1,0,1
PAPER_282,IN_CHAIN_VIA_HELPER,0,15,1,0,0
PAPER_283,IN_CHAIN_VIA_HELPER,2,27,1,0,0
PAPER_284,IN_CHAIN_VIA_HELPER,0,29,1,0,0
PAPER_285,IN_CHAIN_VIA_HELPER,0,24,1,0,0
PAPER_286,IN_CHAIN_VIA_HELPER,2,28,1,0,0
PAPER_287,IN_CHAIN_VIA_HELPER,2,23,1,0,0
PAPER_288,IN_CHAIN_VIA_HELPER,0,30,1,0,0
PAPER_289,IN_CHAIN_VIA_HELPER,6,31,1,0,1
PAPER_290,IN_CHAIN_VIA_HELPER,0,33,4,0,0
PAPER_291,IN_CHAIN_VIA_HELPER,0,29,1,0,0
PAPER_292,IN_CHAIN_VIA_HELPER,0,28,1,0,0
PAPER_293,IN_CHAIN_VIA_HELPER,0,16,1,0,1
PAPER_294,IN_CHAIN_VIA_HELPER,2,19,1,0,0
PAPER_295,IN_CHAIN_VIA_HELPER,0,21,1,0,1
PAPER_296,IN_CHAIN_VIA_HELPER,4,22,1,0,1
PAPER_297,IN_CHAIN_VIA_HELPER,2,23,1,0,1
PAPER_298,IN_CHAIN_VIA_HELPER,0,19,1,0,1
PAPER_299,IN_CHAIN_VIA_HELPER,0,17,1,0,1
PAPER_300,IN_CHAIN_VIA_HELPER,0,23,1,0,1
PAPER_301,IN_CHAIN_VIA_HELPER,0,23,1,0,1
PAPER_302,IN_CHAIN_VIA_HELPER,0,16,1,0,1
PAPER_303,IN_CHAIN_VIA_HELPER,6,20,1,0,1
PAPER_304,IN_CHAIN_VIA_HELPER,0,19,1,0,1
PAPER_305,IN_CHAIN_VIA_HELPER,0,27,1,0,1
PAPER_306,IN_CHAIN_VIA_HELPER,0,19,1,0,1
PAPER_307,IN_CHAIN_VIA_HELPER,0,21,1,0,1
PAPER_308,IN_CHAIN_VIA_HELPER,0,29,1,0,1
PAPER_309,IN_CHAIN_VIA_HELPER,0,49,1,0,1
PAPER_310,IN_CHAIN_VIA_HELPER,0,33,1,0,1
PAPER_311,IN_CHAIN_VIA_HELPER,0,24,1,0,1
PAPER_312,IN_CHAIN_VIA_HELPER,0,25,1,0,1
PAPER_313,IN_CHAIN_VIA_HELPER,0,23,1,0,1
PAPER_314,IN_CHAIN_VIA_HELPER,0,27,1,0,1
PAPER_315,IN_CHAIN_VIA_HELPER,4,29,1,0,1
PAPER_316,IN_CHAIN_VIA_HELPER,3,24,1,0,1
PAPER_317,IN_CHAIN_VIA_HELPER,0,27,1,0,1
PAPER_318,IN_CHAIN_VIA_HELPER,0,20,1,0,1
PAPER_319,IN_CHAIN_VIA_HELPER,0,23,1,0,1
PAPER_320,IN_CHAIN_VIA_HELPER,0,33,1,0,1
PAPER_321,IN_CHAIN_VIA_HELPER,1,12,1,0,1
PAPER_322,IN_CHAIN_VIA_HELPER,1,18,1,0,1
PAPER_323,IN_CHAIN_VIA_HELPER,4,16,1,0,1
PAPER_324,IN_CHAIN_VIA_HELPER,1,31,1,0,1
PAPER_325,IN_CHAIN_VIA_HELPER,4,11,1,0,1
PAPER_326,IN_CHAIN_VIA_HELPER,12,11,1,0,1
PAPER_327,IN_CHAIN_VIA_HELPER,3,73,1,0,1
PAPER_328,IN_CHAIN_VIA_HELPER,0,27,1,0,1
PAPER_329,IN_CHAIN_VIA_HELPER,0,0,1,0,0
PAPER_330,IN_CHAIN_VIA_HELPER,0,0,1,0,0
PAPER_331,IN_CHAIN_VIA_HELPER,0,0,1,0,0
PAPER_332,IN_CHAIN_VIA_HELPER,0,0,1,0,0
PAPER_333,IN_CHAIN_VIA_HELPER,0,0,1,0,0
PAPER_334,IN_CHAIN_VIA_HELPER,0,0,1,0,0
PAPER_335,IN_CHAIN_VIA_HELPER,0,0,1,0,0
PAPER_336,IN_CHAIN_VIA_HELPER,0,0,1,0,0
PAPER_337,IN_CHAIN_VIA_HELPER,0,0,1,0,0
PAPER_338,IN_CHAIN_VIA_HELPER,0,0,1,0,0
PAPER_339,IN_CHAIN_VIA_HELPER,0,0,1,0,0
PAPER_340,IN_CHAIN_VIA_HELPER,0,0,1,0,0
PAPER_341,IN_CHAIN_VIA_HELPER,0,0,1,0,0
PAPER_342,IN_CHAIN_VIA_HELPER,0,0,1,0,0
PAPER_343,IN_CHAIN_VIA_HELPER,0,0,1,0,0
PAPER_344,IN_CHAIN_VIA_HELPER,0,0,1,0,0
PAPER_345,IN_CHAIN_VIA_HELPER,0,0,1,0,0
PAPER_346,IN_CHAIN_VIA_HELPER,0,0,1,0,0
PAPER_347,IN_CHAIN_VIA_HELPER,0,0,1,0,0
PAPER_348,IN_CHAIN_VIA_HELPER,0,0,1,0,0
PAPER_349,IN_CHAIN_VIA_HELPER,0,0,1,0,0
PAPER_350,IN_CHAIN_VIA_HELPER,0,0,1,0,0
PAPER_351,IN_CHAIN_VIA_HELPER,0,0,1,0,0
PAPER_352,IN_CHAIN_VIA_HELPER,0,0,1,0,0
PAPER_353,IN_CHAIN_VIA_HELPER,0,0,1,0,0
PAPER_354,IN_CHAIN_VIA_HELPER,0,0,1,0,0
PAPER_355,IN_CHAIN_VIA_HELPER,0,0,1,0,0
PAPER_356,IN_CHAIN_VIA_HELPER,0,0,1,0,0
PAPER_357,IN_CHAIN_VIA_HELPER,0,0,1,0,0
PAPER_358,IN_CHAIN_VIA_HELPER,0,0,1,0,0
PAPER_359,IN_CHAIN_VIA_HELPER,0,0,1,0,0
PAPER_360,IN_CHAIN_VIA_HELPER,0,0,1,0,0
PAPER_361,IN_CHAIN_VIA_HELPER,0,0,1,0,0
PAPER_362,IN_CHAIN_VIA_HELPER,0,0,1,0,0
PAPER_363,IN_CHAIN_VIA_HELPER,0,0,1,0,0
PAPER_364,IN_CHAIN_VIA_HELPER,0,0,1,0,0
PAPER_365,IN_CHAIN_VIA_HELPER,0,0,1,0,0
PAPER_366,IN_CHAIN_VIA_HELPER,0,0,1,0,0
PAPER_367,IN_CHAIN_VIA_HELPER,0,0,1,0,0
PAPER_368,IN_CHAIN_VIA_HELPER,0,0,1,0,0
PAPER_369,IN_CHAIN_VIA_HELPER,0,0,1,0,0
PAPER_370,IN_CHAIN_VIA_HELPER,0,0,1,0,0
PAPER_371,IN_CHAIN_VIA_HELPER,0,0,1,0,0
PAPER_372,IN_CHAIN_VIA_HELPER,0,0,1,0,0
PAPER_373,IN_CHAIN_VIA_HELPER,0,0,1,0,0
PAPER_374,IN_CHAIN_VIA_HELPER,0,0,1,0,0
PAPER_375,IN_CHAIN_VIA_HELPER,0,0,1,0,0
PAPER_376,IN_CHAIN_VIA_HELPER,0,0,1,0,0
PAPER_376b,IN_CHAIN_VIA_HELPER,2,5,1,0,1
PAPER_377,IN_CHAIN_VIA_HELPER,0,0,1,0,0
PAPER_378,IN_CHAIN_VIA_HELPER,0,0,1,0,0
PAPER_379,IN_CHAIN_VIA_HELPER,0,0,1,0,0
PAPER_380,IN_CHAIN_VIA_HELPER,0,0,1,0,0
PAPER_381,IN_CHAIN_VIA_HELPER,0,0,1,0,0
PAPER_382,IN_CHAIN_VIA_HELPER,0,0,1,0,0
PAPER_383,IN_CHAIN_VIA_HELPER,0,0,1,0,0
PAPER_384,IN_CHAIN_VIA_HELPER,0,0,1,0,0
PAPER_385,IN_CHAIN_VIA_HELPER,0,0,1,0,0
PAPER_386,IN_CHAIN_VIA_HELPER,0,0,1,0,0
PAPER_387,IN_CHAIN_VIA_HELPER,0,0,1,0,0
PAPER_388,IN_CHAIN_VIA_HELPER,0,0,1,0,0
PAPER_389,IN_CHAIN_VIA_HELPER,0,0,1,0,0
PAPER_390,IN_CHAIN_VIA_HELPER,0,0,1,0,0
PAPER_391,IN_CHAIN_VIA_HELPER,0,0,1,0,0
PAPER_392,IN_CHAIN_VIA_HELPER,0,0,1,0,0
PAPER_393,IN_CHAIN_VIA_HELPER,0,0,1,0,0
PAPER_394,IN_CHAIN_VIA_HELPER,0,0,1,0,0
PAPER_395,IN_CHAIN_VIA_HELPER,0,0,1,0,0
PAPER_396,IN_CHAIN_VIA_HELPER,0,0,1,0,0
PAPER_397,IN_CHAIN_VIA_HELPER,0,0,1,0,0
PAPER_398,IN_CHAIN_VIA_HELPER,0,0,1,0,0
PAPER_399,IN_CHAIN_VIA_HELPER,0,0,1,0,0
PAPER_400,IN_CHAIN_VIA_HELPER,0,0,1,0,0
PAPER_401,IN_CHAIN_VIA_HELPER,0,0,1,0,0
PAPER_402,IN_CHAIN_VIA_HELPER,0,0,1,0,0
PAPER_403,IN_CHAIN_VIA_HELPER,0,0,1,0,0
PAPER_404,IN_CHAIN_VIA_HELPER,0,0,1,0,0
PAPER_405,IN_CHAIN_VIA_HELPER,0,0,1,0,0
PAPER_406,IN_CHAIN_VIA_HELPER,0,0,1,0,0
PAPER_407,IN_CHAIN_VIA_HELPER,0,0,1,0,0
PAPER_408,IN_CHAIN_VIA_HELPER,0,0,1,0,0
PAPER_409,IN_CHAIN_VIA_HELPER,0,0,1,0,0
PAPER_410,IN_CHAIN_VIA_HELPER,0,0,1,0,0
PAPER_411,IN_CHAIN_VIA_HELPER,0,0,1,0,0
PAPER_412,IN_CHAIN_VIA_HELPER,0,0,1,0,0
PAPER_413,IN_CHAIN_VIA_HELPER,0,0,1,0,0
PAPER_414,IN_CHAIN_VIA_HELPER,0,0,1,0,0
PAPER_415,IN_CHAIN_VIA_HELPER,0,0,1,0,0
PAPER_416,IN_CHAIN_VIA_HELPER,0,0,1,0,0
PAPER_417,IN_CHAIN_VIA_HELPER,0,0,1,0,0
PAPER_418,IN_CHAIN_VIA_HELPER,0,0,1,0,0
PAPER_419,IN_CHAIN_VIA_HELPER,0,0,1,0,0
PAPER_420,IN_CHAIN_VIA_HELPER,0,0,1,0,0
PAPER_421,IN_CHAIN_VIA_HELPER,0,0,1,0,0
PAPER_422,IN_CHAIN_VIA_HELPER,0,0,1,0,0
PAPER_423,IN_CHAIN_VIA_HELPER,0,0,1,0,0
PAPER_424,IN_CHAIN_VIA_HELPER,0,0,1,0,0
PAPER_425,IN_CHAIN_VIA_HELPER,0,0,1,0,0
PAPER_426,IN_CHAIN_VIA_HELPER,0,0,1,0,0
PAPER_427,IN_CHAIN_VIA_HELPER,0,0,1,0,0
PAPER_428,IN_CHAIN_VIA_HELPER,0,0,1,0,0
PAPER_429,IN_CHAIN_VIA_HELPER,0,0,1,0,0
PAPER_430,IN_CHAIN_VIA_HELPER,0,0,1,0,0
PAPER_431,IN_CHAIN_VIA_HELPER,0,0,1,0,0
PAPER_432,IN_CHAIN_VIA_HELPER,0,0,1,0,0
PAPER_433,IN_CHAIN_VIA_HELPER,0,0,1,0,0
PAPER_434,IN_CHAIN_VIA_HELPER,0,0,1,0,0
PAPER_435,IN_CHAIN_VIA_HELPER,0,0,1,0,0
PAPER_436,IN_CHAIN_VIA_HELPER,0,0,1,0,0
PAPER_437,IN_CHAIN_VIA_HELPER,0,0,1,0,0
PAPER_438,IN_CHAIN_VIA_HELPER,0,0,1,0,0
PAPER_439,IN_CHAIN_VIA_HELPER,0,0,1,0,0
PAPER_440,IN_CHAIN_VIA_HELPER,0,0,1,0,0
PAPER_441,IN_CHAIN_VIA_HELPER,0,0,1,0,0
PAPER_442,IN_CHAIN_VIA_HELPER,0,0,1,0,0
PAPER_443,IN_CHAIN_VIA_HELPER,0,0,1,0,0
PAPER_444,IN_CHAIN_VIA_HELPER,0,0,1,0,0
PAPER_445,IN_CHAIN_VIA_HELPER,0,0,1,0,0
PAPER_446,IN_CHAIN_VIA_HELPER,0,0,1,0,0
PAPER_447,IN_CHAIN_VIA_HELPER,0,0,1,0,0
PAPER_448,IN_CHAIN_VIA_HELPER,0,0,1,0,0
PAPER_449,IN_CHAIN_VIA_HELPER,0,0,1,0,0
PAPER_450,IN_CHAIN_VIA_HELPER,0,0,1,0,0
PAPER_451,IN_CHAIN_VIA_HELPER,0,0,1,0,0
PAPER_452,IN_CHAIN_VIA_HELPER,0,0,1,0,0
PAPER_453,IN_CHAIN_VIA_HELPER,0,0,1,0,0
PAPER_454,IN_CHAIN_VIA_HELPER,0,0,1,0,0
PAPER_455,IN_CHAIN_VIA_HELPER,0,0,1,0,0
PAPER_456,IN_CHAIN_VIA_HELPER,0,0,1,0,0
PAPER_457,IN_CHAIN_VIA_HELPER,0,0,1,0,0
PAPER_458,IN_CHAIN_VIA_HELPER,0,0,1,0,0
PAPER_459,IN_CHAIN_VIA_HELPER,0,0,1,0,0
PAPER_460,IN_CHAIN_VIA_HELPER,0,0,1,0,0
PAPER_461,IN_CHAIN_VIA_HELPER,0,0,1,0,0
PAPER_462,IN_CHAIN_VIA_HELPER,0,0,1,0,0
PAPER_463,IN_CHAIN_VIA_HELPER,0,0,1,0,0
PAPER_464,IN_CHAIN_VIA_HELPER,0,0,1,0,0
PAPER_465,IN_CHAIN_VIA_HELPER,0,0,1,0,0
PAPER_466,IN_CHAIN_VIA_HELPER,0,0,1,0,0
PAPER_467,IN_CHAIN_VIA_HELPER,0,0,1,0,0
PAPER_468,IN_CHAIN_VIA_HELPER,0,0,1,0,0
PAPER_469,IN_CHAIN_VIA_HELPER,0,0,1,0,0
PAPER_470,IN_CHAIN_VIA_HELPER,0,0,1,0,0
PAPER_471,IN_CHAIN_VIA_HELPER,0,0,1,0,0
PAPER_472,IN_CHAIN_VIA_HELPER,0,0,1,0,0
PAPER_473,IN_CHAIN_VIA_HELPER,0,0,1,0,0
PAPER_474,IN_CHAIN_VIA_HELPER,0,0,1,0,0
PAPER_475,IN_CHAIN_VIA_HELPER,0,0,1,0,0
PAPER_476,IN_CHAIN_VIA_HELPER,0,0,1,0,0
PAPER_477,IN_CHAIN_VIA_HELPER,0,0,1,0,0
PAPER_478,IN_CHAIN_VIA_HELPER,0,0,1,0,0
PAPER_479,IN_CHAIN_VIA_HELPER,0,0,1,0,0
PAPER_480,IN_CHAIN_VIA_HELPER,0,0,1,0,0
PAPER_481,IN_CHAIN_VIA_HELPER,0,0,1,0,0
PAPER_482,IN_CHAIN_VIA_HELPER,0,0,1,0,0
PAPER_483,IN_CHAIN_VIA_HELPER,0,0,1,0,0
PAPER_484,IN_CHAIN_VIA_HELPER,0,0,1,0,0
PAPER_485,IN_CHAIN_VIA_HELPER,0,0,1,0,0
PAPER_486,IN_CHAIN_VIA_HELPER,0,0,1,0,0
PAPER_487,IN_CHAIN_VIA_HELPER,0,0,1,0,0
PAPER_488,IN_CHAIN_VIA_HELPER,0,0,1,0,0
PAPER_489,IN_CHAIN_VIA_HELPER,0,0,1,0,0
PAPER_490,IN_CHAIN_VIA_HELPER,0,0,1,0,0
PAPER_491,IN_CHAIN_VIA_HELPER,0,0,1,0,0
PAPER_492,IN_CHAIN_VIA_HELPER,0,0,1,0,0
PAPER_493,IN_CHAIN_VIA_HELPER,0,0,1,0,0
PAPER_494,IN_CHAIN_VIA_HELPER,0,0,1,0,0
PAPER_495,IN_CHAIN_VIA_HELPER,0,0,1,0,0
PAPER_496,IN_CHAIN_VIA_HELPER,0,0,1,0,0
PAPER_497,IN_CHAIN_VIA_HELPER,0,0,1,0,0
PAPER_498,IN_CHAIN_VIA_HELPER,0,0,1,0,0
PAPER_499,IN_CHAIN_VIA_HELPER,0,0,1,0,0
PAPER_500,IN_CHAIN_VIA_HELPER,0,0,1,0,0
PAPER_501,IN_CHAIN_VIA_HELPER,0,0,1,0,0
PAPER_502,IN_CHAIN_VIA_HELPER,0,0,1,0,0
PAPER_503,IN_CHAIN_VIA_HELPER,0,0,1,0,0
PAPER_504,IN_CHAIN_VIA_HELPER,0,0,1,0,0
PAPER_505,IN_CHAIN_VIA_HELPER,0,0,1,0,0
PAPER_506,IN_CHAIN_VIA_HELPER,0,0,1,0,0
PAPER_507,IN_CHAIN_VIA_HELPER,0,0,1,0,0
PAPER_508,IN_CHAIN_VIA_HELPER,0,0,1,0,0
PAPER_509,IN_CHAIN_VIA_HELPER,0,0,1,0,0
PAPER_510,IN_CHAIN_VIA_HELPER,0,0,1,0,0
PAPER_511,IN_CHAIN_VIA_HELPER,0,0,1,0,0
PAPER_512,IN_CHAIN_VIA_HELPER,0,0,1,0,0
PAPER_513,IN_CHAIN_VIA_HELPER,0,0,1,0,0
PAPER_514,IN_CHAIN_VIA_HELPER,0,0,1,0,0
PAPER_515,IN_CHAIN_VIA_HELPER,0,0,1,0,0
PAPER_516,IN_CHAIN_VIA_HELPER,0,0,1,0,0
PAPER_517,IN_CHAIN_VIA_HELPER,0,0,1,0,0
PAPER_518,IN_CHAIN_VIA_HELPER,0,0,1,0,0
PAPER_519,IN_CHAIN_VIA_HELPER,0,0,1,0,0
PAPER_520,IN_CHAIN_VIA_HELPER,0,0,1,0,0
PAPER_521,IN_CHAIN_VIA_HELPER,0,0,1,0,0
PAPER_522,IN_CHAIN_VIA_HELPER,0,0,1,0,0
PAPER_523,IN_CHAIN_VIA_HELPER,0,0,1,0,0
PAPER_524,IN_CHAIN_VIA_HELPER,0,0,1,0,0
PAPER_525,IN_CHAIN_VIA_HELPER,0,0,1,0,0
PAPER_526,IN_CHAIN_VIA_HELPER,0,0,1,0,0
PAPER_527,IN_CHAIN_VIA_HELPER,0,0,1,0,0
PAPER_528,IN_CHAIN_VIA_HELPER,0,0,1,0,0
PAPER_529,IN_CHAIN_VIA_HELPER,0,0,1,0,0
PAPER_530,IN_CHAIN_VIA_HELPER,0,0,1,0,0
PAPER_531,IN_CHAIN_VIA_HELPER,0,0,1,0,0
PAPER_532,IN_CHAIN_VIA_HELPER,0,0,1,0,0
PAPER_533,IN_CHAIN_VIA_HELPER,0,0,1,0,0
PAPER_534,IN_CHAIN_VIA_HELPER,0,0,1,0,0
PAPER_535,IN_CHAIN_VIA_HELPER,0,0,1,0,0
PAPER_536,IN_CHAIN_VIA_HELPER,0,0,1,0,0
PAPER_537,IN_CHAIN_VIA_HELPER,0,0,1,0,0
PAPER_538,IN_CHAIN_VIA_HELPER,0,0,1,0,0
PAPER_539,IN_CHAIN_VIA_HELPER,0,0,1,0,0
PAPER_540,IN_CHAIN_VIA_HELPER,0,0,1,0,0
PAPER_541,IN_CHAIN_VIA_HELPER,0,0,1,0,0
PAPER_542,IN_CHAIN_VIA_HELPER,0,0,1,0,0
PAPER_543,IN_CHAIN_VIA_HELPER,0,0,1,0,0
PAPER_544,IN_CHAIN_VIA_HELPER,0,0,1,0,0
PAPER_545,IN_CHAIN_VIA_HELPER,0,0,1,0,0
PAPER_546,IN_CHAIN_VIA_HELPER,0,0,1,0,0
PAPER_547,IN_CHAIN_VIA_HELPER,0,0,1,0,0
PAPER_548,IN_CHAIN_VIA_HELPER,0,0,1,0,0
PAPER_549,IN_CHAIN_VIA_HELPER,0,0,1,0,0
PAPER_550,IN_CHAIN_VIA_HELPER,0,0,1,0,0
PAPER_551,IN_CHAIN_VIA_HELPER,0,0,1,0,0
PAPER_552,IN_CHAIN_VIA_HELPER,0,0,1,0,0
PAPER_553,IN_CHAIN_VIA_HELPER,0,0,1,0,0
PAPER_554,IN_CHAIN_VIA_HELPER,0,0,1,0,0
PAPER_555,IN_CHAIN_VIA_HELPER,0,0,1,0,0
PAPER_556,IN_CHAIN_VIA_HELPER,0,0,1,0,0
PAPER_557,IN_CHAIN_VIA_HELPER,0,0,1,0,0
PAPER_558,IN_CHAIN_VIA_HELPER,0,0,1,0,0
PAPER_559,IN_CHAIN_VIA_HELPER,0,0,1,0,0
PAPER_560,IN_CHAIN_VIA_HELPER,0,0,1,0,0
PAPER_561,IN_CHAIN_VIA_HELPER,0,0,1,0,0
PAPER_562,IN_CHAIN_VIA_HELPER,0,0,1,0,0
PAPER_563,IN_CHAIN_VIA_HELPER,0,0,1,0,0
PAPER_564,IN_CHAIN_VIA_HELPER,0,0,1,0,0
PAPER_565,IN_CHAIN_VIA_HELPER,0,0,1,0,0
PAPER_566,IN_CHAIN_VIA_HELPER,0,0,1,0,0
PAPER_567,IN_CHAIN_VIA_HELPER,0,0,1,0,0
PAPER_568,IN_CHAIN_VIA_HELPER,0,0,1,0,0
PAPER_569,IN_CHAIN_VIA_HELPER,0,0,1,0,0
PAPER_570,IN_CHAIN_VIA_HELPER,0,0,1,0,0
PAPER_571,IN_CHAIN_VIA_HELPER,0,0,1,0,0
PAPER_572,IN_CHAIN_VIA_HELPER,0,0,1,0,0
PAPER_573,IN_CHAIN_VIA_HELPER,0,0,1,0,0
PAPER_574,IN_CHAIN_VIA_HELPER,0,0,1,0,0
PAPER_575,IN_CHAIN_VIA_HELPER,0,0,1,0,0
PAPER_576,IN_CHAIN_VIA_HELPER,0,0,1,0,0
PAPER_577,IN_CHAIN_VIA_HELPER,0,0,1,0,0
PAPER_578,IN_CHAIN_VIA_HELPER,0,0,1,0,0
PAPER_579,IN_CHAIN_VIA_HELPER,0,0,1,0,0
PAPER_580,IN_CHAIN_VIA_HELPER,0,0,1,0,0
PAPER_581,IN_CHAIN_VIA_HELPER,0,0,1,0,0
PAPER_582,IN_CHAIN_VIA_HELPER,0,0,1,0,0
PAPER_583,IN_CHAIN_VIA_HELPER,0,0,1,0,0
PAPER_584,IN_CHAIN_VIA_HELPER,0,0,1,0,0
PAPER_585,IN_CHAIN_VIA_HELPER,0,0,1,0,0
PAPER_586,IN_CHAIN_VIA_HELPER,0,0,1,0,0
PAPER_587,IN_CHAIN_VIA_HELPER,0,0,1,0,0
PAPER_588,IN_CHAIN_VIA_HELPER,0,0,1,0,0
PAPER_589,IN_CHAIN_VIA_HELPER,0,0,1,0,0
PAPER_590,IN_CHAIN_VIA_HELPER,0,0,1,0,0
PAPER_591,IN_CHAIN_VIA_HELPER,0,0,1,0,0
PAPER_592,IN_CHAIN_VIA_HELPER,0,0,1,0,0
PAPER_593,IN_CHAIN_VIA_HELPER,0,0,1,0,0
PAPER_594,IN_CHAIN_VIA_HELPER,0,0,1,0,0
PAPER_595,IN_CHAIN_VIA_HELPER,0,0,1,0,0
PAPER_596,IN_CHAIN_VIA_HELPER,0,0,1,0,0
PAPER_597,IN_CHAIN_VIA_HELPER,0,0,1,0,0
PAPER_598,IN_CHAIN_VIA_HELPER,0,0,1,0,0
PAPER_599,IN_CHAIN_VIA_HELPER,0,0,1,0,0
PAPER_600,IN_CHAIN_VIA_HELPER,0,0,1,0,0
PAPER_601,IN_CHAIN_VIA_HELPER,0,0,1,0,0
PAPER_602,IN_CHAIN_VIA_HELPER,0,0,1,0,0
PAPER_603,IN_CHAIN_VIA_HELPER,0,0,1,0,0
PAPER_604,IN_CHAIN_VIA_HELPER,0,0,1,0,0
PAPER_605,IN_CHAIN_VIA_HELPER,0,0,1,0,0
PAPER_606,IN_CHAIN_VIA_HELPER,0,0,1,0,0
PAPER_607,IN_CHAIN_VIA_HELPER,0,0,1,0,0
PAPER_608,IN_CHAIN_VIA_HELPER,0,0,1,0,0
PAPER_609,IN_CHAIN_VIA_HELPER,0,0,1,0,0
PAPER_610,IN_CHAIN_VIA_HELPER,0,0,1,0,0
PAPER_611,IN_CHAIN_VIA_HELPER,0,0,1,0,0
PAPER_612,IN_CHAIN_VIA_HELPER,0,0,1,0,0
PAPER_613,IN_CHAIN_VIA_HELPER,0,0,1,0,0
PAPER_614,IN_CHAIN_VIA_HELPER,0,0,1,0,0
PAPER_615,IN_CHAIN_VIA_HELPER,0,0,1,0,0
PAPER_616,IN_CHAIN_VIA_HELPER,0,0,1,0,0
PAPER_617,IN_CHAIN_VIA_HELPER,0,0,1,0,0
PAPER_618,IN_CHAIN_VIA_HELPER,0,0,1,0,0
PAPER_619,IN_CHAIN_VIA_HELPER,0,0,1,0,0
PAPER_620,IN_CHAIN_VIA_HELPER,0,0,1,0,0
PAPER_621,IN_CHAIN_VIA_HELPER,0,0,1,0,0
PAPER_622,IN_CHAIN_VIA_HELPER,0,0,1,0,0
PAPER_623,IN_CHAIN_VIA_HELPER,0,0,1,0,0
PAPER_624,IN_CHAIN_VIA_HELPER,0,0,1,0,0
PAPER_625,IN_CHAIN_VIA_HELPER,0,0,1,0,0
PAPER_626,IN_CHAIN_VIA_HELPER,0,0,1,0,0
PAPER_627,IN_CHAIN_VIA_HELPER,0,0,1,0,0
PAPER_628,IN_CHAIN_VIA_HELPER,0,0,1,0,0
PAPER_629,IN_CHAIN_VIA_HELPER,0,0,1,0,0
PAPER_630,IN_CHAIN_VIA_HELPER,0,0,1,0,0
PAPER_631,IN_CHAIN_VIA_HELPER,0,0,1,0,0
PAPER_632,IN_CHAIN_VIA_HELPER,0,0,1,0,0
PAPER_633,IN_CHAIN_VIA_HELPER,0,0,1,0,0
PAPER_634,IN_CHAIN_VIA_HELPER,0,0,1,0,0
PAPER_635,IN_CHAIN_VIA_HELPER,0,0,1,0,0
PAPER_636,IN_CHAIN_VIA_HELPER,0,0,1,0,0
PAPER_637,IN_CHAIN_VIA_HELPER,0,0,1,0,0
PAPER_638,IN_CHAIN_VIA_HELPER,0,0,1,0,0
PAPER_639,IN_CHAIN_VIA_HELPER,0,0,1,0,0
PAPER_640,IN_CHAIN_VIA_HELPER,0,0,1,0,0
PAPER_641,IN_CHAIN_VIA_HELPER,0,0,1,0,0
PAPER_642,IN_CHAIN_VIA_HELPER,0,0,1,0,0
PAPER_643,IN_CHAIN_VIA_HELPER,0,0,1,0,0
PAPER_644,IN_CHAIN_VIA_HELPER,0,0,1,0,0
PAPER_645,IN_CHAIN_VIA_HELPER,0,0,1,0,0
PAPER_646,IN_CHAIN_VIA_HELPER,0,0,1,0,0
PAPER_647,IN_CHAIN_VIA_HELPER,0,0,1,0,0
PAPER_648,IN_CHAIN_VIA_HELPER,0,0,1,0,0
PAPER_649,IN_CHAIN_VIA_HELPER,0,0,1,0,0
PAPER_650,IN_CHAIN_VIA_HELPER,0,0,1,0,0
PAPER_651,IN_CHAIN_VIA_HELPER,0,0,1,0,0
PAPER_652,IN_CHAIN_VIA_HELPER,0,0,1,0,0
PAPER_653,IN_CHAIN_VIA_HELPER,0,0,1,0,0
PAPER_654,IN_CHAIN_VIA_HELPER,0,0,1,0,0
PAPER_655,IN_CHAIN_VIA_HELPER,0,0,1,0,0
PAPER_656,IN_CHAIN_VIA_HELPER,0,0,1,0,0
PAPER_657,IN_CHAIN_VIA_HELPER,0,0,1,0,0
PAPER_657b,IN_CHAIN_VIA_HELPER,0,3,1,0,0
PAPER_658,IN_CHAIN_VIA_HELPER,0,0,1,0,0
PAPER_659,IN_CHAIN_VIA_HELPER,0,0,1,0,0
PAPER_660,IN_CHAIN_VIA_HELPER,0,0,1,0,0
PAPER_661,IN_CHAIN_VIA_HELPER,0,0,1,0,0
PAPER_662,IN_CHAIN_VIA_HELPER,0,0,1,0,0
PAPER_663,IN_CHAIN_VIA_HELPER,0,0,1,0,0
PAPER_664,IN_CHAIN_VIA_HELPER,0,0,1,0,0
PAPER_665,IN_CHAIN_VIA_HELPER,0,0,1,0,0
PAPER_666,IN_CHAIN_VIA_HELPER,0,0,1,0,0
PAPER_667,IN_CHAIN_VIA_HELPER,0,0,1,0,0
PAPER_668,IN_CHAIN_VIA_HELPER,0,0,1,0,0
PAPER_669,IN_CHAIN_VIA_HELPER,0,0,1,0,0
PAPER_670,IN_CHAIN_VIA_HELPER,0,0,1,0,0
PAPER_671,IN_CHAIN_VIA_HELPER,0,0,1,0,0
PAPER_672,IN_CHAIN_VIA_HELPER,0,0,1,0,0
PAPER_673,IN_CHAIN_VIA_HELPER,0,0,1,0,0
PAPER_674,IN_CHAIN_VIA_HELPER,0,0,1,0,0
PAPER_675,IN_CHAIN_VIA_HELPER,0,0,1,0,0
PAPER_676,IN_CHAIN_VIA_HELPER,0,0,1,0,0
PAPER_677,IN_CHAIN_VIA_HELPER,0,0,1,0,0
PAPER_678,IN_CHAIN_VIA_HELPER,0,0,1,0,0
PAPER_679,IN_CHAIN_VIA_HELPER,0,0,1,0,0
PAPER_680,IN_CHAIN_VIA_HELPER,0,0,1,0,0
PAPER_681,IN_CHAIN_VIA_HELPER,0,0,1,0,0
PAPER_682,IN_CHAIN_VIA_HELPER,0,0,1,0,0
PAPER_683,IN_CHAIN_VIA_HELPER,0,0,1,0,0
PAPER_684,IN_CHAIN_VIA_HELPER,0,0,1,0,0
PAPER_685,IN_CHAIN_VIA_HELPER,0,0,1,0,0
PAPER_686,IN_CHAIN_VIA_HELPER,0,0,1,0,0
PAPER_687,IN_CHAIN_VIA_HELPER,0,0,1,0,0
PAPER_688,IN_CHAIN_VIA_HELPER,0,0,1,0,0
PAPER_689,IN_CHAIN_VIA_HELPER,0,0,1,0,0
PAPER_690,IN_CHAIN_VIA_HELPER,0,0,1,0,0
PAPER_691,IN_CHAIN_VIA_HELPER,0,0,1,0,0
PAPER_692,IN_CHAIN_VIA_HELPER,0,0,1,0,0
PAPER_693,IN_CHAIN_VIA_HELPER,0,0,1,0,0
PAPER_694,IN_CHAIN_VIA_HELPER,0,0,1,0,0
PAPER_695,IN_CHAIN_VIA_HELPER,0,0,1,0,0
PAPER_696,IN_CHAIN_VIA_HELPER,0,0,1,0,0
PAPER_697,IN_CHAIN_VIA_HELPER,0,0,1,0,0
PAPER_698,IN_CHAIN_VIA_HELPER,0,0,1,0,0
PAPER_699,IN_CHAIN_VIA_HELPER,0,0,1,0,0
PAPER_700,IN_CHAIN_VIA_HELPER,0,0,1,0,0
PAPER_701,IN_CHAIN_VIA_HELPER,0,0,1,0,0
PAPER_702,IN_CHAIN_VIA_HELPER,0,0,1,0,0
PAPER_703,IN_CHAIN_VIA_HELPER,0,0,1,0,0
PAPER_704,IN_CHAIN_VIA_HELPER,0,0,1,0,0
PAPER_705,IN_CHAIN_VIA_HELPER,0,0,1,0,0
PAPER_706,IN_CHAIN_VIA_HELPER,0,0,1,0,0
PAPER_707,IN_CHAIN_VIA_HELPER,0,0,1,0,0
PAPER_708,IN_CHAIN_VIA_HELPER,0,0,1,0,0
PAPER_709,IN_CHAIN_VIA_HELPER,0,0,1,0,0
PAPER_710,IN_CHAIN_VIA_HELPER,0,0,1,0,0
PAPER_711,IN_CHAIN_VIA_HELPER,0,0,1,0,0
PAPER_712,IN_CHAIN_VIA_HELPER,0,0,1,0,0
PAPER_713,IN_CHAIN_VIA_HELPER,0,0,1,0,0
PAPER_714,IN_CHAIN_VIA_HELPER,0,0,1,0,0
PAPER_715,IN_CHAIN_VIA_HELPER,0,0,1,0,0
PAPER_716,IN_CHAIN_VIA_HELPER,0,0,1,0,0
PAPER_717,IN_CHAIN_VIA_HELPER,0,0,1,0,0
PAPER_718,IN_CHAIN_VIA_HELPER,0,0,1,0,0
PAPER_719,IN_CHAIN_VIA_HELPER,0,0,1,0,0
PAPER_720,IN_CHAIN_VIA_HELPER,0,0,1,0,0
PAPER_721,IN_CHAIN_VIA_HELPER,0,0,1,0,0
PAPER_722,IN_CHAIN_VIA_HELPER,0,0,1,0,0
PAPER_723,IN_CHAIN_VIA_HELPER,0,0,1,0,0
PAPER_724,IN_CHAIN_VIA_HELPER,0,0,1,0,0
PAPER_725,IN_CHAIN_VIA_HELPER,0,0,1,0,0
PAPER_726,IN_CHAIN_VIA_HELPER,0,0,1,0,0
PAPER_727,IN_CHAIN_VIA_HELPER,0,0,1,0,0
PAPER_728,IN_CHAIN_VIA_HELPER,0,0,1,0,0
PAPER_729,IN_CHAIN_VIA_HELPER,0,0,1,0,0
PAPER_730,IN_CHAIN_VIA_HELPER,0,0,1,0,0
PAPER_731,IN_CHAIN_VIA_HELPER,0,0,1,0,0
PAPER_732,IN_CHAIN_VIA_HELPER,0,0,1,0,0
PAPER_733,IN_CHAIN_VIA_HELPER,0,0,1,0,0
PAPER_734,IN_CHAIN_VIA_HELPER,0,0,1,0,0
PAPER_735,IN_CHAIN_VIA_HELPER,0,0,1,0,0
PAPER_736,IN_CHAIN_VIA_HELPER,0,0,1,0,0
PAPER_737,IN_CHAIN_VIA_HELPER,0,0,1,0,0
PAPER_738,IN_CHAIN_VIA_HELPER,0,0,1,0,0
PAPER_739,IN_CHAIN_VIA_HELPER,0,0,1,0,0
PAPER_740,IN_CHAIN_VIA_HELPER,0,0,1,0,0
PAPER_741,IN_CHAIN_VIA_HELPER,0,0,1,0,0
PAPER_742,IN_CHAIN_VIA_HELPER,0,0,1,0,0
PAPER_743,IN_CHAIN_VIA_HELPER,0,0,1,0,0
PAPER_744,IN_CHAIN_VIA_HELPER,0,0,1,0,0
PAPER_745,IN_CHAIN_VIA_HELPER,0,0,1,0,0
PAPER_746,IN_CHAIN_VIA_HELPER,0,0,1,0,0
PAPER_747,IN_CHAIN_VIA_HELPER,0,0,1,0,0
PAPER_748,IN_CHAIN_VIA_HELPER,0,0,1,0,0
PAPER_749,IN_CHAIN_VIA_HELPER,0,0,1,0,0
PAPER_750,IN_CHAIN_VIA_HELPER,0,0,1,0,0
PAPER_751,IN_CHAIN_VIA_HELPER,0,0,1,0,0
PAPER_752,IN_CHAIN_VIA_HELPER,0,0,1,0,0
PAPER_753,IN_CHAIN_VIA_HELPER,0,0,1,0,0
PAPER_754,IN_CHAIN_VIA_HELPER,0,0,1,0,0
PAPER_755,IN_CHAIN_VIA_HELPER,0,0,1,0,0
PAPER_756,IN_CHAIN_VIA_HELPER,0,0,1,0,0
PAPER_757,IN_CHAIN_VIA_HELPER,0,0,1,0,0
PAPER_758,IN_CHAIN_VIA_HELPER,0,0,1,0,0
PAPER_759,IN_CHAIN_VIA_HELPER,0,0,1,0,0
PAPER_760,IN_CHAIN_VIA_HELPER,0,0,1,0,0
PAPER_761,IN_CHAIN_VIA_HELPER,0,0,1,0,0
PAPER_762,IN_CHAIN_VIA_HELPER,0,0,1,0,0
PAPER_763,IN_CHAIN_VIA_HELPER,0,0,1,0,0
PAPER_764,IN_CHAIN_VIA_HELPER,0,0,1,0,0
PAPER_765,IN_CHAIN_VIA_HELPER,0,0,1,0,0
PAPER_766,IN_CHAIN_VIA_HELPER,0,0,1,0,0
PAPER_767,IN_CHAIN_VIA_HELPER,0,0,1,0,0
PAPER_768,IN_CHAIN_VIA_HELPER,0,0,1,0,0
PAPER_769,IN_CHAIN_VIA_HELPER,0,0,1,0,0
PAPER_770,IN_CHAIN_VIA_HELPER,0,0,1,0,0
PAPER_771,IN_CHAIN_VIA_HELPER,0,0,1,0,0
PAPER_772,IN_CHAIN_VIA_HELPER,0,0,1,0,0
PAPER_773,IN_CHAIN_VIA_HELPER,0,0,1,0,0
PAPER_774,IN_CHAIN_VIA_HELPER,0,0,1,0,0
PAPER_775,IN_CHAIN_VIA_HELPER,0,0,1,0,0
PAPER_776,IN_CHAIN_VIA_HELPER,0,0,1,0,0
PAPER_777,IN_CHAIN_VIA_HELPER,0,0,1,0,0
PAPER_778,IN_CHAIN_VIA_HELPER,0,0,1,0,0
PAPER_779,IN_CHAIN_VIA_HELPER,0,0,1,0,0
PAPER_780,IN_CHAIN_VIA_HELPER,0,0,1,0,0
PAPER_781,IN_CHAIN_VIA_HELPER,0,0,1,0,0
PAPER_782,IN_CHAIN_VIA_HELPER,0,0,1,0,0
PAPER_783,IN_CHAIN_VIA_HELPER,0,0,1,0,0
PAPER_784,IN_CHAIN_VIA_HELPER,0,0,1,0,0
PAPER_785,IN_CHAIN_VIA_HELPER,0,0,1,0,0
PAPER_786,IN_CHAIN_VIA_HELPER,0,0,1,0,0
PAPER_787,IN_CHAIN_VIA_HELPER,0,0,1,0,0
PAPER_788,IN_CHAIN_VIA_HELPER,0,0,1,0,0
PAPER_789,IN_CHAIN_VIA_HELPER,0,0,1,0,0
PAPER_790,IN_CHAIN_VIA_HELPER,0,0,1,0,0
PAPER_791,IN_CHAIN_VIA_HELPER,0,0,1,0,0
PAPER_792,IN_CHAIN_VIA_HELPER,0,0,1,0,0
PAPER_793,IN_CHAIN_VIA_HELPER,0,0,1,0,0
PAPER_794,IN_CHAIN_VIA_HELPER,0,0,1,0,0
PAPER_795,IN_CHAIN_VIA_HELPER,0,0,1,0,0
PAPER_796,IN_CHAIN_VIA_HELPER,0,0,1,0,0
PAPER_797,IN_CHAIN_VIA_HELPER,0,0,1,0,0
PAPER_798,IN_CHAIN_VIA_HELPER,0,0,1,0,0
PAPER_799,IN_CHAIN_VIA_HELPER,0,0,1,0,0
PAPER_800,IN_CHAIN_VIA_HELPER,0,0,1,0,0
PAPER_801,IN_CHAIN_VIA_HELPER,0,0,1,0,0
PAPER_802,IN_CHAIN_VIA_HELPER,0,0,1,0,0
PAPER_803,IN_CHAIN_VIA_HELPER,0,0,1,0,0
PAPER_804,IN_CHAIN_VIA_HELPER,0,0,1,0,0
PAPER_805,IN_CHAIN_VIA_HELPER,0,0,1,0,0
PAPER_806,IN_CHAIN_VIA_HELPER,0,0,1,0,0
PAPER_807,IN_CHAIN_VIA_HELPER,0,0,1,0,0
PAPER_808,IN_CHAIN_VIA_HELPER,0,0,1,0,0
PAPER_809,IN_CHAIN_VIA_HELPER,0,0,1,0,0
PAPER_810,IN_CHAIN_VIA_HELPER,0,0,1,0,0
PAPER_811,IN_CHAIN_VIA_HELPER,0,0,1,0,0
PAPER_812,IN_CHAIN_VIA_HELPER,0,0,1,0,0
PAPER_813,IN_CHAIN_VIA_HELPER,0,0,1,0,0
PAPER_814,IN_CHAIN_VIA_HELPER,0,0,1,0,0
PAPER_815,IN_CHAIN_VIA_HELPER,0,0,1,0,0
PAPER_816,IN_CHAIN_VIA_HELPER,0,0,1,0,0
PAPER_817,IN_CHAIN_VIA_HELPER,0,0,1,0,0
PAPER_818,IN_CHAIN_VIA_HELPER,0,0,1,0,0
PAPER_819,IN_CHAIN_VIA_HELPER,0,0,1,0,0
PAPER_820,IN_CHAIN_VIA_HELPER,0,0,1,0,0
PAPER_821,IN_CHAIN_VIA_HELPER,0,0,1,0,0
PAPER_822,IN_CHAIN_VIA_HELPER,0,0,1,0,0
PAPER_823,IN_CHAIN_VIA_HELPER,0,0,1,0,0
PAPER_824,IN_CHAIN_VIA_HELPER,0,0,1,0,0
PAPER_825,IN_CHAIN_VIA_HELPER,0,0,1,0,0
PAPER_826,IN_CHAIN_VIA_HELPER,0,0,1,0,0
PAPER_827,IN_CHAIN_VIA_HELPER,0,0,1,0,0
PAPER_828,IN_CHAIN_VIA_HELPER,0,0,1,0,0
PAPER_829,IN_CHAIN_VIA_HELPER,0,0,1,0,0
PAPER_830,IN_CHAIN_VIA_HELPER,0,0,1,0,0
PAPER_831,IN_CHAIN_VIA_HELPER,0,0,1,0,0
PAPER_832,IN_CHAIN_VIA_HELPER,0,0,1,0,0
PAPER_833,IN_CHAIN_VIA_HELPER,0,0,1,0,0
PAPER_834,IN_CHAIN_VIA_HELPER,0,0,1,0,0
PAPER_835,IN_CHAIN_VIA_HELPER,0,0,1,0,0
PAPER_836,IN_CHAIN_VIA_HELPER,0,0,1,0,0
PAPER_837,IN_CHAIN_VIA_HELPER,0,0,1,0,0
PAPER_838,IN_CHAIN_VIA_HELPER,0,0,1,0,0
PAPER_839,IN_CHAIN_VIA_HELPER,0,0,1,0,0
PAPER_840,IN_CHAIN_VIA_HELPER,0,0,1,0,0
PAPER_841,IN_CHAIN_VIA_HELPER,0,0,1,0,0
PAPER_842,IN_CHAIN_VIA_HELPER,0,0,1,0,0
PAPER_843,IN_CHAIN_VIA_HELPER,0,0,1,0,0
PAPER_844,IN_CHAIN_VIA_HELPER,0,0,1,0,0
PAPER_845,IN_CHAIN_VIA_HELPER,0,0,1,0,0
PAPER_846,IN_CHAIN_VIA_HELPER,0,0,1,0,0
PAPER_847,IN_CHAIN_VIA_HELPER,0,0,1,0,0
PAPER_848,IN_CHAIN_VIA_HELPER,0,0,1,0,0
PAPER_849,IN_CHAIN_VIA_HELPER,0,0,1,0,0
PAPER_850,IN_CHAIN_VIA_HELPER,0,0,1,0,0
PAPER_851,IN_CHAIN_VIA_HELPER,0,0,1,0,0
PAPER_852,IN_CHAIN_VIA_HELPER,0,0,1,0,0
PAPER_853,IN_CHAIN_VIA_HELPER,0,0,1,0,0
PAPER_854,IN_CHAIN_VIA_HELPER,0,0,1,0,0
PAPER_855,IN_CHAIN_VIA_HELPER,0,0,1,0,0
PAPER_856,IN_CHAIN_VIA_HELPER,0,0,1,0,0
PAPER_857,IN_CHAIN_VIA_HELPER,0,0,1,0,0
PAPER_858,IN_CHAIN_VIA_HELPER,0,0,1,0,0
PAPER_859,IN_CHAIN_VIA_HELPER,0,0,1,0,0
PAPER_860,IN_CHAIN_VIA_HELPER,0,0,1,0,0
PAPER_861,IN_CHAIN_VIA_HELPER,0,0,1,0,0
PAPER_862,IN_CHAIN_VIA_HELPER,0,0,1,0,0
PAPER_863,IN_CHAIN_VIA_HELPER,0,0,1,0,0
PAPER_864,IN_CHAIN_VIA_HELPER,0,0,1,0,0
PAPER_865,IN_CHAIN_VIA_HELPER,0,0,1,0,0
PAPER_866,IN_CHAIN_VIA_HELPER,0,0,1,0,0
PAPER_867,IN_CHAIN_VIA_HELPER,0,0,1,0,0
PAPER_868,IN_CHAIN_VIA_HELPER,0,0,1,0,0
PAPER_869,IN_CHAIN_VIA_HELPER,0,0,1,0,0
PAPER_870,IN_CHAIN_VIA_HELPER,0,0,1,0,0
PAPER_871,IN_CHAIN_VIA_HELPER,0,0,1,0,0
PAPER_872,IN_CHAIN_VIA_HELPER,0,0,1,0,0
PAPER_873,IN_CHAIN_VIA_HELPER,0,0,1,0,0
PAPER_874,IN_CHAIN_VIA_HELPER,0,0,1,0,0
PAPER_875,IN_CHAIN_VIA_HELPER,0,0,1,0,0
PAPER_876,IN_CHAIN_VIA_HELPER,0,0,1,0,0
PAPER_877,IN_CHAIN_VIA_HELPER,0,0,1,0,0
PAPER_878,IN_CHAIN_VIA_HELPER,0,0,1,0,0
PAPER_879,IN_CHAIN_VIA_HELPER,0,0,1,0,0
PAPER_880,IN_CHAIN_VIA_HELPER,0,0,1,0,0
PAPER_881,IN_CHAIN_VIA_HELPER,0,0,1,0,0
PAPER_882,IN_CHAIN_VIA_HELPER,0,0,1,0,0
PAPER_883,IN_CHAIN_VIA_HELPER,0,0,1,0,0
PAPER_884,IN_CHAIN_VIA_HELPER,0,0,1,0,0
PAPER_885,IN_CHAIN_VIA_HELPER,0,0,1,0,0
PAPER_886,IN_CHAIN_VIA_HELPER,0,0,1,0,0
PAPER_887,IN_CHAIN_VIA_HELPER,0,0,1,0,0
PAPER_888,IN_CHAIN_VIA_HELPER,0,0,1,0,0
PAPER_889,IN_CHAIN_VIA_HELPER,0,0,1,0,0
PAPER_890,IN_CHAIN_VIA_HELPER,0,0,1,0,0
PAPER_891,IN_CHAIN_VIA_HELPER,0,0,1,0,0
PAPER_892,IN_CHAIN_VIA_HELPER,0,0,1,0,0
PAPER_893,IN_CHAIN_VIA_HELPER,0,0,1,0,0
PAPER_894,IN_CHAIN_VIA_HELPER,0,0,1,0,0
PAPER_895,IN_CHAIN_VIA_HELPER,0,0,1,0,0
PAPER_896,IN_CHAIN_VIA_HELPER,0,0,1,0,0
PAPER_897,IN_CHAIN_VIA_HELPER,0,0,1,0,0
PAPER_898,IN_CHAIN_VIA_HELPER,0,0,1,0,0
PAPER_899,IN_CHAIN_VIA_HELPER,0,0,1,0,0
PAPER_900,IN_CHAIN_VIA_HELPER,0,0,1,0,0
PAPER_901,IN_CHAIN_VIA_HELPER,0,0,1,0,0
PAPER_902,IN_CHAIN_VIA_HELPER,0,0,1,0,0
PAPER_903,IN_CHAIN_VIA_HELPER,0,0,1,0,0
PAPER_904,IN_CHAIN_VIA_HELPER,0,0,1,0,0
PAPER_905,IN_CHAIN_VIA_HELPER,0,0,1,0,0
PAPER_906,IN_CHAIN_VIA_HELPER,0,0,1,0,0
PAPER_907,IN_CHAIN_VIA_HELPER,0,0,1,0,0
PAPER_908,IN_CHAIN_VIA_HELPER,0,0,1,0,0
PAPER_909,IN_CHAIN_VIA_HELPER,0,0,1,0,0
PAPER_910,IN_CHAIN_VIA_HELPER,0,0,1,0,0
PAPER_911,IN_CHAIN_VIA_HELPER,0,0,1,0,0
PAPER_912,IN_CHAIN_VIA_HELPER,0,0,1,0,0
PAPER_913,IN_CHAIN_VIA_HELPER,0,0,1,0,0
PAPER_914,IN_CHAIN_VIA_HELPER,0,0,1,0,0
PAPER_915,IN_CHAIN_VIA_HELPER,0,0,1,0,0
PAPER_916,IN_CHAIN_VIA_HELPER,0,0,1,0,0
PAPER_917,IN_CHAIN_VIA_HELPER,0,0,1,0,0
PAPER_918,IN_CHAIN_VIA_HELPER,0,0,1,0,0
PAPER_919,IN_CHAIN_VIA_HELPER,0,0,1,0,0
PAPER_920,IN_CHAIN_VIA_HELPER,0,0,1,0,0
PAPER_921,IN_CHAIN_VIA_HELPER,0,0,1,0,0
PAPER_922,IN_CHAIN_VIA_HELPER,0,0,1,0,0
PAPER_923,IN_CHAIN_VIA_HELPER,0,0,1,0,0
PAPER_924,IN_CHAIN_VIA_HELPER,0,0,1,0,0
PAPER_925,IN_CHAIN_VIA_HELPER,0,0,1,0,0
PAPER_926,IN_CHAIN_VIA_HELPER,0,0,1,0,0
PAPER_927,IN_CHAIN_VIA_HELPER,0,0,1,0,0
PAPER_928,IN_CHAIN_VIA_HELPER,0,0,1,0,0
PAPER_929,IN_CHAIN_VIA_HELPER,0,0,1,0,0
PAPER_930,IN_CHAIN_VIA_HELPER,0,0,1,0,0
PAPER_931,IN_CHAIN_VIA_HELPER,0,0,1,0,0
PAPER_932,IN_CHAIN_VIA_HELPER,0,0,1,0,0
PAPER_933,IN_CHAIN_VIA_HELPER,0,0,1,0,0
PAPER_934,IN_CHAIN_VIA_HELPER,0,0,1,0,0
PAPER_935,IN_CHAIN_VIA_HELPER,0,0,1,0,0
PAPER_936,IN_CHAIN_VIA_HELPER,0,0,1,0,0
PAPER_937,IN_CHAIN_VIA_HELPER,0,0,1,0,0
PAPER_938,IN_CHAIN_VIA_HELPER,0,0,1,0,0
PAPER_939,IN_CHAIN_VIA_HELPER,0,0,1,0,0
PAPER_940,IN_CHAIN_VIA_HELPER,0,0,1,0,0
PAPER_941,IN_CHAIN_VIA_HELPER,0,0,1,0,0
PAPER_942,IN_CHAIN_VIA_HELPER,0,0,1,0,0
PAPER_943,IN_CHAIN_VIA_HELPER,0,0,1,0,0
PAPER_944,IN_CHAIN_VIA_HELPER,0,0,1,0,0
PAPER_945,IN_CHAIN_VIA_HELPER,0,0,1,0,0
PAPER_946,IN_CHAIN_VIA_HELPER,0,0,1,0,0
PAPER_947,IN_CHAIN_VIA_HELPER,0,0,1,0,0
PAPER_948,IN_CHAIN_VIA_HELPER,0,0,1,0,0
PAPER_949,IN_CHAIN_VIA_HELPER,0,0,1,0,0
PAPER_950,IN_CHAIN_VIA_HELPER,0,0,1,0,0
PAPER_951,IN_CHAIN_VIA_HELPER,0,0,1,0,0
PAPER_952,IN_CHAIN_VIA_HELPER,0,0,1,0,0
PAPER_953,IN_CHAIN_VIA_HELPER,0,0,1,0,0
PAPER_954,IN_CHAIN_VIA_HELPER,0,0,1,0,0
PAPER_955,IN_CHAIN_VIA_HELPER,0,0,1,0,0
PAPER_956,IN_CHAIN_VIA_HELPER,0,0,1,0,0
PAPER_957,IN_CHAIN_VIA_HELPER,0,0,1,0,0
PAPER_958,IN_CHAIN_VIA_HELPER,0,0,1,0,0
PAPER_959,IN_CHAIN_VIA_HELPER,0,0,1,0,0
PAPER_960,IN_CHAIN_VIA_HELPER,0,0,1,0,0
PAPER_961,IN_CHAIN_VIA_HELPER,0,0,1,0,0
PAPER_962,IN_CHAIN_VIA_HELPER,0,0,1,0,0
PAPER_963,IN_CHAIN_VIA_HELPER,0,0,1,0,0
PAPER_964,IN_CHAIN_VIA_HELPER,0,0,1,0,0
PAPER_965,IN_CHAIN_VIA_HELPER,0,0,1,0,0
PAPER_966,IN_CHAIN_VIA_HELPER,0,0,1,0,0
PAPER_967,IN_CHAIN_VIA_HELPER,0,0,1,0,0
PAPER_968,IN_CHAIN_VIA_HELPER,0,0,1,0,0
PAPER_969,IN_CHAIN_VIA_HELPER,0,0,1,0,0
PAPER_970,IN_CHAIN_VIA_HELPER,0,0,1,0,0
PAPER_971,IN_CHAIN_VIA_HELPER,0,0,1,0,0
PAPER_972,IN_CHAIN_VIA_HELPER,0,0,1,0,0
PAPER_973,IN_CHAIN_VIA_HELPER,0,0,1,0,0
PAPER_974,IN_CHAIN_VIA_HELPER,0,0,1,0,0
PAPER_975,IN_CHAIN_VIA_HELPER,0,0,1,0,0
PAPER_976,IN_CHAIN_VIA_HELPER,0,0,1,0,0
PAPER_977,IN_CHAIN_VIA_HELPER,0,0,1,0,0
PAPER_978,IN_CHAIN_VIA_HELPER,0,0,1,0,0
PAPER_979,IN_CHAIN_VIA_HELPER,0,0,1,0,0
PAPER_980,IN_CHAIN_VIA_HELPER,0,0,1,0,0
PAPER_981,IN_CHAIN_VIA_HELPER,0,0,1,0,0
PAPER_982,IN_CHAIN_VIA_HELPER,0,0,1,0,0
PAPER_983,IN_CHAIN_VIA_HELPER,0,0,1,0,0
PAPER_984,IN_CHAIN_VIA_HELPER,0,0,1,0,0
PAPER_985,IN_CHAIN_VIA_HELPER,0,0,1,0,0
PAPER_986,IN_CHAIN_VIA_HELPER,0,0,1,0,0
PAPER_987,IN_CHAIN_VIA_HELPER,0,0,1,0,0
PAPER_988,IN_CHAIN_VIA_HELPER,0,0,1,0,0
PAPER_989,IN_CHAIN_VIA_HELPER,0,0,1,0,0
PAPER_990,IN_CHAIN_VIA_HELPER,0,0,1,0,0
PAPER_991,IN_CHAIN_VIA_HELPER,0,0,1,0,0
PAPER_992,IN_CHAIN_VIA_HELPER,0,0,1,0,0
PAPER_993,IN_CHAIN_VIA_HELPER,0,0,1,0,0
PAPER_994,IN_CHAIN_VIA_HELPER,0,0,1,0,0
PAPER_995,IN_CHAIN_VIA_HELPER,0,0,1,0,0
PAPER_996,IN_CHAIN_VIA_HELPER,0,0,1,0,0
PAPER_997,IN_CHAIN_VIA_HELPER,0,0,1,0,0
PAPER_998,IN_CHAIN_VIA_HELPER,0,0,1,0,0
PAPER_999,IN_CHAIN_VIA_HELPER,0,0,1,0,0
PAPER_S201_Phase_H201_NullExtraction,PRIMITIVE_PURE,1,0,1,0,0
PAPER_S202_Phase_H202_VariantBranches,IN_CHAIN_VIA_HELPER,0,1,1,0,1
PAPER_S203_Phase_H203_PTF,IN_CHAIN_VIA_HELPER,0,0,1,0,0
PAPER_S204_Phase_H204_GapClosure,IN_CHAIN_VIA_HELPER,0,0,1,0,0
PAPER_S205_Phase_H205_ExpansionErosion,IN_CHAIN_VIA_HELPER,0,0,1,0,0
