paper,tier,strong_uqff_input_tokens,fn_labeled_anchor_or_disclosed,functions
330,TIER1_STRONG,59,0,k_nuc_nz_ratio
332,TIER1_STRONG,93,0,k_act_activity_term;k_de_luminosity_term;zeeman_coupling_term
335,TIER1_STRONG,131,0,fub_calibrated_vela;galactic_fubi_class_stated
337,TIER1_STRONG,70,0,phase_separation_model;qwave81_stated
338,TIER1_STRONG,75,0,galactic_fubi_class_stated
339,TIER1_STRONG,57,0,um_rotor_torque_term
342,TIER1_STRONG,62,0,magnetar_spindown_freact;a_mag_stored_energy
343,TIER1_STRONG,55,0,scm_mass_modified;surface_temp_from_lx
345,TIER1_STRONG,53,0,sfr_uqff_resonant
346,TIER1_STRONG,88,0,omega_act_period
347,TIER1_STRONG,75,1,jet_extension_length
349,TIER1_STRONG,75,0,buoyancy_merger_velocity
354,TIER1_STRONG,44,1,curvature_5th_factor;k_curv_friedmann
355,TIER1_STRONG,96,0,relic_perturbation
358,TIER1_STRONG,57,0,dynamical_friction_time;fubi_offset_scaling
359,TIER1_STRONG,71,0,e_t_negative_magnetic;f_mag_buoyancy_volume
360,TIER1_STRONG,59,0,k_rel_lorentz_squared
362,TIER1_STRONG,52,1,phillips_k_rate;v_thermal_mean
363,TIER1_STRONG,56,0,k_pol_nomad_bound
365,TIER1_STRONG,62,0,outburst_drain_time
366,TIER1_STRONG,56,0,flare_contrast_kact
369,TIER1_STRONG,57,0,ns_jet_force_grid
370,TIER1_STRONG,51,0,orbital_freq_bridge;pcore_scaling_law
371,TIER1_STRONG,60,0,adpm_resonance;resonance_muge_total
372,TIER1_STRONG,59,0,compressed_muge_total;compressed_super_adjustment
373,TIER1_STRONG,38,0,wormhole_null_drdl;wormhole_null_rmin
374,TIER1_STRONG,67,0,k_rel_lorentz_squared;ns_jet_force_grid
375,TIER1_STRONG,46,0,dpm_lorentz_dilation;exp_b_suppression
377,TIER1_STRONG,50,0,wormhole_metric_term
378,TIER1_STRONG,55,0,cohesive_bridge
379,TIER1_STRONG,49,0,compressed_muge_total;resonance_muge_total
380,TIER1_STRONG,54,0,a_super_flux_form;aether_res_dm_form;dpm_mu0_form
381,TIER1_STRONG,59,0,compressed_muge_total;spectral_ladder_extrema_stated
382,TIER1_STRONG,55,0,avac_diff_v2_form;spectral_ladder_extrema_stated
385,TIER1_STRONG,66,1,per_system_muge_stated
386,TIER1_STRONG,61,0,backbone_coverage_stated
389,TIER1_STRONG,50,1,omega_s_from_sigma
390,TIER1_STRONG,48,1,m_sigma_uqff_anchor
391,TIER1_STRONG,52,0,meissner_hybrid_blend
392,TIER1_STRONG,58,0,aether_metric_trace_full
394,TIER1_STRONG,102,0,F_U_master;fu_with_gmuge
395,TIER1_STRONG,43,0,wormhole_metric_term
397,TIER1_STRONG,76,0,fu_with_gmuge;aether_metric_trace_full
398,TIER1_STRONG,50,0,pimath_key_sum
400,TIER1_STRONG,62,0,charge_coupled_force;effective_charge_coupling
401,TIER1_STRONG,62,0,ug3_disk_field
404,TIER1_STRONG,63,0,stellar_dpm_moment
405,TIER1_STRONG,77,1,scm_density_power_law
406,TIER1_STRONG,52,1,ts00_solar_flux;ts00_two_component
407,TIER1_STRONG,67,0,fu_4body_stated
408,TIER1_STRONG,60,0,resonance_muge_total;wormhole_metric_term
409,TIER1_STRONG,75,1,e0_zero_point_anchor
410,TIER1_STRONG,72,0,scm_donation_law;tau_scm_lifetime
412,TIER1_STRONG,63,1,h_scm_hydrogen_thickness
413,TIER1_STRONG,54,0,ccw_cw_differential
416,TIER1_STRONG,55,0,ts00_five_component
417,TIER1_STRONG,53,0,tn_shifted_time
418,TIER1_STRONG,70,0,fu_sun_final_calibration;um_sun_calibrated
419,TIER1_STRONG,61,0,h_scm_core_kinetic
420,TIER1_STRONG,111,0,fu_dissipation_term
421,TIER1_STRONG,72,0,scm_phase_gate;um_quasi_beating
422,TIER1_STRONG,61,0,backbone_coverage_stated
424,TIER1_STRONG,82,0,fubii_general_scaling;um_general_variant
425,TIER1_STRONG,93,0,dpm_resonance_mub;k_act_activity_term
426,TIER1_STRONG,67,0,fubii_anyons_gaussian
427,TIER1_STRONG,83,0,omega_g3_layer
428,TIER1_STRONG,59,0,a_res_nuclear;f_res_nuclear
429,TIER1_STRONG,100,0,e_vortex_prime;prime_string_ug3_term
431,TIER1_STRONG,54,1,per_system_muge_stated
433,TIER1_STRONG,59,1,a_wind_ram_ratio
434,TIER1_STRONG,61,0,stellar_mass_gas_accretion
435,TIER1_STRONG,59,0,erosion_growth_form;muge_expansion_gate
439,TIER1_STRONG,53,0,pressure_cavity_decay;cavity_dispersal_time
441,TIER1_STRONG,61,0,merger_gravity_boost
442,TIER1_STRONG,49,0,t2_trz_doubled
443,TIER1_STRONG,60,0,cooling_accel_over_radius;wind_ram_over_radius
444,TIER1_STRONG,49,1,friedmann_hz_high_z;muge_double_modulation
445,TIER1_STRONG,55,1,sfr_factor_mass;a_wind_ram_ratio
446,TIER1_STRONG,90,1,triadic_26layer_stated
447,TIER1_STRONG,61,0,champagne_flow_check;a_rad_herschel
448,TIER1_STRONG,67,0,f_env_jet;f_env_sfr
449,TIER1_STRONG,59,1,a_wind_ejection_growth;triadic_26layer_stated
450,TIER1_STRONG,57,0,a_rad_herschel;dual_barrier_ratio
452,TIER1_STRONG,67,0,backbone_coverage_stated
454,TIER1_STRONG,75,0,backbone_coverage_stated
456,TIER1_STRONG,43,0,d_universe_4factor
458,TIER1_STRONG,53,0,resonance_muge_total
459,TIER1_STRONG,59,1,e_up_plasmoid;level_spacing_energy;plasmoid_retardation;t_minus_transform
461,TIER1_STRONG,62,1,basel_lenr_energy;buoyancy_odd_series;lenr_q_value;w_mag_rotating
462,TIER1_STRONG,71,0,inertial_operator_frz;wave_energy_expectation
463,TIER1_STRONG,59,1,espace_seven_factor;higgs_frequency_uqff
465,TIER1_STRONG,81,0,merger_gravity_boost
467,TIER1_STRONG,68,0,sfr_uqff_resonant
468,TIER1_STRONG,69,0,f_super_coalescence;g_freq_planck_derived
470,TIER1_STRONG,69,1,f_feedback_metal_retention;msigma_sigma4_derivation
472,TIER1_STRONG,107,0,galactic_fubi_class_stated
473,TIER1_STRONG,84,0,compressed_muge_total
474,TIER1_STRONG,65,0,resonance_muge_total
475,TIER1_STRONG,73,0,fubii_general_scaling
478,TIER1_STRONG,43,0,eta_aether_inverse_energy
479,TIER1_STRONG,75,1,cnb_stated_params
480,TIER1_STRONG,65,0,f_cnb_neutrino
481,TIER1_STRONG,87,0,fubii_general_scaling
482,TIER1_STRONG,46,1,f_res_hydrogen_ptoe
483,TIER1_STRONG,65,1,complex_fubi_stated
484,TIER1_STRONG,88,0,ug1_dpm_defect_full;ug3_string_disk_full
485,TIER1_STRONG,69,0,fubii_general_scaling;snr_dilution_factor
487,TIER1_STRONG,59,0,g_uqff_coaction_master
488,TIER1_STRONG,46,0,hse_bias_uqff
489,TIER1_STRONG,74,0,g_26d_polynomial
490,TIER1_STRONG,56,0,d_eff_hypergraph;g_hypergraph_no_g
491,TIER1_STRONG,94,0,compressed_muge_total
492,TIER1_STRONG,78,0,resonance_muge_total
493,TIER1_STRONG,99,0,F_U_master
494,TIER1_STRONG,70,0,vcb_coupling_uqff
495,TIER1_STRONG,75,1,hubble_egg_modified;hubble_tension_egg_pct;omega_egg_parameter;rho_egg_density
499,TIER1_STRONG,48,0,higgs_vev_marker
500,TIER1_STRONG,58,0,proto_hydrogen_z_quantization
503,TIER1_STRONG,61,1,scm_mexican_hat_lagrangian;k_eta_503
504,TIER1_STRONG,48,0,g_sgr1745_compressed_504
507,TIER1_STRONG,70,0,g_hypergraph_degree;d_bfs_507
509,TIER1_STRONG,37,0,pcr_phase;pcr_field;k_pcr_coupling;g_eff_pcr
510,TIER1_STRONG,37,1,pcr_gw150914_stated;h_uqff_pcr_factor
511,TIER1_STRONG,33,1,theta_bib_stated;r_orbit_sacred;f_orbit_sacred;pcr_psr_stated
512,TIER1_STRONG,35,1,g_base_eta_car;g_eff_eta_car_stated
513,TIER1_STRONG,37,1,delta_d_pcr;d_corrected_pcr
514,TIER1_STRONG,41,1,sacred_omega_table;psi_sacred;psi_sacred_asymptote;e_sacred
515,TIER1_STRONG,37,1,pi_digit_autocorr;spectral_index_shift_uqff;nu_flux_uqff
518,TIER1_STRONG,60,0,f_inert_dpm;f_centrip_dpm;f_centrif_dpm;a26_from_forces
519,TIER1_STRONG,51,0,ub_shell_519;big_bang_shell;psi_26d_master
521,TIER1_STRONG,63,0,us_range_spectrum;freq_drive_spectrum;rering_bb;vacuum_grad_bb;us_overlay
523,TIER1_STRONG,51,0,us_egg_trapezoid
525,TIER1_STRONG,44,0,j_dot_dpm
526,TIER1_STRONG,68,0,braid_repeat_prob
528,TIER1_STRONG,48,0,uqff_comp_invariants
533,TIER1_STRONG,38,1,r_orbit_prime;period_ratio_prime
543,TIER1_MODERATE,9,1,p_order_entropy;mass_gap_dpm
546,TIER1_STRONG,82,0,r_attr_546;rho_buoy_546;rho_overlap_546;d_boundary_decay;a_ua_accel
547,TIER1_STRONG,69,1,ug4_rt;fu_g4_547;t_stab_547;pi_seq_547;ug_total_547
548,TIER1_STRONG,73,0,fubi_gaussian;fubi_integral_bound
549,TIER1_STRONG,77,1,r_merger_549;remnant_fraction_549
554,TIER1_STRONG,51,1,riemann_r0r0_bsfg;eps_prime_bsfg;kretschmann_bsfg
556,TIER1_STRONG,52,0,l_i_compact
557,TIER1_STRONG,52,0,bsfg_group_dim;casimir_so3_bsfg
559,TIER1_STRONG,60,0,einstein_amp_559;kappa_einstein;ts00_sun_559;lambda_eff_559
560,TIER1_STRONG,50,0,delta_phi_holonomy
561,TIER1_STRONG,46,0,r_h_bsfg;kappa_surface_bsfg;t_hawking_bsfg;t_hawking_gr
562,TIER1_STRONG,39,0,u_bsfg_potential;dj_over_j_562;r_cross_562;h_eta_562
566,TIER1_STRONG,49,1,c_num_bsfg;gamma_bsfg_566;r_scalar_avg_566
567,TIER1_STRONG,40,1,madau_psi;rho_dot_star_567;n_star_z_567
569,TIER1_STRONG,52,1,b_cmb_569;ebl_benchmark_569;f_total_569
572,TIER1_STRONG,52,1,c_sr_calibration;b_dpm_calibrated_572;b_shell_cal_572
574,TIER1_STRONG,53,0,epoch_shell_identity_574
575,TIER1_STRONG,64,0,group_z_575
579,TIER1_STRONG,113,1,f_eq_579;r_eq_579_he4
581,TIER1_STRONG,63,1,lqg_dispersion_omega2;lqg_dv_over_c;delta_t_lqg_581
582,TIER1_STRONG,72,0,delta_theta_string_582;f_rebound_582;omega_planar_582;theta_cumulative_582
584,TIER1_STRONG,51,0,collatz_T;collatz_steps_584
587,TIER1_STRONG,59,0,omega_egg_587;h_inf_587
588,TIER1_STRONG,66,1,maxwell26_correction_log10;dpm_n_588
597,TIER1_STRONG,45,1,t_neg_solve_597
598,TIER1_STRONG,68,0,bh26_freq_598
599,TIER1_STRONG,62,0,det_uqff_at_zero_599
602,TIER1_STRONG,52,1,vds_pi_decimal_602;qvd_product_602;e_pre_fertilization_602
603,TIER1_STRONG,53,0,ua_k_603;e26d_egg_603;bbdt_hubble_603
607,TIER1_STRONG,48,0,dpm_n_scm_607;l_cw_607
608,TIER1_STRONG,54,1,f_ratio_608;a_bb_catchup_608
610,TIER1_STRONG,57,0,e_epoch_610
611,TIER1_STRONG,50,0,e_today_611;eta_proplyd_611
612,TIER1_STRONG,52,1,p_order_star_612
613,TIER1_STRONG,90,1,fubi_psr_613;r_shadow_613
615,TIER1_STRONG,70,0,ug_defect_expansion_615;ug4_laurent_615
617,TIER1_STRONG,51,0,scm_laurent_617
620,TIER1_STRONG,45,0,overlay_620
621,TIER1_STRONG,49,1,triangular_p_s;t_j_triangular_621;fu_pymander_621
623,TIER1_STRONG,63,0,f_event_cubic_623
625,TIER1_STRONG,53,0,scm_negative_time_625;freq_total_625
626,TIER1_STRONG,55,0,grad_ua_gaussian_9d;g_hypergraph_degree;f_event_cubic_623
627,TIER1_STRONG,79,1,beta_apparent_627;osc_mode_627
628,TIER1_STRONG,69,1,f_thermal_628;f_event_xray_628
630,TIER1_STRONG,69,0,f_pol_630;ub_at_eq_630
631,TIER1_STRONG,81,0,f_event_cubic_623;grad_ua_gaussian_9d;beta_apparent_627
632,TIER1_STRONG,69,0,fubi_grant_integrand_632
634,TIER1_STRONG,43,1,scm_flavor_634;v_ckm_634
635,TIER1_STRONG,73,1,kappa_vlq_635;delta_m_vlq_635
638,TIER1_STRONG,53,1,dcs_ratio_638;e_react_dcs_638
639,TIER1_STRONG,59,1,lambda_uqff_639;m_h_639;delta_lambda_639
641,TIER1_STRONG,68,1,sin2_thetaw_base_641;sin2_thetaw_corr_641;m_w_641
644,TIER1_STRONG,57,0,deriv26_falling_factorial_644;f_internal_644;h_c_uqff_644;ising_energy_644
652,TIER1_STRONG,30,1,alpha_recoil_route_652;alpha_impedance_route_652;a_e_g2_652
654,TIER1_STRONG,28,1,hubble_length_654;chi_horizon_654
655,TIER1_STRONG,63,0,ug3_band_655;ug1_band_655;ug2_band_655
663,TIER1_STRONG,58,0,theta_inv_663
679,TIER1_STRONG,42,0,c_ua_superfluid_679;xi_ua_679
681,TIER1_STRONG,43,0,gp_energy_functional_681
685,TIER1_STRONG,48,0,m_crit_pbh_685;f_pbh_685
687,TIER1_STRONG,49,0,dm_dt_m87_687
688,TIER1_STRONG,68,0,m_of_t_688;f_env_688;psi_dust_688
691,TIER1_STRONG,29,0,nbody_accel_691
702,TIER1_STRONG,43,0,t_ring_702;a_wind_702
703,TIER1_STRONG,49,0,f_bh_703;a_fil_703
704,TIER1_STRONG,28,0,erosion_704;p_rad_704
705,TIER1_STRONG,34,1,m_sf_growth
707,TIER1_STRONG,61,0,a_sn_707
708,TIER1_STRONG,45,1,ug4_bcrit_708;g_lambda_708;g_1053_anchor_stated
712,TIER1_STRONG,41,0,e_shock_712;a_jet_712
716,TIER1_STRONG,40,1,u_i_kb716_stated;b_super_716;ug2_kb_716;omega_plasma_716;m_jeans_716
717,TIER1_STRONG,26,1,e_oscillation_717;e_space_717_stated
719,TIER1_STRONG,47,1,ug4_nebula_719_stated
720,TIER1_STRONG,52,1,t_neg_720;p_transition_720;rho_react_720;f_cgm_720;ug4_fp_agn_720_stated
721,TIER1_STRONG,58,0,um_kb_721
724,TIER1_STRONG,33,0,mu_j_modulated_724
725,TIER1_STRONG,40,0,b_j_dipole_725
726,TIER1_STRONG,38,0,g_eff_defect_726;e_str_726
727,TIER1_STRONG,47,1,um_corrected_727;e_aether_eff_727
728,TIER1_STRONG,31,0,p_peak_728;ug1_thread_sum_728
729,TIER1_STRONG,43,0,t_trz_729
731,TIER1_STRONG,70,0,ug1_iawb_731
735,TIER1_STRONG,62,0,e_shell_735;k_h_735;f_scm_pair_735
736,TIER1_STRONG,79,0,f_ub_scale_736
738,TIER1_STRONG,76,0,theta_26state_738;mass_ratio_uqff_738
740,TIER1_STRONG,109,0,mass_ratio_uqff_738;f_ub_scale_736
741,TIER1_STRONG,82,0,f_env_master_741;quantum_term_741
742,TIER1_STRONG,64,0,f_env_sombrero_742
743,TIER1_STRONG,59,1,t_ring_tidal_743;f_wind_drag_743
744,TIER1_STRONG,68,0,m_sf_744;mdot_evap_744;e_rad_erosion_744
745,TIER1_STRONG,68,0,r_crab_745;f_wind_pulsar_745;m_mag_745;dp_wind_745
746,TIER1_STRONG,48,0,a_res_746;f_res_746;s_shell_746;k_nuc_746;u_dp_746
747,TIER1_STRONG,47,1,d_universe_747
748,TIER1_STRONG,101,0,ug5_tensor_748;ug5_fluid_748
750,TIER1_STRONG,73,0,f_cluster_750
751,TIER1_STRONG,48,0,p_thz_comb_751;i_eff_751;ug1_core_751
753,TIER1_STRONG,65,0,b_decay_753
754,TIER1_STRONG,49,0,m_acc_754
755,TIER1_STRONG,54,0,ram_pressure_755
757,TIER1_STRONG,52,0,e_decay_757
758,TIER1_STRONG,42,1,lens_boost_758;theta_e_758
761,TIER1_STRONG,69,1,saturating_fraction_761
763,TIER1_STRONG,73,0,a_dust_763
766,TIER1_STRONG,64,0,f_wind_shock_766
771,TIER1_STRONG,57,1,m_sf_bounded_771
793,TIER1_STRONG,54,0,warp_factor_793
796,TIER1_STRONG,64,0,a_fil_796
813,TIER1_STRONG,54,1,mag_buoyancy_813;a_mag_bubble_813;f_thrust_813_stated
814,TIER1_STRONG,75,1,h_c_nanograv_814;chirp_mass_q_814;g_chirp_814
815,TIER1_STRONG,68,0,h_s_source_815;sersic_k_815;sigma_virial_815
816,TIER1_STRONG,58,1,theta_ring_816;f_edd_816;te_ti_816
817,TIER1_STRONG,68,0,mdot_binary_mod_817;dr_dt_gw_817;f_orb_817;tau_lt_817;l_poynt_mad_817
818,TIER1_STRONG,54,0,eta_nt_818;g_l1_eta_818;delta_g_stress_818
819,TIER1_STRONG,70,0,g_l1_ej_819;gamma_nu_819
820,TIER1_STRONG,69,0,tau_mri_820;b_max_820;g_l3_ye_820
821,TIER1_STRONG,54,1,tau_acc_821;ndot_inj_821;g_l3_crp_821
822,TIER1_STRONG,43,0,r_q_822;fm_open_integral_822;delta_q2_822
823,TIER1_STRONG,41,0,ug3_ext_823
824,TIER1_STRONG,52,0,t_spiral_torque_824;t_spiral_density_824;sn_term_824;epsilon_sn_824
825,TIER1_STRONG,49,0,p_wind_kinetic_825;r_shock_825;w_shock_825;p_outflow_825
826,TIER1_STRONG,72,1,qg_term_826;dm_term_826
827,TIER1_STRONG,42,0,w_stellar_827;net_wind_rad_827
830,TIER1_STRONG,47,0,n_isotope_830;e_isotope_830
831,TIER1_STRONG,59,1,f_ubi_mice_831_stated
832,TIER1_STRONG,54,1,f_orbit_832;f_tide_832
834,TIER1_STRONG,60,1,rho_nfw_834;f_gal_834
836,TIER1_STRONG,92,1,fubi_grant_integrand_632;f_ubi_mice_831_stated
837,TIER1_STRONG,78,1,bsm_forces_837_stated
839,TIER1_STRONG,86,0,f_led_839_stated
841,TIER1_STRONG,90,1,force_hierarchy_span_841;fubi_13term_841
842,TIER1_STRONG,65,1,f_res_pcvt_842
847,TIER1_STRONG,53,1,fubi_grant_integrand_632;f_neutron_840
850,TIER1_STRONG,85,0,f_led_850_stated
853,TIER1_STRONG,39,0,solfeggio_freq_853;e_coherent_853;beta_triad_853
854,TIER1_STRONG,41,0,k_eta_env_854
855,TIER1_STRONG,54,0,delta_n_base_855
861,TIER1_STRONG,36,1,f_orbit_832;f_tide_832;m_acc_754
862,TIER2_THIN,2,0,um_master_862;omega_eq_862
864,TIER1_STRONG,39,1,f_lrc_864
865,TIER1_STRONG,26,0,f_aether_spooky_865
866,TIER1_STRONG,39,0,b_net_caduceus_866
870,TIER1_STRONG,47,0,r_eb_870;lambda_decay_870
871,TIER1_STRONG,44,0,v_layer_log10_871;decel_log10_871
878,TIER1_STRONG,34,0,alpha_blend_878
896,TIER1_STRONG,61,0,fwhm_896
899,TIER1_STRONG,38,0,net_factor_899
900,TIER1_STRONG,50,0,w_kessence_900;cs2_kessence_900
903,TIER1_STRONG,47,0,p_cavity_903
905,TIER1_STRONG,55,0,omega_h_905;superradiance_905
909,TIER1_STRONG,35,0,t_h_phonon_909
911,TIER1_STRONG,48,0,theta_jet_911
912,TIER1_STRONG,55,0,omega_dot_ns_912
913,TIER1_STRONG,47,1,tau_sd_913
914,TIER1_STRONG,66,0,lambda_tidal_914;lambda_uqff_914
916,TIER1_STRONG,55,0,p_ns_916
918,TIER1_STRONG,39,0,snr_uqff_918;v_ratio_918
919,TIER1_STRONG,59,0,flare_contrast_919
922,TIER1_STRONG,40,0,p_jet_gamma_922;p_bz_926
925,TIER1_STRONG,38,0,m_jet_gauss_925
928,TIER1_STRONG,68,0,n_uqff_928
929,TIER1_STRONG,72,0,tau_char_929;b_phonon_929
933,TIER2_NONE,0,0,p_bz_8pi_933
935,TIER1_MODERATE,5,0,lambda_tilde_935
936,TIER2_THIN,1,0,delta_phi_936
937,TIER1_MODERATE,9,0,l_vhe_937
938,TIER2_THIN,3,0,v8_benchmark_938
939,TIER2_NONE,0,0,p_bz_8pi_933;m_jet_gauss_925
940,TIER2_NONE,0,0,p_bz_8pi_933;m_jet_gauss_925;doppler_932
942,TIER2_THIN,1,0,theta_half_942
947,TIER2_NONE,0,0,p_bh_947
948,TIER2_NONE,0,0,v9_benchmark_948
953,TIER2_THIN,4,0,ramanujan_accel_953
958,TIER1_MODERATE,5,0,v10_benchmark_958
959,TIER2_THIN,3,0,r_n_26_959;s26_z_959
960,TIER2_THIN,1,0,polylog_26;s26_z_959
962,TIER1_MODERATE,6,0,t_rev_962
964,TIER2_THIN,1,1,delta_r_964;n_v_964;r_n_shell_964
968,TIER2_THIN,1,0,v11_benchmark_968
969,TIER2_THIN,4,0,r_n_26k_969;mock_theta_969;s26_k_969
972,TIER2_THIN,3,1,dn_deta_972
973,TIER1_MODERATE,9,1,t_c_mub_973
976,TIER2_THIN,1,1,m_enc_nfw_976;rho_icm_beta_976;p_icm_976
977,TIER1_MODERATE,6,0,v12_benchmark_977
993,TIER1_STRONG,44,0,m_jet_gauss_925
995,TIER1_STRONG,46,1,f_u99_sweep_995
997,TIER1_STRONG,45,0,v13_benchmark_997
1006,TIER1_STRONG,40,1,alpha_s_running_1004;dn_deta_972
1007,TIER1_STRONG,40,1,alpha_s_running_1004;t_c_mub_973
1008,TIER1_STRONG,40,1,alpha_s_running_1004
1013,TIER1_STRONG,39,0,dn_deta_npart_1013
1018,TIER1_STRONG,45,0,v15_benchmark_1018
1026,TIER2_THIN,3,1,r_dot_reion_1026;tau_reion_shift_1026
1029,TIER1_MODERATE,5,0,f_bary_orbit_1029
1032,TIER2_THIN,3,0,dust_accel_1032
1033,TIER1_MODERATE,5,0,bar_accel_1033
1038,TIER2_THIN,3,0,wd_cooling_1038
1040,TIER2_THIN,3,0,shock_jump_phonon_1040
1041,TIER2_THIN,3,1,cool_core_dT_1041
1042,TIER2_THIN,4,0,z_mock_partition_1042;chi_mock_1042
1047,TIER2_THIN,2,0,iax_momentum_1047
1051,TIER1_MODERATE,7,1,duality_residual_1051;r_d_duality_1051
1065,TIER2_THIN,4,0,h_buoyancy_1065
1069,TIER1_MODERATE,5,0,vds_dvp_bsh_identity_1069
1072,TIER2_THIN,2,0,h_scm_activation_1072
1075,TIER1_MODERATE,5,1,v_circ_muge_1075
1076,TIER1_MODERATE,6,0,gamma_t_de_1076;w_z_de_1076
1077,TIER1_MODERATE,10,1,j_planck_1077;i_nu_alma_1077
1079,TIER1_MODERATE,6,0,p_core_wind_1079
1080,TIER1_STRONG,35,0,r_n_dk_1080;f_u_twostage_1080
1083,TIER2_NONE,0,0,core_energy_rate_1083
1085,TIER1_STRONG,22,0,h_hubble_mod_1085
1087,TIER1_STRONG,20,0,w_de_1087
1088,TIER1_MODERATE,13,0,fubi_seven_1088
1090,TIER1_MODERATE,15,1,l_de_1090
1091,TIER1_MODERATE,8,0,v23_benchmark_1091
1092,TIER1_MODERATE,7,0,p_scm_k_1092;c_ell_scm_1092
1097,TIER1_MODERATE,7,0,m_r_grid_1097
1099,TIER1_MODERATE,5,0,v25_effective_1099
1102,TIER1_MODERATE,11,0,h_scm_holonomy_1102;tr_j_1102
1103,TIER2_THIN,1,0,a_v_spinfoam_1103;m_eff2_1103
1104,TIER1_STRONG,22,0,fubi_split_1104;chirp_eta_identity_1104
1110,TIER1_MODERATE,8,0,f_riemann_1110;t_pi_cycle_1110
1112,TIER2_THIN,1,0,t_v26_1112
1114,TIER2_THIN,2,0,gamma_h_bound_1114
1120,TIER1_MODERATE,7,1,sigma_higgs_modes_1120
1122,TIER2_NONE,0,1,r_bowshock_1122;t_postshock_1122
1123,TIER2_NONE,0,0,tau_maser_1123
1124,TIER2_THIN,1,0,sigma_dwarf_1124;f_z_cgm_1124
1126,TIER1_STRONG,30,1,u_g1_psr_1126;f_neutron_psr_1126
1127,TIER1_STRONG,34,1,a_min_lqg_1127
1131,TIER1_STRONG,45,0,cos_pi_tn_1131
1139,TIER1_MODERATE,13,0,p_pons_fleischmann_1139
1141,TIER1_STRONG,29,1,cop_rossi_1141;gamma_T_1141
1149,TIER1_STRONG,45,1,e_dpm_state_1149;f_ubi_psz2g181_1149;v_sound_icm_1149
1150,TIER1_MODERATE,19,1,x2_root_1150;x2_root_stated_1150
1152,TIER1_MODERATE,10,0,casimir_ladder_1152;sigma_n10_1152
1153,TIER1_MODERATE,5,0,net_zero_pi_epoch_1153
1157,TIER2_THIN,1,1,h0_asymmetry_1157
1158,TIER1_MODERATE,11,0,overdetermination_test_1158
1161,TIER1_MODERATE,10,0,pochhammer_26_1161;ratio_22_26_fact_1161
1162,TIER1_MODERATE,5,0,kk_tower_sum_1162;kk_lambda_product_1162
1163,TIER1_MODERATE,5,0,so2_lightcone_1163
1165,TIER1_STRONG,35,0,beta_i_triangular_1165;beta_i_sum_1165
1177,TIER2_NONE,0,0,chi2_falsifier_1177
1178,TIER2_NONE,0,0,dw_dz_1178
1183,TIER1_STRONG,33,0,r_ddot_variational_1183
1185,TIER1_MODERATE,11,0,eta_nu_1185;dt_skew_1185
1186,TIER2_THIN,4,0,d_comoving_1186;l_eddington_1186
1189,TIER2_THIN,2,0,hz_photoevap_1189
1191,TIER2_THIN,1,0,f_gap_bayesian_1191
1192,TIER2_THIN,1,0,v_shock_snr_1192;v_sedov_1192
1193,TIER1_MODERATE,5,0,delta_c_pvsnp_1193
1194,TIER1_MODERATE,9,0,gamma_tde_1194
