function,literal_count,literals,status
G_from_bh26,1,6.674e-11,QUEUED
G_void_coupling,1,6.674e-11,QUEUED
Ubi_validated,1,0.603,QUEUED
Ug2_validated,1,0.99,QUEUED
Um_full_amplifier,2,1.0e13;1e13,QUEUED
V_phi_NS,1,24.0,QUEUED
_make_dc_dispatch,1,2026,QUEUED
_p1280,2,0.99596;100.0,QUEUED
_p1316,4,0.098;100.0,QUEUED
_p1318,6,1.736;100.0;1e-9,QUEUED
_p1338,1,5.0,QUEUED
_p1368,5,1.44e21;100.0;3e21,QUEUED
_p1403,1,2026,QUEUED
_p1418,7,100.0;20.5;3.62e18;3e18,QUEUED
_p1420,6,0.9435;100.0;13.8,QUEUED
_p1488,1,10.0,QUEUED
_p1490,3,0.4553;13.8,QUEUED
_p1493,2,10.0;1e-20,QUEUED
_p1516,2,0.0028;100.0,QUEUED
_p1525,2,0.094;100.0,QUEUED
_p1526,2,0.092;100.0,QUEUED
_p1529,4,0.146;100.0;6.0,QUEUED
_p1530,4,0.231;1.2020569032;100.0,QUEUED
_p1687,2,0.99596,QUEUED
_p1725,4,2018;5.283e-10;5.957e-10,QUEUED
_p1742,1,2013,QUEUED
_p1794,4,100.0;124.98;125.0,QUEUED
_p1801,6,0.0076;0.008;0.0093;0.0094;0.0252;0.0274,QUEUED
_p1808,1,2026,QUEUED
_p1812,1,9.0,QUEUED
_p1813,18,0.01;1.5108;100.0;12.3524;12.3529;18.7727;18.7728;2.4204,QUEUED
_p1973,4,1.09725;1.0973;1.097e-3,QUEUED
_p1999,2,4945,QUEUED
_p2118,1,2118,QUEUED
_p2130,7,2093;2094;2112;2125;2129;2130;2544,QUEUED
_p2140,1,1280,QUEUED
_p657b,3,1.496e13;3.38e23;5e-5,QUEUED
_paper_285,24,0.6931;1.454e-12;1.578e14;100.0;2.079;2.83;3.156e13;4.36e-13,QUEUED
_paper_288,30,0.2277;1.592e14;100.0;13.8;1e-10;1e15;2.455e-10;2.86,QUEUED
_paper_292,28,1.812e-19;1.812e-9;11385;1812;1e-10;1e12;1e15;2.90,QUEUED
_phi56,2,5.0;6.0,QUEUED
a_burst_decay,4,1000.0;1e28;2.785e30;2e4,QUEUED
a_dust_763,3,1e-12;4e-1,QUEUED
a_fil_703,4,1.25663706212e-06;1e-12;2.840e-9,QUEUED
a_mag_bubble_813,1,6.287e-14,QUEUED
a_res_amplitude,3,1.06e-15;1e15;9.274e-24,QUEUED
a_scale_586,1,700.0,QUEUED
a_ubi_786,1,1.67262192369e-27,QUEUED
a_v_spinfoam_1103,1,0.2375,QUEUED
a_wind_702,1,2.5e-7,QUEUED
aaether_freq_term,3,1.445e-17;1.576e-35,QUEUED
aaether_res_term,2,1e10;1e12,QUEUED
aether_ion_concentration,1,0.01,QUEUED
agn_feedback_scm,7,0.99;1.099;10.0;3.5;3.85,QUEUED
agn_jet_feedback_force,1,1275,QUEUED
alfven_velocity_si,3,1e-20;1e-5;8.921e7,QUEUED
alice_multiplicity_uqff,8,0.0674;0.156;14887.0;380.0;5.28,QUEUED
alpha_bec_prob,5,0.10;0.85;8.0,QUEUED
alpha_binding_energy,3,0.012;28.30,QUEUED
alpha_fine_590,1,2026,QUEUED
alpha_from_phi_res_1159,5,0.65;130.0;137.036;7.2974e-3;7.3456e-3,QUEUED
alpha_s_running,1,6.0,QUEUED
aluminum_density,2,2700;2700.0,QUEUED
anisotropy_cross_section,2,0.00387;15.28,QUEUED
aquantum_freq_term,2,1.445e-17,QUEUED
archimedes_effective_density,1,0.99,QUEUED
asuper_freq_term,3,1e-8;6.287e-19,QUEUED
asuper_pn_confirm,6,1.747e-9;1e12;2.497e-31;6.994e21,QUEUED
atomic_mass_emergence,2,10.0;63.2,QUEUED
avac_diff_term,5,0.9;6.381e-36,QUEUED
b0_qcd,3,11.0;12.0;6.0,QUEUED
b_dpm_calibrated_572,3,2.5e-3;3.2e-2,QUEUED
b_hse_999,3,0.17;0.20,QUEUED
b_j_dipole_725,1,1.25663706212e-06,QUEUED
b_max_820,1,1e15,QUEUED
b_pseudo_701,1,1.25663706212e-06,QUEUED
b_sky_uqff_stated_564,3,2.1e-22;3.2e-2,QUEUED
backbone_coverage_stated,6,0.12e4;6.33e4;89.5,QUEUED
bao_scale,3,0.033040;2018,QUEUED
baryon_asymmetry,2,1.0e-4;1.0e-6,QUEUED
baryon_photon_eta,2,6e-10,QUEUED
basel_lenr_energy,5,1.64493;2000;26.9;4.31e-12,QUEUED
bb_init_586,1,700.0,QUEUED
bbdt_core,1,700.0,QUEUED
be_per_nucleon,1,8.79,QUEUED
bell_classical_bound,1,2.75,QUEUED
belly_button_resonance,2,1e-8;300.0,QUEUED
beta_model_density,1,1.5,QUEUED
betti_number_bound,1,4.0329e26,QUEUED
bh26_freq_598,1,92e9,QUEUED
big_bang_shell,1,700.0,QUEUED
bigbang_mass_growth,2,1e53;4.35e17,QUEUED
blazar_luminosity_function,4,1.7;3.5,QUEUED
braking_index_uqff,2,0.375;1.5,QUEUED
bsd_rank_ordinal,3,0.005;0.30598;1.0e-9,QUEUED
bsm_forces_837_stated,4,1.54e7;1e4,QUEUED
bubble_expansion_ratio,2,0.05;7635,QUEUED
bubble_radius_resonant,1,3.3,QUEUED
bubble_weaver_radius,1,0.6,QUEUED
buoyancy_efficiency_ratio,1,1150,QUEUED
c13_ratio_pred,2,0.01,QUEUED
c_bcs_uqff_986,1,1.764,QUEUED
c_from_bh26,1,3e8,QUEUED
c_sr_calibration,1,0.0796,QUEUED
cabibbo_angle,1,0.2277,QUEUED
cabibbo_dcs_ratio,2,0.231;2.84e-3,QUEUED
cc_orders_gap,2,122.9;4.633e113,QUEUED
ccw_cw_differential,3,2.5e-6;2.9e-6;4e-7,QUEUED
champagne_flow_check,1,7.664e18,QUEUED
chi2_falsifier_1177,1,1179,QUEUED
chirp_mass_modification,1,5.0,QUEUED
chirp_mass_q_814,2,0.6;1.2,QUEUED
chsh_bound_1222,1,2.828,QUEUED
chsh_bound_tsirelson,1,2.828,QUEUED
chsh_parameter,2,2.75,QUEUED
cia_refit_values,9,0.004997;11.65;1e-34;2506.09257;7.25e8,QUEUED
ckm_row2_unitarity,3,0.0392;0.221;0.975,QUEUED
ckm_scm_flavor,2,0.0392;1.5366e-3,QUEUED
ckm_unitarity_deficit,1,0.65,QUEUED
cmb_spectral_index_ns,2,0.9649,QUEUED
cnb_stated_params,7,1e-12;1e-37;6.25e36;9.07e-42,QUEUED
coherence_constant_ngc1792,2,1e-9,QUEUED
collatz_steps_584,1,10000,QUEUED
compressed_fluid_term,1,4.189e-2,QUEUED
compressed_muge_total,1,1.782e39,QUEUED
compressed_quantum_term,7,0.3312;1.0546e-34;1e-68;2.176e-18;4.35e17,QUEUED
compressed_ug2_full,1,0.99,QUEUED
compton_wavelength_pm,2,2.426,QUEUED
confinement_icrit,3,1.2e-15;1.3e-15,QUEUED
conjecture_closure_1241,1,1248,QUEUED
cooling_accel_over_radius,4,1.892e21;1275;4.76e-14;9e7,QUEUED
cop_283_863_stated,2,1.25;283.0,QUEUED
core_field_oscillation,2,0.4,QUEUED
cosmic_flambda,2,0.05;0.27,QUEUED
cosmic_neutrino_background,4,1.95;3.36e8,QUEUED
cosmic_ray_aether_drag,1,0.37,QUEUED
cosmic_ray_knee_energy,3,3.09e15;8.04e16,QUEUED
cosmic_ray_spectrum,2,2.2,QUEUED
cr_diffusion_powerlaw,5,0.45;0.6;10.0;1e28,QUEUED
crab_expanding_radius,5,1.5e6;1054;3.068e10;5.20e16;6.1e15,QUEUED
crab_spindown_luminosity,6,1e38;2200;33.5e-3;4.21e-13;4.4e31;4.6e31,QUEUED
cross_platform_agreement,6,0.998;0.999;2025;6688;99.8;99.9,QUEUED
curvature_5th_factor,1,5.3e-54,QUEUED
d1_displacement_iter,3,1e-5;4.000040,QUEUED
d_corrected_pcr,3,0.314;4.83;5.40,QUEUED
d_phonon_915,1,367.8,QUEUED
d_rydberg_1133,5,0.154;2.3;2.9;5.292e-11,QUEUED
dark_matter_fraction_term,2,0.268,QUEUED
dark_sector_suppression,1,0.749,QUEUED
defect_mod_656,4,0.001;0.01,QUEUED
delta_buoy_total_267,2,1e-9;1e8,QUEUED
delta_d_pcr,3,0.314;0.575;4.83,QUEUED
delta_g_stress_818,2,2.5e-11;8.0,QUEUED
delta_lambda_639,4,0.1294;0.99;5e-4;6.54e-5,QUEUED
delta_m_vlq_635,6,0.37;29.75;29.8;80.4,QUEUED
delta_mu_ladder_1174,2,0.018,QUEUED
delta_n_base_855,1,6.0,QUEUED
delta_phi_915,2,367.8,QUEUED
delta_phi_936,1,367.8,QUEUED
delta_phi_holonomy,1,2026,QUEUED
delta_vac_differential,4,0.0999;0.9;0.9001,QUEUED
derive_rho_scm_micro,3,1.0e-37;1e-37;7.0898e-37,QUEUED
det_uqff_at_zero_599,1,27.0,QUEUED
detection_volume_ratio,1,0.333,QUEUED
deuterium_ratio_pred,2,1e-5,QUEUED
dg_dt_sfr,3,1.553e-24;5.2e17;6.303e21,QUEUED
diffusion_energy_scaling,1,2.2,QUEUED
dipole_pairing_potential,2,40.0;5.905e-39,QUEUED
disk_ram_force,1,2.268e-18,QUEUED
dm_shell_partition,2,0.80,QUEUED
dn_deta_npart_1013,1,0.99,QUEUED
dpm_center_energy,3,10.0;35.0;7e-11,QUEUED
dpm_center_radius,2,10.0;35.0,QUEUED
dpm_force_density,2,1.500e-10;1.500e25,QUEUED
dynamical_friction_time,4,0.428;10.0;1e8,QUEUED
e_aether_eff_727,1,1.683e-10,QUEUED
e_dna_strand,1,1.587e-8,QUEUED
e_flow_dna_808,3,10.5;3.4e-9;34.29,QUEUED
e_meson_cascade_1135,11,0.511;105.0;139.0;1675.511;493.0;938.0,QUEUED
e_n_hodge_563,2,10.0;1e-19,QUEUED
e_oscillation_717,2,1.25663706212e-06;7.96e-22,QUEUED
e_react_647,3,1e46;5e-4,QUEUED
e_react_dcs_638,2,1.45e-4,QUEUED
e_shock_712,2,0.15,QUEUED
e_space_717_stated,2,5.52e-104,QUEUED
earth_axial_precession_yr,2,1.617e11;25772.0,QUEUED
effective_charge_coupling,3,1.0e-10;2e-10,QUEUED
electron_g2_anomaly,4,0.001159652;0.328;137.035999,QUEUED
emergent_ug1_dpm,1,1e-4,QUEUED
entropy_avalanche_ln,5,0.693;1.386;1.945;1e17;4.23,QUEUED
erosion_growth_form,2,1.578e14;1792,QUEUED
erosion_half_time,1,2.079,QUEUED
eta_aether_inverse_energy,3,1.49e-35;1e63;6.7e34,QUEUED
eta_b_confinement,5,1e-10;1e-5;2.513e-6;3.979e5;6302,QUEUED
eta_dm_vis_partition,4,0.15;0.85;5.667,QUEUED
eta_em_hydrogen,9,1.6022e-19;1.6726e-27;1e-4;2.1877e6;3.85e13;3.99e-17;5.2918e-11;9.1094e-31,QUEUED
eta_nt_818,2,0.16;0.18,QUEUED
eta_nu_1185,2,1.855e43;2.176e-5,QUEUED
eval_proofset,3,0.014;1199;1200,QUEUED
ew_t_parameter,2,0.222,QUEUED
exotic_matter_condition,2,1.75e5,QUEUED
f_act_835,2,1e-6;300.0,QUEUED
f_aether_828,1,1e-10,QUEUED
f_bary_orbit_1029,1,0.003,QUEUED
f_centrif_dpm,1,5.22e10,QUEUED
f_centrip_dpm,1,7.54e10,QUEUED
f_cnb_neutrino,6,1.0e-27;1.7e-4;2.70e-23;3.36e8;9.07e-42,QUEUED
f_conduit_h2o,2,0.74;8.99e9,QUEUED
f_env_sfr,1,0.8,QUEUED
f_eq_579,1,27.0,QUEUED
f_feedback_metal_retention,2,0.063,QUEUED
f_ion_evo_829,1,1.70e35,QUEUED
f_led_839_stated,2,1e-23,QUEUED
f_led_850_stated,3,2026;6.72e-24,QUEUED
f_mag_buoyancy_volume,2,1e-5;3.98e-5,QUEUED
f_neutron_cross,6,1006;1e-4;1e10;1e30;1e40,QUEUED
f_neutron_psr_1126,6,1e-22;1e-4;1e10;1e17;1e45,QUEUED
f_neutron_t_840,1,1e10,QUEUED
f_orbit_sacred,4,1e-10;5.3e-12;5.757,QUEUED
f_pbh_685,1,30.203131427322724,QUEUED
f_pol_630,2,0.04;1e17,QUEUED
f_ratio_608,2,5.22e10;7.54e10,QUEUED
f_res_hi21,3,1.4204;8.9282e9,QUEUED
f_scm_forcing,2,1e15;2.958e8,QUEUED
f_scm_pair_735,1,1000.0,QUEUED
f_scm_time_reversed,2,1e15;2.958e8,QUEUED
f_shock_front,1,0.01,QUEUED
f_sm_26d,1,8.0,QUEUED
f_super_coalescence,4,1.411e16;1.555e7,QUEUED
f_total_569,4,1.49e20;2.08e-26;2.1e-26;3.1e-6,QUEUED
f_trz_sgra,4,0.94;5.6e-4;5.95e-4,QUEUED
f_u_pert_cme_1081,1,1.58e5,QUEUED
f_u_twostage_1080,2,1090;2026,QUEUED
f_ub_650,4,2.0e-6;2026;3.18e-7;3.2e-7,QUEUED
f_ub_scale_736,4,1e5;1e7,QUEUED
f_ub_volume_factor,2,7.25e8,QUEUED
f_ubi_mice_831_stated,2,1.66e212,QUEUED
f_ubii_causal_role,1,2151,QUEUED
f_z_cgm_807,2,0.10;0.89,QUEUED
factorial_26_landmark,1,4.0329e26,QUEUED
fdpm_amplitude,3,1e21;3.142e26;3.142e8,QUEUED
fe56_be_per_a,3,0.019;8.79,QUEUED
feedback_ratio_phi,2,3.156e13;3603,QUEUED
fermi_null_modulation,2,1.0e-5;1e-5,QUEUED
fine_structure_alpha,3,0.138;137.035999,QUEUED
fine_tuning_ratio_uqff,2,1e-120,QUEUED
flare_contrast_kact,2,3.49e-3;5.56e-4,QUEUED
fnl_single_field,7,0.015;0.9;0.9649;12.0;2018;5.0;5.1,QUEUED
force_equivalence_stated,14,1e-12;1e-15;1e-4;1e31;2.11e208;2.53e208;6e34;6e38,QUEUED
formula_of,1,2026,QUEUED
fpeak_compactness,1,2.5e3,QUEUED
frequency_hierarchy_stated,14,1.269e-14;1.445e-17;1.576e-35;1e-6;1e10;1e12;5.56e-4,QUEUED
fsc_influence_718,1,137.0,QUEUED
fu_4body_stated,4,2.064e59;4.219e-10,QUEUED
fu_dissipation_term,1,2025,QUEUED
fu_pymander_621,3,2.38e67;3.33e-6;7.93e61,QUEUED
fubii_anyons_gaussian,2,4.3e33;6.33e4,QUEUED
fubii_bbn_deuterium,1,32.0,QUEUED
fubii_fermi,1,1.22e-19,QUEUED
fubii_general_scaling,4,4.3e33;6.33e4,QUEUED
fubii_knee_stationary,2,3.0e15;3e15,QUEUED
fubii_lqc_friedmann,2,0.41;8.0,QUEUED
fubii_mhd_dynamo,2,1.5;1e10,QUEUED
fubii_migration_t1,2,1.36,QUEUED
fubii_mm_coupling,3,1.05;1e-30,QUEUED
fubii_quadratic_roots,2,1e-113;2.11e208,QUEUED
fubii_source10_master,1,2.11e208,QUEUED
fubii_spindown_age,2,1e-15,QUEUED
fubii_uv_coupling,2,1e-30,QUEUED
fuzzy_dm_mass,2,3.81e-24,QUEUED
g_eff_defect_726,2,0.001;1.001,QUEUED
g_freq_planck_derived,2,1.616e-35;1.65e-122,QUEUED
g_l3_crp_821,1,3.41e44,QUEUED
g_l3_ye_820,2,2026;2e-7,QUEUED
g_osc_traveling,1,13.8,QUEUED
g_shock_1121,2,0.01;1e-8,QUEUED
galactic_fubi_class_stated,16,1.02e-32;1.45e-47;2.09e212;2.29e-41;2.9;2025;4.12e-41;60.7,QUEUED
gamma_bh_dominance,2,0.01;1e11,QUEUED
gamma_growth_749,4,0.0488;0.049;5e-5,QUEUED
gamma_h_bound_1114,5,0.810;3.4;4.2,QUEUED
gamma_nu_819,2,0.22,QUEUED
gamma_ratio_640,6,0.1826;1.406e33;33.15;33.6;7.7e33;98.7,QUEUED
gamma_total_decay,1,5e-5,QUEUED
genesis_fu_value,3,1.18e53;1e46,QUEUED
glitch_soc_index,2,1.6,QUEUED
globular_delta_G,2,2.3e-4,QUEUED
golden_ratio_reactor,1,5.0,QUEUED
gr_span_ratio,5,5.056;7.040e-44;7.18e43,QUEUED
grad_ua_eq_622,1,31.62,QUEUED
gravitational_self_energy,1,1.782e39,QUEUED
grind_opp_601,2,5.22e10;7.54e10,QUEUED
gw_inspiral_frequency,1,8.0,QUEUED
gzk_cutoff_shift,1,100.0,QUEUED
h0_tension_epsilon_1187,2,0.09,QUEUED
h2_rotational_energy,3,60.853;7.55e-23,QUEUED
h_dpm_590,1,1e-5,QUEUED
h_inf_587,3,0.27;0.52;9.99e-6,QUEUED
h_ratio_gw_666,1,0.9,QUEUED
h_res_master,2,1e-10;1e-15,QUEUED
h_scm_activation_1072,3,0.99;59.95,QUEUED
h_scm_core_kinetic,6,1e12;1e8;3.98e11;5e-5;5e27,QUEUED
h_ug3_string_rotation,1,1.8,QUEUED
h_uqff_pcr_factor,2,1.011;2026,QUEUED
halflife_from_tau,3,1386;2000.0;3.80,QUEUED
heaviside_neutron_gate,1,1e13,QUEUED
heavy_electron_mass_ratio,2,1.0e11;2.53,QUEUED
helium_mass_fraction,2,0.247,QUEUED
hellings_downs_curve,2,1.5;6.0,QUEUED
higgs_cp_asymmetry,2,0.507;0.74,QUEUED
higgs_cp_oneloop,2,0.9;137.0,QUEUED
higgs_frequency_uqff,6,1.055e-34;1.602e-10;1.897e26;125.0;3.023e25;8e-34,QUEUED
higgs_vev_integer,1,246.0,QUEUED
higgs_vev_marker,1,246.0,QUEUED
higgs_width_scenario,2,4.07e-3;780.0,QUEUED
hodge_total_563,2,2.88e22,QUEUED
hse_bias_uqff,3,0.17;0.20,QUEUED
hubble_evolution_Ez,1,1156,QUEUED
hubble_horizon_radius,2,3.328;4.4e26,QUEUED
hubble_ua_correction,1,1.0e-4,QUEUED
hydrostatic_bias_uqff,2,0.17,QUEUED
hz_photoevap_1189,5,0.05;1.37;16.0;1e38,QUEUED
hz_radii_1214,4,203.0;269.0;288.0,QUEUED
inertial_operator_frz,2,0.6580;15.0,QUEUED
inflation_spectral_index,2,0.9833;6.0,QUEUED
interaction_modulation,3,0.047;0.05,QUEUED
ionization_evolution_rate,2,2.6e-13,QUEUED
k_act_activity_term,3,12.5;1e-5,QUEUED
k_de_luminosity_term,3,1e-20;1e20;1e40,QUEUED
k_eta_503,2,1e-113,QUEUED
k_eta_env_854,6,1.91e2;2.75e8;6.06e-6,QUEUED
k_h_735,5,13.6;3e20;4.53e-20,QUEUED
k_pcr_coupling,1,81.0,QUEUED
k_pol_nomad_bound,4,0.0752;1.33e-31;1e-32,QUEUED
kaluza_klein_mass,2,11.6,QUEUED
kappa_faint_young_sun_implied,5,0.000212;0.7;1.68e12;2.12e-13;5e-4,QUEUED
kappa_perp_magnetar_1188,3,1e10;4.414e13;4.6e9,QUEUED
ke_density_shock,2,1.125e-14;1500,QUEUED
ke_to_binding_ratio,2,3.564e5;6302,QUEUED
khinchin_constant,2,2.6854,QUEUED
kilonova_tpeak,1,2.998e10,QUEUED
kk_lambda_product_1162,1,4.0329e67,QUEUED
kk_mass_scale,1,3.16153e-26,QUEUED
kk_tower_sum_1162,5,1.624e-37;2.480e-27;2000;25.0;6.55e-11,QUEUED
kozima_neutron_static,2,1.0e-4;1.0e10,QUEUED
kretschmann_bsfg,1,12.0,QUEUED
l_cw_607,1,7.54e10,QUEUED
l_dvp_565,3,2.95e24;4.4e26,QUEUED
l_i_compact,2,1.616e-35;700.0,QUEUED
l_uqff_local_563,2,0.6736;2026,QUEUED
lambda_decay_870,2,1000.0;2026,QUEUED
lambda_mean_609,1,9.0,QUEUED
lambda_scale_640,2,2026;8.3,QUEUED
lambda_tilde_935,4,12.0;13.0;16.0,QUEUED
layer_frequency_scale,12,1e-10;1e14;1e15;1e16;1e19;1e22,QUEUED
layer_weight_sum_26,1,6279,QUEUED
lcdm_comparison_score,9,0.6;0.8;0.9;141.5;142.4;162.0,QUEUED
lenr_resonance_term,1,1.0e-10,QUEUED
lensing_f_vac,2,0.083;0.37,QUEUED
lqg_area_operator,3,0.2375;2.612e-70;8.0,QUEUED
lyman_alpha_TS_ratio,3,0.2277;13.8,QUEUED
lyman_alpha_bridge,3,0.2277;13.8,QUEUED
lyman_triple_lock,3,1.000;4.895e10;7.298e13,QUEUED
m16_pillar_lifetime,2,4.5;4.5e6,QUEUED
m_b_phillips_697,6,0.74;1.1;19.3,QUEUED
m_chirp_eta_943,1,0.6,QUEUED
m_crit_pbh_685,2,30.2;30.203131427322724,QUEUED
m_gas_uqff_1190,5,0.8;1200;2026;4.3,QUEUED
m_jeans_1121,1,1.5,QUEUED
m_mag_745,2,1.25663706212e-06;2.7e-17,QUEUED
m_phonon_1066,1,8.0,QUEUED
m_sigma_relation,1,200.0,QUEUED
m_w_641,5,0.775;0.99;79.49;91.188,QUEUED
madau_psi,6,2.7;2.9;5.6,QUEUED
magnetar_spindown_field,2,3.2e19,QUEUED
magnetar_spindown_freact,2,1e10,QUEUED
mass_gap_dpm,2,1e-5;3.333e-6,QUEUED
mcmc_calibration_stated,8,0.0005;0.99;1e-4;2000;2000.0;5e-4,QUEUED
mdot_evap_744,2,1.6735575e-27;2.6e-13,QUEUED
meissner_gravitational_gate,4,1e-10;1e-21;1e11,QUEUED
merger_compression,2,2.3,QUEUED
merger_geometric_factor,3,1.83;2.3,QUEUED
merger_gravity_boost,1,400.0,QUEUED
meson_cascade_ratio_648,4,0.5254;493.0;938.3,QUEUED
meson_cascade_step,2,105.7;139.6,QUEUED
metric_perturbation,1,1.0e-22,QUEUED
mode_amplitude_ratio_268,4,1792;2.49e-12;4.352e17;7.2e-18,QUEUED
modified_friedmann_q,2,1.1e-52;8.0,QUEUED
modified_friedmann_uqff,1,8.0,QUEUED
modulated_spin_rate,2,0.4e-6,QUEUED
mu_j_modulated_724,2,0.4,QUEUED
muge_expansion_gate,1,0.05,QUEUED
muge_ug2_charge_reactivity,1,8.99e9,QUEUED
n0_planck_steps,3,4.35e17;5.39e-44;8.07e60,QUEUED
navier_stokes_enstrophy_cap,2,0.85,QUEUED
nbody_accel_691,1,1.5,QUEUED
negative_time_tneg,2,2512;2512.0,QUEUED
neutrino_energy_196,1,1.05e5,QUEUED
neutrino_vacuum_ratio,2,0.113,QUEUED
new_physics_tev_br,3,0.12;11.6,QUEUED
nlevel_energy,1,10.0,QUEUED
ns_jet_force_grid,3,1e7;1e8,QUEUED
nu_flux_uqff,5,0.035;0.314;0.342;1.296;100.0,QUEUED
nuclear_core_coupling,2,1000.0;56.0,QUEUED
null_extraction,1,1e-30,QUEUED
oceanic_buoyancy_salinity,4,0.035;1025.0;3.5;9.81,QUEUED
offdiag_13_coupling,1,6.227e9,QUEUED
omega_c_734,3,1.5866e-8;3.96e8,QUEUED
omega_egg_587,2,9.99e-6,QUEUED
omega_egg_parameter,4,0.05;0.20;9.47e-27,QUEUED
outburst_drain_time,5,12.7;1745;2.01e37;4.02e8;5e28,QUEUED
outflow_kinetic_power,1,8.985e7,QUEUED
overdetermination_test_1158,1,0.01,QUEUED
overlay_620,1,2026,QUEUED
p26_integral_01,1,0.7468,QUEUED
p_bh_947,1,2.5,QUEUED
p_core_wind_1079,2,4.3e5;8e-21,QUEUED
p_excess_parkhomov_1138,4,1.009e-16;24.0;2e18,QUEUED
p_gr_merger_943,3,3.6e49,QUEUED
p_mizuno_1140,3,1.009e-16;1150;2026,QUEUED
p_order_564,1,9.0,QUEUED
p_pons_fleischmann_1139,5,1.009e-16;1e-9;3600;3600.0;6.8e28,QUEUED
p_scm_k_1092,1,0.05,QUEUED
p_transition_720,1,0.490,QUEUED
page_recovery_purity,2,0.99596,QUEUED
pbh_abundance_correction,6,0.96;0.965;1.005;3.5,QUEUED
pbh_collapse_threshold,2,0.45,QUEUED
pbh_threshold_uqff,1,0.45,QUEUED
pcr_field,3,1.6180339887;144000.0;7.83,QUEUED
pcr_phase,3,1.6180339887;144000.0;7.83,QUEUED
per_system_muge_stated,15,0.67;1.27e10;1.33e6;1.394e-7;2.73e-12;3.07e-7;5.984e-5;8.50e3,QUEUED
peters_ecc_factor,6,2.422e-12;24.0;3.5;37.0;73.0;96.0,QUEUED
peters_inspiral_frequency,1,8.0,QUEUED
phi_fluid_ratio,2,5.0;6.0,QUEUED
phi_phase_variable,7,0.01;0.300;0.81;1.5;5.95e-4,QUEUED
phi_rrl_stated_range,2,30.0;800.0,QUEUED
phonon_mass,2,1.0e8;8.0,QUEUED
phonon_modulation_Phi,1,0.99,QUEUED
pi_amplitude_curve_506,2,7.83,QUEUED
pi_amplitude_mod,3,1.6180339887;144000;144000.0,QUEUED
pi_phase_506,1,7.0,QUEUED
pimath_key_sum,3,0582097494459230781640628620899862803482534211706798214808651;1415926535897932384626433832795028841971693993751;32823066470938446095505822317253594081284811174502841027019385,QUEUED
planck_ladder_energy,3,1.9561e9;10.0;2.83e-84,QUEUED
plasmotic_vacuum_scale_tev,1,246.0,QUEUED
pn_dpm_macro_antenna,10,1.267e50;1e20;2.017e13;2e-3;6.284e36;6.333e32;6302,QUEUED
pochhammer_26_1161,1,4.0329e26,QUEUED
pons_fleischmann_rate,3,3600;3600.0;6.8e28,QUEUED
precession_tidal_pert,3,0.9;1.5;30.0,QUEUED
pressure_cavity_decay,1,3603,QUEUED
pressure_dispersal_gate,2,0.15;3603,QUEUED
prime_string_ug3_term,1,1e12,QUEUED
psi_26d_master,1,2026,QUEUED
pta_characteristic_strain,3,14.74;3.17e-8,QUEUED
pta_gw_amplitude,2,2.4e-15,QUEUED
pulsar_dpm_lock,6,1.812e-19;1.812e-9;1812;1812.0;1e12;60.4,QUEUED
pulsar_lock_octaves,3,1812.0;1e12;29.0,QUEUED
pyramid_angle_deg,1,54.74,QUEUED
q_bridge_constant,4,1.252e46;2.82e-56;3.53e-10,QUEUED
qgp_critical_temp,3,1.5e12;1007,QUEUED
qgp_deconfinement_temp,2,1007;106.0,QUEUED
qgp_viscosity_kss,1,0.0796,QUEUED
qnm_frequency_shift,4,0.02;0.03;0.035;0.055,QUEUED
qnm_ringdown_shift,2,0.95,QUEUED
qua_thermal_bound,4,1.33e-54;7.7e-51;7.7e-58,QUEUED
quadratic_merger_amplification,2,0.05;1.1025,QUEUED
quantum_chain_energies,1,10.0,QUEUED
qwave81_stated,6,4.2e4;4.8e4;6.33e4,QUEUED
r_bubble_695,3,0.6;0.88,QUEUED
r_crab_745,4,1.5e6;3e15;4.6e16;4.89e16,QUEUED
r_dpm_prebigbang,1,1e-11,QUEUED
r_frost_line,3,170.0;2.718;280.0,QUEUED
r_h_bsfg,3,1.62e8;1e-22;4.27e46,QUEUED
r_merger_549,2,1e-10;4.47e6,QUEUED
r_min_b_594,1,27.0,QUEUED
r_n_26k_969,1,6.0,QUEUED
r_n_shell_964,1,0.05,QUEUED
r_scalar_avg_566,3,3.7e-112;4.4e26;6.0,QUEUED
r_snr_sedov_694,3,0.4;1.15,QUEUED
r_soi_uqff,1,2.36e19,QUEUED
r_tidal_690,1,2026,QUEUED
ram_pressure_wind,4,1.67e-21;2e6;3603;6.68e-9,QUEUED
ramanujan_Rn_bound,1,6.0,QUEUED
ramanujan_accel_953,2,30.0;6.0,QUEUED
ratio_22_26_fact_1161,1,2.79e-6,QUEUED
reheating_temperature,3,0.75;100.0;30.0,QUEUED
relic_perturbation,2,1e-4,QUEUED
remnant_fraction_549,2,0.1832;18.32,QUEUED
reservoir_inventory,1,1248,QUEUED
resonance_muge_total,1,1.773e-9,QUEUED
rho_egg_density,2,1e15;1e8,QUEUED
rho_icm_beta_976,1,1.5,QUEUED
rho_kk_1171,1,64.0,QUEUED
riemann_r0r0_bsfg,2,3.9e-13;6.0,QUEUED
ring_azimuthal_modulation,2,1.5e19;8.44e7,QUEUED
ring_kepler_omega,4,1.2e8;1.481e-4;11.78;5.683e26,QUEUED
ring_tidal_g_saturn,3,1.2e8;1.5e19;6.0268e7,QUEUED
ring_tidal_gradient,3,1.08e8;1.8;5.683e26,QUEUED
rossi_ecat_cop,7,10.0;20.0;2011;2014;2015;2016;50.0,QUEUED
s_uqff_action_1210,2,1220;2026,QUEUED
saturn_ring_lifetime,3,1.109e8;6.43e-36,QUEUED
schwarzschild_bound_check,2,1.485e-27,QUEUED
scm_compression_spike,1,6.0,QUEUED
scm_core_pressure,3,1e15;1e28;1e8,QUEUED
scm_kinematic_viscosity,1,1e8,QUEUED
scm_multiplier_enhancement,1,0.99,QUEUED
scm_phase_gate,1,1e13,QUEUED
scm_reactor_efficiency,4,1e-23;1e15;2.968e8,QUEUED
scm_thermal_activation,3,5.0;59.95,QUEUED
sector_eom,2,1210;2026,QUEUED
sersic_k_815,8,0.94;0.954;10.465;73.32,QUEUED
sfe_runaway,2,1.5,QUEUED
sfr_uqff_resonant,1,1.4,QUEUED
sgr0501_muge_stated,15,0501;1000.0;1e10;1e28;1e4;4.474e12;4000;4000.0,QUEUED
shock_jump_phonon_1040,2,1050;2026,QUEUED
shock_jump_uqff_1040,1,1e-24,QUEUED
shots_4d_563,2,1e8,QUEUED
sidm_interaction_rate,1,1.25,QUEUED
sigma_breit_wheeler,1,2.8179403262e-15,QUEUED
sigma_hoop_689,1,1.25663706212e-06,QUEUED
sigma_rho_840,3,1e-22;1e-4;2026,QUEUED
slow_roll_1073,1,8.0,QUEUED
sn1006_stated,11,1.25;1006;1019.0;1e-12;2.11e208;3e6;6.17e30,QUEUED
sn_lightcurve_resonant,3,1e43;2.592e6;3.5,QUEUED
sn_term_824,1,3.2e-12,QUEUED
snr_dilution_factor,4,1.5e6;1.884;5.2e16;6.69,QUEUED
solfeggio_freq_853,9,174.0;285.0;396.0;417.0;528.0;639.0;741.0;852.0,QUEUED
spectral_index_shift_uqff,3,0.296;0.314;1.296,QUEUED
spectral_tilt_slow_roll,4,0.0042;0.9649;2018;6.0,QUEUED
spin_reaction_rate,2,1745;3.76,QUEUED
spiral_pattern_period,2,6.483e-16;9.692e15,QUEUED
ssq_origin_identity,3,0.57;0.755,QUEUED
ssq_planck_form,6,0.265;0.3869;0.622;0.685,QUEUED
stable_nucleus_573,2,0.18,QUEUED
stam_diffusion_alpha,1,1e-4,QUEUED
standing_traveling_ratio,3,0.2277;13.8,QUEUED
star_magic_reactor_cop,1,555.0,QUEUED
stellar_dpm_moment,2,0.4,QUEUED
stellar_mass_gas_accretion,2,3.33;41.7,QUEUED
stochastic_omega_mixed_population,3,0.111;0.4;0.66,QUEUED
strain_reduction_pct,1,100.0,QUEUED
string_field_bj,2,0.4,QUEUED
suite_exponent_pin,1,2026,QUEUED
super_virial_ratio,5,1.1e6;1100;2.27;2.5e6;2500,QUEUED
surface_temp_from_lx,4,1.16e7;1745;1e4;5.6704e-8,QUEUED
t2_trz_doubled,2,1.1,QUEUED
t_disk_au,1,280.0,QUEUED
t_end_808,7,10.38;13.8;143.2;65.25;900.5,QUEUED
t_neg_720,3,13.68;3.63e-4;3.75e-4,QUEUED
t_pi_cycle_1110,4,0.4445;1120;14.1347;2026,QUEUED
t_stab_547,1,1e8,QUEUED
t_v26_1112,3,0.0758;31250.0;8.0,QUEUED
tau_acc_821,1,1e5,QUEUED
tau_edm,3,1.84e-20;1e-37,QUEUED
tau_g2_anomaly,2,3.42e-6,QUEUED
tau_half_superheavy_577,1,10.0,QUEUED
tau_scm_lifetime,3,2e4;54.8;5e-5,QUEUED
tde_fallback_rate,1,5.0,QUEUED
tensor_to_scalar_ratio,2,0.036;16.0,QUEUED
theta_26state_738,4,3.346;6.35;90.0,QUEUED
theta_cumulative_582,1,8.2e-59,QUEUED
theta_half_942,3,12.5;2.4;30.0,QUEUED
thz_double_gate_max,1,0.74,QUEUED
thz_gate_enhancement,5,1.2;1.25;1.2e12;1.44;1e12,QUEUED
thz_resonance_q,2,62.4,QUEUED
tilt_saturation_ratio,2,116.0;59.0,QUEUED
trapezium_erosion_time,4,1.18e17;1e18;28.47;8e3,QUEUED
triadic_26layer_stated,10,0.268;2.38e13;4.11e-9;4.512;4.645;9.157e11,QUEUED
triadic_stated_solutions,17,1.12e-42;2.29e-41;2.43e-40;3.78e-6;3.95e-41;6.14e-32;85.0;9.79e-33,QUEUED
triadic_weights,1,1e-300,QUEUED
ts00_two_component,5,1.11127e7;1.112e7;1.11e7;1.127e7;1.27e3,QUEUED
u_i_kb716_stated,2,8.05e-80,QUEUED
u_m_amplifier_1181,3,1e13;1e15,QUEUED
ua_coupling_solar_wind,2,0.0145;1e-2,QUEUED
ua_distance_correction,3,0.043;4.3,QUEUED
ua_k_603,2,5.0,QUEUED
ua_sound_speed,2,5.0;5e5,QUEUED
ub_mi_812_stated,2,3.08e-18,QUEUED
ug1_compact_193,1,1.5,QUEUED
ug1_dpm_defect_full,5,0.001;0.01;1.5;2025,QUEUED
ug1_magnetic,1,8.0,QUEUED
ug1_toroidal,1,1.5,QUEUED
ug2_compact_193,2,1.2;2.958e8,QUEUED
ug3_disk_field,2,0.4,QUEUED
ug3_string_disk_full,1,1.8,QUEUED
ug4_compact_193,1,1e15,QUEUED
ug4_extended_value,2,4.219e-10,QUEUED
ug4_fp_agn_720_stated,5,2026;7.64e-6;8.40e-6,QUEUED
ug4_split_13,3,1.496e6;3.878e19;5.80e26,QUEUED
ug4i_transient_decay,3,1046;1e46,QUEUED
um_electron_moment,2,9.284e-24,QUEUED
um_general_variant,1,5e-5,QUEUED
um_kb_721,3,1e13,QUEUED
um_magnetism_base,1,1072,QUEUED
um_quasi_beating,2,1e-8;1e13,QUEUED
um_rotor_torque_term,4,0.8;1e-10;5e-5;8.19e-21,QUEUED
um_string_network,2,5e-5,QUEUED
um_suppression_550,5,1e-15;1e-345;2026;23.0,QUEUED
uqff_comp_invariants,2,1.5;27.0,QUEUED
v10_benchmark_958,1,450000.0,QUEUED
v11_benchmark_968,1,500000.0,QUEUED
v12_benchmark_977,1,501000.0,QUEUED
v13_benchmark_997,1,550000.0,QUEUED
v15_benchmark_1018,3,1030;2026;650000.0,QUEUED
v23_benchmark_1091,2,1097;900000.0,QUEUED
v25_effective_1099,8,0.05;0.92;0.97;1.07;1.113,QUEUED
v8_benchmark_938,2,2026;350000.0,QUEUED
v9_benchmark_948,1,400000.0,QUEUED
v_exp_586,1,700.0,QUEUED
v_sound_icm_1149,6,0.6;1.602176634e-16;1.6726219e-27;3.62;5.0,QUEUED
volume_level,2,10.0;4.6,QUEUED
w_de_1087,6,0.0565;0.9435;13.8,QUEUED
w_mag_rotating,2,15e9,QUEUED
whittaker_closure_check,1,1e-10,QUEUED
wind_asymmetry_offset,2,0.4;2522,QUEUED
wind_modulation,1,0.001,QUEUED
wormhole_null_drdl,1,1.5,QUEUED
wormhole_null_rmin,3,1.118;1.5,QUEUED
wormhole_vacuum_energy,1,0.06,QUEUED
xi_dm_coupling,3,0.80;0.928,QUEUED
xi_span_atlas,3,1.5e-10;1.5e25;1e35,QUEUED
yang_mills_gap_ecrack,2,1.12e-19;700.0,QUEUED
yang_mills_mass_gap,2,1.736,QUEUED
yinyang_coupling,2,1000.0;56.0,QUEUED
ym_gap_delta_530,1,2026,QUEUED
ym_gap_static_reactor,3,1e-23;1e15;2.968e8,QUEUED
zeta_prime_m4_1171,2,7.9838e-3;7.984e-3,QUEUED
zeta_regulated_uqff,1,10.0,QUEUED
