dispatch_key,residual_pct,class
PAPER_001,0.0,EXACT_OR_CENSUS
PAPER_002,,NO_FIELD
PAPER_003,0.10000000000000561,SUB_1
PAPER_004,0.977579188398417,SUB_1
PAPER_005,0.00042785177006142633,SUB_0.01
PAPER_006,0.10000000000000561,SUB_1
PAPER_007,0.3564883684945528,SUB_1
PAPER_008,0.2003004005005909,SUB_1
PAPER_008b,0.0,EXACT_OR_CENSUS
PAPER_009,1.3513513513513562,SUB_5
PAPER_009b,0.0,EXACT_OR_CENSUS
PAPER_010,0.603621730382301,SUB_1
PAPER_010b,0.0,EXACT_OR_CENSUS
PAPER_011,0.5717567567567398,SUB_1
PAPER_011b,0.0,EXACT_OR_CENSUS
PAPER_012,0.2003004005005909,SUB_1
PAPER_012b,0.0,EXACT_OR_CENSUS
PAPER_013,117.5976494878995,OVER_5
PAPER_013b,0.0,EXACT_OR_CENSUS
PAPER_014,,NO_FIELD
PAPER_014b,0.0,EXACT_OR_CENSUS
PAPER_015,0.13333333333332575,SUB_1
PAPER_015b,0.2674366666666669,SUB_1
PAPER_016,,NO_FIELD
PAPER_016b,0.08480188773946207,SUB_0.1
PAPER_017,0.011259449895450295,SUB_0.1
PAPER_018,,NO_FIELD
PAPER_019,0.013124999999987109,SUB_0.1
PAPER_020,2.5262824361240126,SUB_5
PAPER_021,0.04461942257217939,SUB_0.1
PAPER_022,0.08270270270268039,SUB_0.1
PAPER_023,1.001169590643271,SUB_5
PAPER_024,1.7771739130434803,SUB_5
PAPER_025,0.02370155481316125,SUB_0.1
PAPER_025b,1.765498652291108,SUB_5
PAPER_026,0.03251091703055475,SUB_0.1
PAPER_026b,0.030769230769243146,SUB_0.1
PAPER_026c,,NO_FIELD
PAPER_026d,0.0,EXACT_OR_CENSUS
PAPER_027,4.3069471894286454e-14,SUB_0.01
PAPER_028,0.002603149811270291,SUB_0.01
PAPER_029,3.0000000000000027,SUB_5
PAPER_030,0.10088590463503712,SUB_1
PAPER_031,0.06740063839563212,SUB_0.1
PAPER_032,0.591715976331361,SUB_1
PAPER_033,0.24618209043142558,SUB_1
PAPER_034,0.057733342373701396,SUB_0.1
PAPER_035,12.115794402979006,OVER_5
PAPER_036,0.015016527889412065,SUB_0.1
PAPER_037,0.037585113206004404,SUB_0.1
PAPER_038,0.0399840063974324,SUB_0.1
PAPER_039,0.08611600913993518,SUB_0.1
PAPER_040,0.21762946005298,SUB_1
PAPER_041,0.05233536008335193,SUB_0.1
PAPER_042,0.0301932367149664,SUB_0.1
PAPER_043,21.97253433208489,OVER_5
PAPER_044,0.057320792775778145,SUB_0.1
PAPER_045,0.057175528873627326,SUB_0.1
PAPER_046,0.049777679971700566,SUB_0.1
PAPER_047,0.07092113903663295,SUB_0.1
PAPER_048,0.010504455429074147,SUB_0.1
PAPER_049,0.38432857224803885,SUB_1
PAPER_050,0.03748594277146373,SUB_0.1
PAPER_051,0.0003312629399516709,SUB_0.01
PAPER_052,0.0025807738332730423,SUB_0.01
PAPER_053,0.006718346253231644,SUB_0.01
PAPER_054,2.7755575615628914e-14,SUB_0.01
PAPER_055,0.14725040631776665,SUB_1
PAPER_056,0.22867904223834923,SUB_1
PAPER_057,0.0015065913370904127,SUB_0.01
PAPER_058,0.05862480291950436,SUB_0.1
PAPER_059,0.0,EXACT_OR_CENSUS
PAPER_060,7.400000000000002,OVER_5
PAPER_061,0.029940119760479042,SUB_0.1
PAPER_062,5.6505576208178425,OVER_5
PAPER_063,3.999999999999959,SUB_5
PAPER_064,0.13042301219815944,SUB_1
PAPER_065,0.12923076923076948,SUB_1
PAPER_066,0.03843628693414656,SUB_0.1
PAPER_067,0.3589348180885496,SUB_1
PAPER_068,0.7806773373282136,SUB_1
PAPER_069,0.11239534756717057,SUB_1
PAPER_070,2.979823491668478,SUB_5
PAPER_071,0.011961125528344807,SUB_0.1
PAPER_072,6.734999999999999,OVER_5
PAPER_073,0.03729146221786526,SUB_0.1
PAPER_074,0.1302887517274813,SUB_1
PAPER_075,0.0,EXACT_OR_CENSUS
PAPER_076,0.0019085572331143446,SUB_0.01
PAPER_077,13.54585812934171,OVER_5
PAPER_078,0.38230786343111206,SUB_1
PAPER_079,0.5291005291005436,SUB_1
PAPER_080,0.3333333333333428,SUB_1
PAPER_081,1.1214373986112692e-14,SUB_0.01
PAPER_082,0.0019553972350378613,SUB_0.01
PAPER_083,1.8476972194191712,SUB_5
PAPER_084,0.0,EXACT_OR_CENSUS
PAPER_085,0.0019553972350378613,SUB_0.01
PAPER_086,0.0909090909090982,SUB_0.1
PAPER_087,8.333333333333325,OVER_5
PAPER_088,8.910891089108919,OVER_5
PAPER_089,0.01658374792702968,SUB_0.1
PAPER_090,0.04719371910879066,SUB_0.1
PAPER_091,0.26668011986518897,SUB_1
PAPER_092,0.194251968503922,SUB_1
PAPER_093,0.001241504304496821,SUB_0.01
PAPER_094,0.004385964912289958,SUB_0.01
PAPER_095,0.011764705882342241,SUB_0.1
PAPER_096,1.010101010101005,SUB_5
PAPER_097,0.0,EXACT_OR_CENSUS
PAPER_098,0.013832534120251355,SUB_0.1
PAPER_099,1.1913043478260805,SUB_5
PAPER_100,0.12163547725387346,SUB_1
PAPER_1000,0.0,EXACT_OR_CENSUS
PAPER_1001,0.0,EXACT_OR_CENSUS
PAPER_1002,0.0,EXACT_OR_CENSUS
PAPER_1003,0.0,EXACT_OR_CENSUS
PAPER_1004,0.0,EXACT_OR_CENSUS
PAPER_1005,0.0,EXACT_OR_CENSUS
PAPER_1006,0.0,EXACT_OR_CENSUS
PAPER_1007,0.0,EXACT_OR_CENSUS
PAPER_1008,0.0,EXACT_OR_CENSUS
PAPER_1009,0.0,EXACT_OR_CENSUS
PAPER_101,2.117647058823531,SUB_5
PAPER_1010,0.0,EXACT_OR_CENSUS
PAPER_1011,0.0,EXACT_OR_CENSUS
PAPER_1012,0.0,EXACT_OR_CENSUS
PAPER_1013,0.0,EXACT_OR_CENSUS
PAPER_1014,0.0,EXACT_OR_CENSUS
PAPER_1015,0.0,EXACT_OR_CENSUS
PAPER_1016,0.0,EXACT_OR_CENSUS
PAPER_1017,0.0,EXACT_OR_CENSUS
PAPER_1018,0.0,EXACT_OR_CENSUS
PAPER_1019,0.0,EXACT_OR_CENSUS
PAPER_102,0.0,EXACT_OR_CENSUS
PAPER_1020,0.0,EXACT_OR_CENSUS
PAPER_1021,0.0,EXACT_OR_CENSUS
PAPER_1022,0.0,EXACT_OR_CENSUS
PAPER_1023,0.0,EXACT_OR_CENSUS
PAPER_1024,0.0,EXACT_OR_CENSUS
PAPER_1025,0.0,EXACT_OR_CENSUS
PAPER_1026,0.0,EXACT_OR_CENSUS
PAPER_1027,0.0,EXACT_OR_CENSUS
PAPER_1028,0.0,EXACT_OR_CENSUS
PAPER_1029,0.0,EXACT_OR_CENSUS
PAPER_103,0.250000000000003,SUB_1
PAPER_1030,0.0,EXACT_OR_CENSUS
PAPER_1031,0.0,EXACT_OR_CENSUS
PAPER_1032,0.0,EXACT_OR_CENSUS
PAPER_1033,0.0,EXACT_OR_CENSUS
PAPER_1034,0.0,EXACT_OR_CENSUS
PAPER_1035,0.0,EXACT_OR_CENSUS
PAPER_1036,0.0,EXACT_OR_CENSUS
PAPER_1037,0.0,EXACT_OR_CENSUS
PAPER_1038,0.0,EXACT_OR_CENSUS
PAPER_1039,0.0,EXACT_OR_CENSUS
PAPER_104,0.0,EXACT_OR_CENSUS
PAPER_1040,0.0,EXACT_OR_CENSUS
PAPER_1041,0.0,EXACT_OR_CENSUS
PAPER_1042,0.0,EXACT_OR_CENSUS
PAPER_1043,0.0,EXACT_OR_CENSUS
PAPER_1044,0.0,EXACT_OR_CENSUS
PAPER_1045,0.0,EXACT_OR_CENSUS
PAPER_1046,0.0,EXACT_OR_CENSUS
PAPER_1047,0.0,EXACT_OR_CENSUS
PAPER_1048,0.0,EXACT_OR_CENSUS
PAPER_1049,0.0,EXACT_OR_CENSUS
PAPER_105,0.0,EXACT_OR_CENSUS
PAPER_1050,0.0,EXACT_OR_CENSUS
PAPER_1051,0.0,EXACT_OR_CENSUS
PAPER_1052,0.0,EXACT_OR_CENSUS
PAPER_1053,0.0,EXACT_OR_CENSUS
PAPER_1054,0.0,EXACT_OR_CENSUS
PAPER_1055,0.0,EXACT_OR_CENSUS
PAPER_1056,0.0,EXACT_OR_CENSUS
PAPER_1057,0.0,EXACT_OR_CENSUS
PAPER_1058,0.0,EXACT_OR_CENSUS
PAPER_1059,0.0,EXACT_OR_CENSUS
PAPER_106,0.1461988304093731,SUB_1
PAPER_1060,0.0,EXACT_OR_CENSUS
PAPER_1061,0.0,EXACT_OR_CENSUS
PAPER_1062,0.0,EXACT_OR_CENSUS
PAPER_1063,0.0,EXACT_OR_CENSUS
PAPER_1064,0.0,EXACT_OR_CENSUS
PAPER_1065,0.0,EXACT_OR_CENSUS
PAPER_1066,0.0,EXACT_OR_CENSUS
PAPER_1067,0.0,EXACT_OR_CENSUS
PAPER_1068,0.0,EXACT_OR_CENSUS
PAPER_1069,0.0,EXACT_OR_CENSUS
PAPER_107,0.0020864946889278552,SUB_0.01
PAPER_1070,0.0,EXACT_OR_CENSUS
PAPER_1071,0.0,EXACT_OR_CENSUS
PAPER_1072,0.0,EXACT_OR_CENSUS
PAPER_1073,0.0,EXACT_OR_CENSUS
PAPER_1074,0.0,EXACT_OR_CENSUS
PAPER_1075,0.0,EXACT_OR_CENSUS
PAPER_1076,0.0,EXACT_OR_CENSUS
PAPER_1077,0.0,EXACT_OR_CENSUS
PAPER_1078,0.0,EXACT_OR_CENSUS
PAPER_1079,0.0,EXACT_OR_CENSUS
PAPER_1079b,0.0,EXACT_OR_CENSUS
PAPER_108,1.1776413999004802,SUB_5
PAPER_1080,0.0,EXACT_OR_CENSUS
PAPER_1081,0.0,EXACT_OR_CENSUS
PAPER_1082,0.0,EXACT_OR_CENSUS
PAPER_1083,0.0,EXACT_OR_CENSUS
PAPER_1084,0.0,EXACT_OR_CENSUS
PAPER_1085,0.0,EXACT_OR_CENSUS
PAPER_1086,0.0,EXACT_OR_CENSUS
PAPER_1087,0.0,EXACT_OR_CENSUS
PAPER_1088,0.0,EXACT_OR_CENSUS
PAPER_1089,0.0,EXACT_OR_CENSUS
PAPER_109,0.0,EXACT_OR_CENSUS
PAPER_1090,0.0,EXACT_OR_CENSUS
PAPER_1091,0.0,EXACT_OR_CENSUS
PAPER_1092,0.0,EXACT_OR_CENSUS
PAPER_1093,0.0,EXACT_OR_CENSUS
PAPER_1094,0.0,EXACT_OR_CENSUS
PAPER_1095,0.0,EXACT_OR_CENSUS
PAPER_1096,0.0,EXACT_OR_CENSUS
PAPER_1097,0.0,EXACT_OR_CENSUS
PAPER_1098,0.0,EXACT_OR_CENSUS
PAPER_1099,0.0,EXACT_OR_CENSUS
PAPER_110,0.06981615080288574,SUB_0.1
PAPER_1100,0.0,EXACT_OR_CENSUS
PAPER_1101,0.0,EXACT_OR_CENSUS
PAPER_1102,0.0,EXACT_OR_CENSUS
PAPER_1103,0.0,EXACT_OR_CENSUS
PAPER_1104,0.0,EXACT_OR_CENSUS
PAPER_1105,0.0,EXACT_OR_CENSUS
PAPER_1106,0.0,EXACT_OR_CENSUS
PAPER_1107,0.0,EXACT_OR_CENSUS
PAPER_1108,0.0,EXACT_OR_CENSUS
PAPER_1109,0.0,EXACT_OR_CENSUS
PAPER_111,0.008096214401372745,SUB_0.01
PAPER_1110,0.0,EXACT_OR_CENSUS
PAPER_1111,0.0,EXACT_OR_CENSUS
PAPER_1112,0.0,EXACT_OR_CENSUS
PAPER_1113,0.0,EXACT_OR_CENSUS
PAPER_1114,0.0,EXACT_OR_CENSUS
PAPER_1115,0.0,EXACT_OR_CENSUS
PAPER_1116,0.0,EXACT_OR_CENSUS
PAPER_1117,0.0,EXACT_OR_CENSUS
PAPER_1118,0.0,EXACT_OR_CENSUS
PAPER_1119,0.0,EXACT_OR_CENSUS
PAPER_112,0.0171900565544732,SUB_0.1
PAPER_1120,0.0,EXACT_OR_CENSUS
PAPER_1121,0.0,EXACT_OR_CENSUS
PAPER_1122,0.0,EXACT_OR_CENSUS
PAPER_1123,0.0,EXACT_OR_CENSUS
PAPER_1124,0.0,EXACT_OR_CENSUS
PAPER_1125,0.0,EXACT_OR_CENSUS
PAPER_1126,0.0,EXACT_OR_CENSUS
PAPER_1127,0.0,EXACT_OR_CENSUS
PAPER_1128,0.0,EXACT_OR_CENSUS
PAPER_1129,0.0,EXACT_OR_CENSUS
PAPER_113,0.03276055123852467,SUB_0.1
PAPER_1130,0.0,EXACT_OR_CENSUS
PAPER_1131,0.0,EXACT_OR_CENSUS
PAPER_1132,0.0,EXACT_OR_CENSUS
PAPER_1133,0.0,EXACT_OR_CENSUS
PAPER_1134,0.0,EXACT_OR_CENSUS
PAPER_1135,0.0,EXACT_OR_CENSUS
PAPER_1136,0.0,EXACT_OR_CENSUS
PAPER_1137,0.0,EXACT_OR_CENSUS
PAPER_1138,0.0,EXACT_OR_CENSUS
PAPER_1139,0.0,EXACT_OR_CENSUS
PAPER_114,0.32178370820525004,SUB_1
PAPER_1140,0.0,EXACT_OR_CENSUS
PAPER_1141,0.0,EXACT_OR_CENSUS
PAPER_1142,0.0,EXACT_OR_CENSUS
PAPER_1143,0.0,EXACT_OR_CENSUS
PAPER_1144,0.0,EXACT_OR_CENSUS
PAPER_1145,0.0,EXACT_OR_CENSUS
PAPER_1146,0.0,EXACT_OR_CENSUS
PAPER_1147,0.0,EXACT_OR_CENSUS
PAPER_1148,0.0,EXACT_OR_CENSUS
PAPER_1149,0.0,EXACT_OR_CENSUS
PAPER_115,0.009297854033643454,SUB_0.01
PAPER_1150,0.0,EXACT_OR_CENSUS
PAPER_1151,0.0,EXACT_OR_CENSUS
PAPER_1152,0.0,EXACT_OR_CENSUS
PAPER_1153,0.0,EXACT_OR_CENSUS
PAPER_1154,0.0,EXACT_OR_CENSUS
PAPER_1155,0.0,EXACT_OR_CENSUS
PAPER_1156,0.0,EXACT_OR_CENSUS
PAPER_1157,0.0,EXACT_OR_CENSUS
PAPER_1158,0.0,EXACT_OR_CENSUS
PAPER_1159,0.0,EXACT_OR_CENSUS
PAPER_116,0.0028540117965099197,SUB_0.01
PAPER_1160,0.0,EXACT_OR_CENSUS
PAPER_1161,0.0,EXACT_OR_CENSUS
PAPER_1162,0.0,EXACT_OR_CENSUS
PAPER_1163,0.0,EXACT_OR_CENSUS
PAPER_1164,0.0,EXACT_OR_CENSUS
PAPER_1165,0.0,EXACT_OR_CENSUS
PAPER_1166,0.0,EXACT_OR_CENSUS
PAPER_1167,0.0,EXACT_OR_CENSUS
PAPER_1168,0.0,EXACT_OR_CENSUS
PAPER_1169,0.0,EXACT_OR_CENSUS
PAPER_117,0.0035296315053471175,SUB_0.01
PAPER_1170,0.0,EXACT_OR_CENSUS
PAPER_1171,0.0,EXACT_OR_CENSUS
PAPER_1172,0.0,EXACT_OR_CENSUS
PAPER_1173,0.0,EXACT_OR_CENSUS
PAPER_1174,0.0,EXACT_OR_CENSUS
PAPER_1175,0.0,EXACT_OR_CENSUS
PAPER_1176,0.0,EXACT_OR_CENSUS
PAPER_1177,0.0,EXACT_OR_CENSUS
PAPER_1178,0.0,EXACT_OR_CENSUS
PAPER_1179,0.0,EXACT_OR_CENSUS
PAPER_118,0.002931946522008375,SUB_0.01
PAPER_1180,0.0,EXACT_OR_CENSUS
PAPER_1181,0.0,EXACT_OR_CENSUS
PAPER_1182,0.0,EXACT_OR_CENSUS
PAPER_1183,0.0,EXACT_OR_CENSUS
PAPER_1183b,0.0,EXACT_OR_CENSUS
PAPER_1184,0.0,EXACT_OR_CENSUS
PAPER_1184b,0.0,EXACT_OR_CENSUS
PAPER_1185,0.0,EXACT_OR_CENSUS
PAPER_1185b,0.0,EXACT_OR_CENSUS
PAPER_1186,0.0,EXACT_OR_CENSUS
PAPER_1186b,0.0,EXACT_OR_CENSUS
PAPER_1187,0.0,EXACT_OR_CENSUS
PAPER_1188,0.0,EXACT_OR_CENSUS
PAPER_1188b,0.0,EXACT_OR_CENSUS
PAPER_1189,0.0,EXACT_OR_CENSUS
PAPER_1189b,0.0,EXACT_OR_CENSUS
PAPER_119,1.1463045414069457,SUB_5
PAPER_1190,0.0,EXACT_OR_CENSUS
PAPER_1190b,0.0,EXACT_OR_CENSUS
PAPER_1191,0.0,EXACT_OR_CENSUS
PAPER_1191b,0.0,EXACT_OR_CENSUS
PAPER_1192,0.0,EXACT_OR_CENSUS
PAPER_1192b,0.0,EXACT_OR_CENSUS
PAPER_1193,0.0,EXACT_OR_CENSUS
PAPER_1193b,0.0,EXACT_OR_CENSUS
PAPER_1194,0.0,EXACT_OR_CENSUS
PAPER_1194b,0.0,EXACT_OR_CENSUS
PAPER_1195,0.0,EXACT_OR_CENSUS
PAPER_1196,0.0,EXACT_OR_CENSUS
PAPER_1197,0.0,EXACT_OR_CENSUS
PAPER_1197b,0.0,EXACT_OR_CENSUS
PAPER_1198,0.0,EXACT_OR_CENSUS
PAPER_1198b,0.0,EXACT_OR_CENSUS
PAPER_1199,0.0,EXACT_OR_CENSUS
PAPER_120,0.048582995951417005,SUB_0.1
PAPER_1200,0.0,EXACT_OR_CENSUS
PAPER_1200b,0.0,EXACT_OR_CENSUS
PAPER_1201,0.0,EXACT_OR_CENSUS
PAPER_1201b,0.16,SUB_1
PAPER_1202,0.0,EXACT_OR_CENSUS
PAPER_1202b,0.014,SUB_0.1
PAPER_1203,0.0,EXACT_OR_CENSUS
PAPER_1203b,0.0,EXACT_OR_CENSUS
PAPER_1204,0.0,EXACT_OR_CENSUS
PAPER_1205,0.0,EXACT_OR_CENSUS
PAPER_1206,0.0,EXACT_OR_CENSUS
PAPER_1207,0.0,EXACT_OR_CENSUS
PAPER_1208,0.0,EXACT_OR_CENSUS
PAPER_1209,0.0,EXACT_OR_CENSUS
PAPER_1209AA,0.008,SUB_0.01
PAPER_1209BB,0.0,EXACT_OR_CENSUS
PAPER_1209CC,0.007,SUB_0.01
PAPER_1209DD,0.003,SUB_0.01
PAPER_1209EE,0.007,SUB_0.01
PAPER_1209FF,0.019,SUB_0.1
PAPER_1209GG,0.015,SUB_0.1
PAPER_1209HH,0.003,SUB_0.01
PAPER_1209II,0.008,SUB_0.01
PAPER_1209JJ,0.0009,SUB_0.01
PAPER_1209KK,0.005,SUB_0.01
PAPER_1209X,0.0022,SUB_0.01
PAPER_1209Y,0.025,SUB_0.1
PAPER_1209Z,0.0,EXACT_OR_CENSUS
PAPER_121,0.005499495256490213,SUB_0.01
PAPER_1210,0.0,EXACT_OR_CENSUS
PAPER_1211,0.0,EXACT_OR_CENSUS
PAPER_1212,0.0,EXACT_OR_CENSUS
PAPER_1213,0.0,EXACT_OR_CENSUS
PAPER_1214,0.0,EXACT_OR_CENSUS
PAPER_1215,0.0,EXACT_OR_CENSUS
PAPER_1216,0.0,EXACT_OR_CENSUS
PAPER_1217,0.0,EXACT_OR_CENSUS
PAPER_1218,0.0,EXACT_OR_CENSUS
PAPER_1219,0.0,EXACT_OR_CENSUS
PAPER_122,0.2343994210227249,SUB_1
PAPER_1220,0.0,EXACT_OR_CENSUS
PAPER_1221,0.0,EXACT_OR_CENSUS
PAPER_1222,0.0,EXACT_OR_CENSUS
PAPER_1223,0.0,EXACT_OR_CENSUS
PAPER_1224,0.0,EXACT_OR_CENSUS
PAPER_1225,0.0,EXACT_OR_CENSUS
PAPER_1226,0.0,EXACT_OR_CENSUS
PAPER_1227,0.0,EXACT_OR_CENSUS
PAPER_1228,0.0,EXACT_OR_CENSUS
PAPER_1229,0.0,EXACT_OR_CENSUS
PAPER_123,0.03251701684283739,SUB_0.1
PAPER_1230,0.0,EXACT_OR_CENSUS
PAPER_1231,0.0,EXACT_OR_CENSUS
PAPER_1232,0.0,EXACT_OR_CENSUS
PAPER_1233,0.0,EXACT_OR_CENSUS
PAPER_1234,0.0,EXACT_OR_CENSUS
PAPER_1235,0.0,EXACT_OR_CENSUS
PAPER_1236,0.0,EXACT_OR_CENSUS
PAPER_1237,0.0,EXACT_OR_CENSUS
PAPER_1238,0.0,EXACT_OR_CENSUS
PAPER_1239,0.0,EXACT_OR_CENSUS
PAPER_124,0.012577365268281378,SUB_0.1
PAPER_1240,0.0,EXACT_OR_CENSUS
PAPER_1241,0.0,EXACT_OR_CENSUS
PAPER_1242,0.0,EXACT_OR_CENSUS
PAPER_1243,0.0,EXACT_OR_CENSUS
PAPER_1244,0.0,EXACT_OR_CENSUS
PAPER_1245,0.0,EXACT_OR_CENSUS
PAPER_1246,0.0,EXACT_OR_CENSUS
PAPER_1247,0.0,EXACT_OR_CENSUS
PAPER_1248,0.0,EXACT_OR_CENSUS
PAPER_1249,0.0,EXACT_OR_CENSUS
PAPER_125,2.1684043449710082e-14,SUB_0.01
PAPER_1250,0.0,EXACT_OR_CENSUS
PAPER_1251,0.08575294184633245,SUB_0.1
PAPER_1252,0.0,EXACT_OR_CENSUS
PAPER_1253,0.010849941623549462,SUB_0.1
PAPER_1254,0.010616518838597218,SUB_0.1
PAPER_1255,0.010957246745118759,SUB_0.1
PAPER_1256,0.0,EXACT_OR_CENSUS
PAPER_1257,0.0,EXACT_OR_CENSUS
PAPER_1258,0.0,EXACT_OR_CENSUS
PAPER_1259,0.0,EXACT_OR_CENSUS
PAPER_126,0.07550101860466153,SUB_0.1
PAPER_1260,,NO_FIELD
PAPER_1261,1.1545712390114438,SUB_5
PAPER_1262,0.14184397163120893,SUB_1
PAPER_1263,0.0,EXACT_OR_CENSUS
PAPER_1264,0.0,EXACT_OR_CENSUS
PAPER_1265,0.0,EXACT_OR_CENSUS
PAPER_1266,0.0,EXACT_OR_CENSUS
PAPER_1267,0.0,EXACT_OR_CENSUS
PAPER_1268,0.0,EXACT_OR_CENSUS
PAPER_1269,0.0,EXACT_OR_CENSUS
PAPER_127,0.011961125528333784,SUB_0.1
PAPER_1270,0.08935098692227572,SUB_0.1
PAPER_1271,0.000823282565521876,SUB_0.01
PAPER_1272,0.0,EXACT_OR_CENSUS
PAPER_1273,0.47151619204021555,SUB_1
PAPER_1274,0.08484453650957825,SUB_0.1
PAPER_1275,0.0,EXACT_OR_CENSUS
PAPER_1276,0.0,EXACT_OR_CENSUS
PAPER_1277,1.9250748801234098e-14,SUB_0.01
PAPER_1278,0.0,EXACT_OR_CENSUS
PAPER_1279,0.0,EXACT_OR_CENSUS
PAPER_128,0.022619565217419466,SUB_0.1
PAPER_1280,0.40400000000000436,SUB_1
PAPER_1281,0.0,EXACT_OR_CENSUS
PAPER_1282,0.0,EXACT_OR_CENSUS
PAPER_1283,0.0,EXACT_OR_CENSUS
PAPER_1284,0.0,EXACT_OR_CENSUS
PAPER_1285,0.0,EXACT_OR_CENSUS
PAPER_1286,0.0,EXACT_OR_CENSUS
PAPER_1287,1.8318679906315083e-13,SUB_0.01
PAPER_1288,0.0,EXACT_OR_CENSUS
PAPER_1289,0.0026347477297662503,SUB_0.01
PAPER_129,1.311771204480185e-13,SUB_0.01
PAPER_1290,0.0,EXACT_OR_CENSUS
PAPER_1291,0.0,EXACT_OR_CENSUS
PAPER_1292,0.0,EXACT_OR_CENSUS
PAPER_1293,0.0,EXACT_OR_CENSUS
PAPER_1294,0.014077669902918616,SUB_0.1
PAPER_1295,0.0,EXACT_OR_CENSUS
PAPER_1296,0.0,EXACT_OR_CENSUS
PAPER_1297,1.8318679906315083e-13,SUB_0.01
PAPER_1298,0.0,EXACT_OR_CENSUS
PAPER_1299,0.0,EXACT_OR_CENSUS
PAPER_130,0.48100845911428325,SUB_1
PAPER_1300,0.0,EXACT_OR_CENSUS
PAPER_1301,0.016133072340401504,SUB_0.1
PAPER_1302,0.0,EXACT_OR_CENSUS
PAPER_1303,0.0,EXACT_OR_CENSUS
PAPER_1304,0.07541079812205156,SUB_0.1
PAPER_1305,0.0,EXACT_OR_CENSUS
PAPER_1306,0.0,EXACT_OR_CENSUS
PAPER_1307,0.0,EXACT_OR_CENSUS
PAPER_1308,0.0,EXACT_OR_CENSUS
PAPER_1309,0.0,EXACT_OR_CENSUS
PAPER_131,0.04939011401859247,SUB_0.1
PAPER_1310,0.0,EXACT_OR_CENSUS
PAPER_1311,0.08935098692227572,SUB_0.1
PAPER_1312,0.7778604212501342,SUB_1
PAPER_1313,0.0,EXACT_OR_CENSUS
PAPER_1314,,NO_FIELD
PAPER_1315,0.39679439525144533,SUB_1
PAPER_1316,0.10416666666666935,SUB_1
PAPER_1317,0.0,EXACT_OR_CENSUS
PAPER_1318,0.0,EXACT_OR_CENSUS
PAPER_1319,0.0,EXACT_OR_CENSUS
PAPER_132,0.28146289521817713,SUB_1
PAPER_1320,0.12273874268908032,SUB_1
PAPER_1321,0.0,EXACT_OR_CENSUS
PAPER_1322,0.5000000000000188,SUB_1
PAPER_1323,0.1324503311258203,SUB_1
PAPER_1324,0.0,EXACT_OR_CENSUS
PAPER_1325,0.0,EXACT_OR_CENSUS
PAPER_1326,0.0,EXACT_OR_CENSUS
PAPER_1327,0.0,EXACT_OR_CENSUS
PAPER_1328,0.0,EXACT_OR_CENSUS
PAPER_1329,0.08616600790513411,SUB_0.1
PAPER_133,0.1346461331313789,SUB_1
PAPER_1330,0.0,EXACT_OR_CENSUS
PAPER_1331,0.0,EXACT_OR_CENSUS
PAPER_1332,0.0,EXACT_OR_CENSUS
PAPER_1333,0.13564013840830308,SUB_1
PAPER_1334,0.0,EXACT_OR_CENSUS
PAPER_1335,0.14950166112956195,SUB_1
PAPER_1336,0.019086975764551612,SUB_0.1
PAPER_1337,0.0,EXACT_OR_CENSUS
PAPER_1338,0.0,EXACT_OR_CENSUS
PAPER_1339,0.0,EXACT_OR_CENSUS
PAPER_134,0.003779971936306115,SUB_0.01
PAPER_1340,0.0,EXACT_OR_CENSUS
PAPER_1341,0.026311921350909467,SUB_0.1
PAPER_1342,0.0,EXACT_OR_CENSUS
PAPER_1343,0.0,EXACT_OR_CENSUS
PAPER_1344,0.0,EXACT_OR_CENSUS
PAPER_1345,0.0,EXACT_OR_CENSUS
PAPER_1346,0.0,EXACT_OR_CENSUS
PAPER_1347,0.04223992276128002,SUB_0.1
PAPER_1348,0.0,EXACT_OR_CENSUS
PAPER_1349,0.0,EXACT_OR_CENSUS
PAPER_135,0.01360184985158179,SUB_0.1
PAPER_1350,0.08616600790513675,SUB_0.1
PAPER_1351,0.0,EXACT_OR_CENSUS
PAPER_1352,0.0,EXACT_OR_CENSUS
PAPER_1353,0.0,EXACT_OR_CENSUS
PAPER_1354,0.0,EXACT_OR_CENSUS
PAPER_1355,0.0,EXACT_OR_CENSUS
PAPER_1356,0.08616600790513675,SUB_0.1
PAPER_1357,0.0,EXACT_OR_CENSUS
PAPER_1358,0.4833333333333319,SUB_1
PAPER_1359,0.0,EXACT_OR_CENSUS
PAPER_136,0.08408985581344856,SUB_0.1
PAPER_1360,0.0,EXACT_OR_CENSUS
PAPER_1361,0.0,EXACT_OR_CENSUS
PAPER_1362,0.0,EXACT_OR_CENSUS
PAPER_1363,0.0,EXACT_OR_CENSUS
PAPER_1364,0.023161009320558524,SUB_0.1
PAPER_1365,0.0,EXACT_OR_CENSUS
PAPER_1366,0.08616600790513411,SUB_0.1
PAPER_1367,1.1368683772161604e-14,SUB_0.01
PAPER_1368,0.0,EXACT_OR_CENSUS
PAPER_1369,0.4634406719525354,SUB_1
PAPER_137,0.0,EXACT_OR_CENSUS
PAPER_1370,0.4833333333333319,SUB_1
PAPER_1371,0.0,EXACT_OR_CENSUS
PAPER_1372,0.014711671612272314,SUB_0.1
PAPER_1373,0.4167692424285826,SUB_1
PAPER_1374,0.0,EXACT_OR_CENSUS
PAPER_1375,0.0,EXACT_OR_CENSUS
PAPER_1376,0.0,EXACT_OR_CENSUS
PAPER_1377,0.8474718356095156,SUB_1
PAPER_1378,0.0,EXACT_OR_CENSUS
PAPER_1379,0.0,EXACT_OR_CENSUS
PAPER_138,0.008812779865318015,SUB_0.01
PAPER_1380,0.021802066419297557,SUB_0.1
PAPER_1381,0.0,EXACT_OR_CENSUS
PAPER_1382,0.0,EXACT_OR_CENSUS
PAPER_1383,0.0,EXACT_OR_CENSUS
PAPER_1384,0.0,EXACT_OR_CENSUS
PAPER_1385,0.0,EXACT_OR_CENSUS
PAPER_1386,0.0,EXACT_OR_CENSUS
PAPER_1387,0.0,EXACT_OR_CENSUS
PAPER_1388,0.0,EXACT_OR_CENSUS
PAPER_1389,0.0,EXACT_OR_CENSUS
PAPER_139,0.0007043316395813498,SUB_0.01
PAPER_1390,0.0,EXACT_OR_CENSUS
PAPER_1391,0.0,EXACT_OR_CENSUS
PAPER_1392,0.0,EXACT_OR_CENSUS
PAPER_1393,0.0,EXACT_OR_CENSUS
PAPER_1394,0.0,EXACT_OR_CENSUS
PAPER_1395,0.0,EXACT_OR_CENSUS
PAPER_1396,0.0,EXACT_OR_CENSUS
PAPER_1397,0.0,EXACT_OR_CENSUS
PAPER_1398,0.0,EXACT_OR_CENSUS
PAPER_1399,0.0,EXACT_OR_CENSUS
PAPER_140,0.0,EXACT_OR_CENSUS
PAPER_1400,0.0,EXACT_OR_CENSUS
PAPER_1401,9.09090909090908,OVER_5
PAPER_1402,0.0,EXACT_OR_CENSUS
PAPER_1403,,NO_FIELD
PAPER_1404,0.0,EXACT_OR_CENSUS
PAPER_1405,0.0,EXACT_OR_CENSUS
PAPER_1406,0.0,EXACT_OR_CENSUS
PAPER_1407,0.0,EXACT_OR_CENSUS
PAPER_1408,0.0,EXACT_OR_CENSUS
PAPER_1409,0.0,EXACT_OR_CENSUS
PAPER_141,0.22106509433961796,SUB_1
PAPER_1410,0.0,EXACT_OR_CENSUS
PAPER_1411,0.0,EXACT_OR_CENSUS
PAPER_1412,1.1534784671430196e-14,SUB_0.01
PAPER_1413,0.0,EXACT_OR_CENSUS
PAPER_1414,2.285556772959408,SUB_5
PAPER_1415,0.0,EXACT_OR_CENSUS
PAPER_1416,4.166666666666679,SUB_5
PAPER_1417,,NO_FIELD
PAPER_1418,20.541407121407985,OVER_5
PAPER_1419,0.9237500000000055,SUB_1
PAPER_142,0.03199649122805233,SUB_0.1
PAPER_1420,0.0,EXACT_OR_CENSUS
PAPER_1421,0.4405746530787729,SUB_1
PAPER_1422,9.229199999999993,OVER_5
PAPER_1423,9.565000000000001,OVER_5
PAPER_1424,0.0,EXACT_OR_CENSUS
PAPER_1425,0.95189125295508,SUB_1
PAPER_1426,7.657833333333346,OVER_5
PAPER_1427,0.0,EXACT_OR_CENSUS
PAPER_1428,15.4,OVER_5
PAPER_1429,0.0,EXACT_OR_CENSUS
PAPER_143,1.6653345369377348e-14,SUB_0.01
PAPER_1430,0.0,EXACT_OR_CENSUS
PAPER_1431,0.09239101861500297,SUB_0.1
PAPER_1432,,NO_FIELD
PAPER_1433,0.0,EXACT_OR_CENSUS
PAPER_1434,0.0,EXACT_OR_CENSUS
PAPER_1435,0.026229508196721315,SUB_0.1
PAPER_1436,0.019086975764551612,SUB_0.1
PAPER_1437,0.13564013840830308,SUB_1
PAPER_1438,0.0,EXACT_OR_CENSUS
PAPER_1439,0.0,EXACT_OR_CENSUS
PAPER_144,0.005883193397385974,SUB_0.01
PAPER_1440,0.08484453650957825,SUB_0.1
PAPER_1441,4.0,SUB_5
PAPER_1442,0.0,EXACT_OR_CENSUS
PAPER_1443,0.0,EXACT_OR_CENSUS
PAPER_1444,0.0,EXACT_OR_CENSUS
PAPER_1445,0.08616600790513675,SUB_0.1
PAPER_1446,0.0,EXACT_OR_CENSUS
PAPER_1447,0.1324503311258203,SUB_1
PAPER_1448,0.0,EXACT_OR_CENSUS
PAPER_1449,0.14184397163120893,SUB_1
PAPER_145,0.0,EXACT_OR_CENSUS
PAPER_1450,0.0,EXACT_OR_CENSUS
PAPER_1451,0.0,EXACT_OR_CENSUS
PAPER_1452,0.4167692424285826,SUB_1
PAPER_1453,0.0,EXACT_OR_CENSUS
PAPER_1454,0.0,EXACT_OR_CENSUS
PAPER_1455,0.000823282565521876,SUB_0.01
PAPER_1456,0.2976190476192369,SUB_1
PAPER_1457,0.01658374792702821,SUB_0.1
PAPER_1458,0.0,EXACT_OR_CENSUS
PAPER_1459,1.9728729963008511,SUB_5
PAPER_146,0.04371201985189879,SUB_0.1
PAPER_1460,0.0,EXACT_OR_CENSUS
PAPER_1461,9.214854837742173,OVER_5
PAPER_1462,0.0,EXACT_OR_CENSUS
PAPER_1463,17.187547767682435,OVER_5
PAPER_1464,2.117647058823531,SUB_5
PAPER_1465,0.08935098692227572,SUB_0.1
PAPER_1466,0.0,EXACT_OR_CENSUS
PAPER_1467,0.0,EXACT_OR_CENSUS
PAPER_1468,0.0,EXACT_OR_CENSUS
PAPER_1469,0.0,EXACT_OR_CENSUS
PAPER_147,0.10010010010009056,SUB_1
PAPER_1470,0.0,EXACT_OR_CENSUS
PAPER_1471,0.0,EXACT_OR_CENSUS
PAPER_1472,0.0,EXACT_OR_CENSUS
PAPER_1473,0.0,EXACT_OR_CENSUS
PAPER_1474,0.0,EXACT_OR_CENSUS
PAPER_1475,1.2763589164988152,SUB_5
PAPER_1476,2.8806584362139875,SUB_5
PAPER_1477,0.6015625025944896,SUB_1
PAPER_1478,0.0,EXACT_OR_CENSUS
PAPER_1479,0.0,EXACT_OR_CENSUS
PAPER_148,0.26290232907891276,SUB_1
PAPER_1480,0.0,EXACT_OR_CENSUS
PAPER_1481,0.0,EXACT_OR_CENSUS
PAPER_1482,0.0,EXACT_OR_CENSUS
PAPER_1483,0.0,EXACT_OR_CENSUS
PAPER_1484,0.0,EXACT_OR_CENSUS
PAPER_1485,0.0,EXACT_OR_CENSUS
PAPER_1486,0.0,EXACT_OR_CENSUS
PAPER_1487,0.2127659574468085,SUB_1
PAPER_1488,0.0,EXACT_OR_CENSUS
PAPER_1489,0.0,EXACT_OR_CENSUS
PAPER_149,0.1899930849644897,SUB_1
PAPER_1490,0.0,EXACT_OR_CENSUS
PAPER_1491,0.0,EXACT_OR_CENSUS
PAPER_1492,,NO_FIELD
PAPER_1493,0.0,EXACT_OR_CENSUS
PAPER_1494,0.0,EXACT_OR_CENSUS
PAPER_1495,0.0,EXACT_OR_CENSUS
PAPER_1496,0.0,EXACT_OR_CENSUS
PAPER_1497,0.0,EXACT_OR_CENSUS
PAPER_1498,0.0,EXACT_OR_CENSUS
PAPER_1499,0.0,EXACT_OR_CENSUS
PAPER_150,0.15176354116299248,SUB_1
PAPER_1500,0.0,EXACT_OR_CENSUS
PAPER_1501,0.0,EXACT_OR_CENSUS
PAPER_1502,0.0,EXACT_OR_CENSUS
PAPER_1503,0.0,EXACT_OR_CENSUS
PAPER_1504,0.0,EXACT_OR_CENSUS
PAPER_1505,0.08340283569640894,SUB_0.1
PAPER_1506,0.0,EXACT_OR_CENSUS
PAPER_1507,0.0,EXACT_OR_CENSUS
PAPER_1508,0.0,EXACT_OR_CENSUS
PAPER_1509,0.0,EXACT_OR_CENSUS
PAPER_151,0.12847550481176984,SUB_1
PAPER_1510,2.0345653011933313,SUB_5
PAPER_1511,0.0,EXACT_OR_CENSUS
PAPER_1512,0.0,EXACT_OR_CENSUS
PAPER_1513,0.0,EXACT_OR_CENSUS
PAPER_1514,0.0,EXACT_OR_CENSUS
PAPER_1515,0.003542699588776903,SUB_0.01
PAPER_1516,0.002811250953306914,SUB_0.01
PAPER_1517,0.012451686957583977,SUB_0.1
PAPER_1518,0.0,EXACT_OR_CENSUS
PAPER_1519,0.0,EXACT_OR_CENSUS
PAPER_152,0.09217597433712015,SUB_0.1
PAPER_1520,0.0,EXACT_OR_CENSUS
PAPER_1521,0.0,EXACT_OR_CENSUS
PAPER_1522,0.0,EXACT_OR_CENSUS
PAPER_1523,0.8642990074441687,SUB_1
PAPER_1524,0.0,EXACT_OR_CENSUS
PAPER_1525,0.09386461872994897,SUB_0.1
PAPER_1526,0.09171989374480896,SUB_0.1
PAPER_1527,0.7934188060519025,SUB_1
PAPER_1528,0.07653919222065743,SUB_0.1
PAPER_1529,0.1458579120866541,SUB_1
PAPER_153,0.126464740308273,SUB_1
PAPER_1530,0.23097326972979274,SUB_1
PAPER_1531,0.9154871257548985,SUB_1
PAPER_1532,0.0,EXACT_OR_CENSUS
PAPER_1533,0.0,EXACT_OR_CENSUS
PAPER_1534,0.0,EXACT_OR_CENSUS
PAPER_1535,0.0,EXACT_OR_CENSUS
PAPER_1536,0.0,EXACT_OR_CENSUS
PAPER_1537,0.0,EXACT_OR_CENSUS
PAPER_1538,0.0,EXACT_OR_CENSUS
PAPER_1539,0.0,EXACT_OR_CENSUS
PAPER_154,0.0,EXACT_OR_CENSUS
PAPER_1540,0.0,EXACT_OR_CENSUS
PAPER_1541,0.0,EXACT_OR_CENSUS
PAPER_1542,0.0,EXACT_OR_CENSUS
PAPER_1543,0.0,EXACT_OR_CENSUS
PAPER_1544,5.144905149861834e-05,SUB_0.01
PAPER_1545,0.0,EXACT_OR_CENSUS
PAPER_1546,0.006881207422533408,SUB_0.01
PAPER_1547,0.00034202090618516435,SUB_0.01
PAPER_1548,0.005388474504277161,SUB_0.01
PAPER_1549,0.0029196707647514966,SUB_0.01
PAPER_155,0.06813174449475996,SUB_0.1
PAPER_1550,0.0009616798073406199,SUB_0.01
PAPER_1551,0.0,EXACT_OR_CENSUS
PAPER_1552,0.0,EXACT_OR_CENSUS
PAPER_1553,0.014711671612272314,SUB_0.1
PAPER_1554,0.002797994501041257,SUB_0.01
PAPER_1555,0.01781828889015959,SUB_0.1
PAPER_1556,0.005324768464918951,SUB_0.01
PAPER_1557,0.016186250999206113,SUB_0.1
PAPER_1558,0.013342075346388536,SUB_0.1
PAPER_1559,0.04033887658528107,SUB_0.1
PAPER_156,3.637978807091713e-14,SUB_0.01
PAPER_1560,0.03053611216475716,SUB_0.1
PAPER_1561,0.10090504452464108,SUB_1
PAPER_1562,0.10510701257953894,SUB_1
PAPER_1563,0.023105120783638206,SUB_0.1
PAPER_1564,0.04545281466265106,SUB_0.1
PAPER_1565,0.008267699590550796,SUB_0.01
PAPER_1566,0.023724764197061453,SUB_0.1
PAPER_1567,0.04718588280804122,SUB_0.1
PAPER_1568,0.0,EXACT_OR_CENSUS
PAPER_1569,0.0,EXACT_OR_CENSUS
PAPER_157,0.010327250742221865,SUB_0.1
PAPER_1570,0.0,EXACT_OR_CENSUS
PAPER_1571,0.0,EXACT_OR_CENSUS
PAPER_1572,0.0,EXACT_OR_CENSUS
PAPER_1573,0.0,EXACT_OR_CENSUS
PAPER_1574,0.0,EXACT_OR_CENSUS
PAPER_1575,0.0,EXACT_OR_CENSUS
PAPER_1576,0.0,EXACT_OR_CENSUS
PAPER_1577,0.0,EXACT_OR_CENSUS
PAPER_1578,0.0,EXACT_OR_CENSUS
PAPER_1579,0.0,EXACT_OR_CENSUS
PAPER_158,0.009563148437308128,SUB_0.01
PAPER_1580,0.0,EXACT_OR_CENSUS
PAPER_1581,0.0,EXACT_OR_CENSUS
PAPER_1582,0.0,EXACT_OR_CENSUS
PAPER_1583,0.0,EXACT_OR_CENSUS
PAPER_1584,0.0,EXACT_OR_CENSUS
PAPER_1585,0.0,EXACT_OR_CENSUS
PAPER_1586,0.024231703445827292,SUB_0.1
PAPER_1587,0.07456903415049171,SUB_0.1
PAPER_1588,0.050645519549613244,SUB_0.1
PAPER_1589,0.027188920214669184,SUB_0.1
PAPER_159,0.06358042404931204,SUB_0.1
PAPER_1590,0.0340045496545767,SUB_0.1
PAPER_1591,0.02733641460058552,SUB_0.1
PAPER_1592,0.007297220522201033,SUB_0.01
PAPER_1593,0.06538511988142258,SUB_0.1
PAPER_1594,0.02671492996494264,SUB_0.1
PAPER_1595,0.030840669113829166,SUB_0.1
PAPER_1596,0.00220426157237125,SUB_0.01
PAPER_1597,0.0049346163335896006,SUB_0.01
PAPER_1598,0.059653398459214683,SUB_0.1
PAPER_1599,0.0,EXACT_OR_CENSUS
PAPER_160,0.0041827586687506035,SUB_0.01
PAPER_1600,0.0,EXACT_OR_CENSUS
PAPER_1601,0.0,EXACT_OR_CENSUS
PAPER_1602,0.00441969415715795,SUB_0.01
PAPER_1603,0.005244388504313515,SUB_0.01
PAPER_1604,0.0,EXACT_OR_CENSUS
PAPER_1605,0.0,EXACT_OR_CENSUS
PAPER_1606,0.05026148325359119,SUB_0.1
PAPER_1607,0.06306535433072874,SUB_0.1
PAPER_1608,0.10624210526314232,SUB_1
PAPER_1609,0.17749510763208798,SUB_1
PAPER_161,0.016755287963971993,SUB_0.1
PAPER_1610,0.02459347256549516,SUB_0.1
PAPER_1611,0.024312191356922606,SUB_0.1
PAPER_1612,0.04247577100180726,SUB_0.1
PAPER_1613,0.03287666298213056,SUB_0.1
PAPER_1614,0.017241799256276304,SUB_0.1
PAPER_1615,0.01982024765622602,SUB_0.1
PAPER_1616,0.14317460317457895,SUB_1
PAPER_1617,0.1386008470862957,SUB_1
PAPER_1618,0.08185714076054633,SUB_0.1
PAPER_1619,0.005809313121072412,SUB_0.01
PAPER_162,0.14306151645207768,SUB_1
PAPER_1620,0.25289765721331997,SUB_1
PAPER_1621,0.20512820512819618,SUB_1
PAPER_1622,0.0,EXACT_OR_CENSUS
PAPER_1623,0.02339946475841256,SUB_0.1
PAPER_1624,0.025632415491373194,SUB_0.1
PAPER_1625,0.007342143906029531,SUB_0.01
PAPER_1626,0.010946937746437879,SUB_0.1
PAPER_1627,0.02360487069499078,SUB_0.1
PAPER_1628,0.00826719576720587,SUB_0.01
PAPER_1629,0.05971247570531114,SUB_0.1
PAPER_163,0.07899989877517598,SUB_0.1
PAPER_1630,0.0,EXACT_OR_CENSUS
PAPER_1631,0.018836648583486968,SUB_0.1
PAPER_1632,0.0,EXACT_OR_CENSUS
PAPER_1633,0.023710535244898596,SUB_0.1
PAPER_1634,0.03908111032541449,SUB_0.1
PAPER_1635,0.7058823529411823,SUB_1
PAPER_1636,0.0,EXACT_OR_CENSUS
PAPER_1637,0.0,EXACT_OR_CENSUS
PAPER_1638,0.0,EXACT_OR_CENSUS
PAPER_1639,0.0,EXACT_OR_CENSUS
PAPER_164,0.019203072491644442,SUB_0.1
PAPER_1640,0.0,EXACT_OR_CENSUS
PAPER_1641,0.6884042333249019,SUB_1
PAPER_1642,0.0,EXACT_OR_CENSUS
PAPER_1643,0.0,EXACT_OR_CENSUS
PAPER_1644,0.0,EXACT_OR_CENSUS
PAPER_1645,0.10416666666666935,SUB_1
PAPER_1646,0.12273874268908032,SUB_1
PAPER_1647,0.5291515678571515,SUB_1
PAPER_1648,0.1324503311258203,SUB_1
PAPER_1649,0.0,EXACT_OR_CENSUS
PAPER_165,1.773518222169541e-14,SUB_0.01
PAPER_1650,0.0,EXACT_OR_CENSUS
PAPER_1651,0.0,EXACT_OR_CENSUS
PAPER_1652,0.0,EXACT_OR_CENSUS
PAPER_1653,0.019086975764551612,SUB_0.1
PAPER_1654,0.0,EXACT_OR_CENSUS
PAPER_1655,0.0,EXACT_OR_CENSUS
PAPER_1656,0.026311921350909467,SUB_0.1
PAPER_1657,0.0,EXACT_OR_CENSUS
PAPER_1658,0.0,EXACT_OR_CENSUS
PAPER_1659,0.015769304870389078,SUB_0.1
PAPER_166,0.0,EXACT_OR_CENSUS
PAPER_1660,0.0,EXACT_OR_CENSUS
PAPER_1661,0.0,EXACT_OR_CENSUS
PAPER_1662,0.0,EXACT_OR_CENSUS
PAPER_1663,0.4016064257028005,SUB_1
PAPER_1664,0.08616600790513675,SUB_0.1
PAPER_1665,0.48333333333334255,SUB_1
PAPER_1666,0.0,EXACT_OR_CENSUS
PAPER_1667,0.0,EXACT_OR_CENSUS
PAPER_1668,0.0,EXACT_OR_CENSUS
PAPER_1669,0.0033146610107551667,SUB_0.01
PAPER_167,0.0,EXACT_OR_CENSUS
PAPER_1670,0.08616600790513411,SUB_0.1
PAPER_1671,0.015769304870389078,SUB_0.1
PAPER_1672,0.0,EXACT_OR_CENSUS
PAPER_1673,0.4167692424285826,SUB_1
PAPER_1674,0.0,EXACT_OR_CENSUS
PAPER_1675,0.0,EXACT_OR_CENSUS
PAPER_1676,0.2976190476192369,SUB_1
PAPER_1677,0.0,EXACT_OR_CENSUS
PAPER_1678,0.0,EXACT_OR_CENSUS
PAPER_1679,0.0,EXACT_OR_CENSUS
PAPER_168,0.2777777777777678,SUB_1
PAPER_1680,0.0,EXACT_OR_CENSUS
PAPER_1681,0.0,EXACT_OR_CENSUS
PAPER_1682,0.0,EXACT_OR_CENSUS
PAPER_1683,0.0,EXACT_OR_CENSUS
PAPER_1684,0.0,EXACT_OR_CENSUS
PAPER_1685,0.0,EXACT_OR_CENSUS
PAPER_1686,0.0,EXACT_OR_CENSUS
PAPER_1687,0.0,EXACT_OR_CENSUS
PAPER_1688,0.014077669902918616,SUB_0.1
PAPER_1689,0.0,EXACT_OR_CENSUS
PAPER_169,1.902109074535973e-14,SUB_0.01
PAPER_1690,0.0,EXACT_OR_CENSUS
PAPER_1691,0.0,EXACT_OR_CENSUS
PAPER_1692,0.0,EXACT_OR_CENSUS
PAPER_1693,0.0,EXACT_OR_CENSUS
PAPER_1694,0.0,EXACT_OR_CENSUS
PAPER_1695,0.0,EXACT_OR_CENSUS
PAPER_1696,0.10223455527968948,SUB_1
PAPER_1697,0.0030714409118215253,SUB_0.01
PAPER_1698,0.0037035665345838986,SUB_0.01
PAPER_1699,0.0,EXACT_OR_CENSUS
PAPER_170,0.006535952031507359,SUB_0.01
PAPER_1700,0.0,EXACT_OR_CENSUS
PAPER_1701,0.0,EXACT_OR_CENSUS
PAPER_1702,0.0,EXACT_OR_CENSUS
PAPER_1703,0.0,EXACT_OR_CENSUS
PAPER_1704,0.0,EXACT_OR_CENSUS
PAPER_1705,0.0,EXACT_OR_CENSUS
PAPER_1706,0.0,EXACT_OR_CENSUS
PAPER_1707,0.0,EXACT_OR_CENSUS
PAPER_1708,0.0,EXACT_OR_CENSUS
PAPER_1709,0.0,EXACT_OR_CENSUS
PAPER_171,0.0,EXACT_OR_CENSUS
PAPER_1710,0.0,EXACT_OR_CENSUS
PAPER_1711,0.14880952380953122,SUB_1
PAPER_1712,0.10555555555555134,SUB_1
PAPER_1713,0.11764705882352691,SUB_1
PAPER_1714,0.15555555555556805,SUB_1
PAPER_1715,0.05281690140843707,SUB_0.1
PAPER_1716,0.020302075234977412,SUB_0.1
PAPER_1717,0.0,EXACT_OR_CENSUS
PAPER_1718,0.0,EXACT_OR_CENSUS
PAPER_1719,0.0,EXACT_OR_CENSUS
PAPER_172,0.05608524957935875,SUB_0.1
PAPER_1720,0.0,EXACT_OR_CENSUS
PAPER_1721,0.0,EXACT_OR_CENSUS
PAPER_1722,0.0,EXACT_OR_CENSUS
PAPER_1723,0.0,EXACT_OR_CENSUS
PAPER_1724,0.0,EXACT_OR_CENSUS
PAPER_1725,0.0,EXACT_OR_CENSUS
PAPER_1726,0.010616518838597218,SUB_0.1
PAPER_1727,0.0,EXACT_OR_CENSUS
PAPER_1728,0.0,EXACT_OR_CENSUS
PAPER_1729,0.0,EXACT_OR_CENSUS
PAPER_173,0.04995929427607824,SUB_0.1
PAPER_1730,0.0,EXACT_OR_CENSUS
PAPER_1731,0.0,EXACT_OR_CENSUS
PAPER_1732,0.0,EXACT_OR_CENSUS
PAPER_1733,0.0,EXACT_OR_CENSUS
PAPER_1734,0.0,EXACT_OR_CENSUS
PAPER_1735,0.007189471394397551,SUB_0.01
PAPER_1736,0.022714685459626193,SUB_0.1
PAPER_1737,0.0,EXACT_OR_CENSUS
PAPER_1738,0.0,EXACT_OR_CENSUS
PAPER_1739,0.0,EXACT_OR_CENSUS
PAPER_174,9.999999987890802e-07,SUB_0.01
PAPER_1740,0.000823282565521876,SUB_0.01
PAPER_1741,0.0,EXACT_OR_CENSUS
PAPER_1742,0.0,EXACT_OR_CENSUS
PAPER_1743,0.0,EXACT_OR_CENSUS
PAPER_1744,0.0,EXACT_OR_CENSUS
PAPER_1745,0.0,EXACT_OR_CENSUS
PAPER_1746,0.0,EXACT_OR_CENSUS
PAPER_1747,0.013519204227895095,SUB_0.1
PAPER_1748,0.044797227565433674,SUB_0.1
PAPER_1749,0.033508803956617414,SUB_0.1
PAPER_175,2.500000003850927e-09,SUB_0.01
PAPER_1750,0.010625188356637151,SUB_0.1
PAPER_1751,0.061372962686007275,SUB_0.1
PAPER_1752,0.0,EXACT_OR_CENSUS
PAPER_1753,0.0,EXACT_OR_CENSUS
PAPER_1754,0.0,EXACT_OR_CENSUS
PAPER_1755,0.002811250953322931,SUB_0.01
PAPER_1756,0.0,EXACT_OR_CENSUS
PAPER_1757,0.0,EXACT_OR_CENSUS
PAPER_1758,0.0,EXACT_OR_CENSUS
PAPER_1759,0.4833333333333467,SUB_1
PAPER_176,0.4442917489790705,SUB_1
PAPER_1760,0.7936507936507782,SUB_1
PAPER_1761,0.13564013840830308,SUB_1
PAPER_1762,0.7936507936507782,SUB_1
PAPER_1763,0.4833333333333356,SUB_1
PAPER_1764,0.4833333333333467,SUB_1
PAPER_1765,0.0,EXACT_OR_CENSUS
PAPER_1766,0.0,EXACT_OR_CENSUS
PAPER_1767,0.026229508196721315,SUB_0.1
PAPER_1768,0.0,EXACT_OR_CENSUS
PAPER_1769,0.0,EXACT_OR_CENSUS
PAPER_177,0.0,EXACT_OR_CENSUS
PAPER_1770,5.2000000000000135,OVER_5
PAPER_1771,0.0,EXACT_OR_CENSUS
PAPER_1772,0.019086975764551612,SUB_0.1
PAPER_1773,0.0,EXACT_OR_CENSUS
PAPER_1774,0.0,EXACT_OR_CENSUS
PAPER_1775,0.0,EXACT_OR_CENSUS
PAPER_1776,0.0,EXACT_OR_CENSUS
PAPER_1777,9.090909090909092,OVER_5
PAPER_1778,4.166666666666679,SUB_5
PAPER_1779,0.4803100058938453,SUB_1
PAPER_178,0.0,EXACT_OR_CENSUS
PAPER_1780,0.0,EXACT_OR_CENSUS
PAPER_1781,0.0,EXACT_OR_CENSUS
PAPER_1782,0.0,EXACT_OR_CENSUS
PAPER_1783,0.0,EXACT_OR_CENSUS
PAPER_1784,0.0,EXACT_OR_CENSUS
PAPER_1785,0.0,EXACT_OR_CENSUS
PAPER_1786,0.0,EXACT_OR_CENSUS
PAPER_1787,0.4016064257028005,SUB_1
PAPER_1788,0.0,EXACT_OR_CENSUS
PAPER_1789,0.0,EXACT_OR_CENSUS
PAPER_179,0.2053884257581184,SUB_1
PAPER_1790,0.0,EXACT_OR_CENSUS
PAPER_1791,0.0,EXACT_OR_CENSUS
PAPER_1792,0.1725333004401374,SUB_1
PAPER_1793,0.0,EXACT_OR_CENSUS
PAPER_1794,0.015769304870389078,SUB_0.1
PAPER_1795,0.0,EXACT_OR_CENSUS
PAPER_180,0.05939086294416456,SUB_0.1
PAPER_1800,0.009301916731417784,SUB_0.01
PAPER_1801,0.009301916731417784,SUB_0.01
PAPER_1802,0.0,EXACT_OR_CENSUS
PAPER_1803,0.14184397163120893,SUB_1
PAPER_1804,0.0,EXACT_OR_CENSUS
PAPER_1805,45.0,OVER_5
PAPER_1806,0.0,EXACT_OR_CENSUS
PAPER_1807,0.0,EXACT_OR_CENSUS
PAPER_1808,0.0,EXACT_OR_CENSUS
PAPER_1809,0.0,EXACT_OR_CENSUS
PAPER_181,0.1351351351351207,SUB_1
PAPER_1810,0.0,EXACT_OR_CENSUS
PAPER_1811,0.0,EXACT_OR_CENSUS
PAPER_1812,0.0,EXACT_OR_CENSUS
PAPER_1813,0.2321560879229293,SUB_1
PAPER_1814,0.0,EXACT_OR_CENSUS
PAPER_1815,4.2570281124498095,SUB_5
PAPER_1816,0.22550739163117728,SUB_1
PAPER_1817,0.041281613936046235,SUB_0.1
PAPER_1818,2.12508470322497,SUB_5
PAPER_1819,0.7943925233644814,SUB_1
PAPER_182,0.016586498590145795,SUB_0.1
PAPER_1820,0.0047243702911682235,SUB_0.01
PAPER_1821,0.08253094910590564,SUB_0.1
PAPER_1822,6.36,OVER_5
PAPER_1823,0.0,EXACT_OR_CENSUS
PAPER_1824,2.844216194654874,SUB_5
PAPER_1825,0.18309323936850389,SUB_1
PAPER_1826,2.73,SUB_5
PAPER_1827,0.0,EXACT_OR_CENSUS
PAPER_1828,0.0,EXACT_OR_CENSUS
PAPER_1829,0.2635046113306985,SUB_1
PAPER_183,0.11171624713957491,SUB_1
PAPER_1830,15.0,OVER_5
PAPER_1831,2.64,SUB_5
PAPER_1832,5.5,OVER_5
PAPER_1833,0.25,SUB_1
PAPER_1834,0.14,SUB_1
PAPER_1835,34.0,OVER_5
PAPER_1836,3.9,SUB_5
PAPER_1837,4.2,SUB_5
PAPER_1838,4.243510928961803,SUB_5
PAPER_1839,0.5,SUB_1
PAPER_184,0.051173799014907366,SUB_0.1
PAPER_1840,0.0,EXACT_OR_CENSUS
PAPER_1841,0.66,SUB_1
PAPER_1842,0.3742020691173005,SUB_1
PAPER_1843,2.53,SUB_5
PAPER_1844,0.0,EXACT_OR_CENSUS
PAPER_1845,0.0003507926137406456,SUB_0.01
PAPER_1846,2.05,SUB_5
PAPER_1847,0.0,EXACT_OR_CENSUS
PAPER_1848,2.92,SUB_5
PAPER_1849,3.15,SUB_5
PAPER_185,0.0,EXACT_OR_CENSUS
PAPER_1850,8.44,OVER_5
PAPER_1851,0.0,EXACT_OR_CENSUS
PAPER_1852,0.0,EXACT_OR_CENSUS
PAPER_1853,0.042,SUB_0.1
PAPER_1854,3.8,SUB_5
PAPER_1855,3.1206972540084186,SUB_5
PAPER_1856,0.31,SUB_1
PAPER_1857,0.042,SUB_0.1
PAPER_1858,0.41,SUB_1
PAPER_1859,0.137,SUB_1
PAPER_186,39.79004271810455,OVER_5
PAPER_1860,1.94,SUB_5
PAPER_1861,0.0,EXACT_OR_CENSUS
PAPER_1862,0.48,SUB_1
PAPER_1863,0.33,SUB_1
PAPER_1864,0.0,EXACT_OR_CENSUS
PAPER_1865,0.64,SUB_1
PAPER_1866,28.0,OVER_5
PAPER_1867,0.086,SUB_0.1
PAPER_1868,7.65,OVER_5
PAPER_1869,0.0,EXACT_OR_CENSUS
PAPER_187,0.0,EXACT_OR_CENSUS
PAPER_1870,0.96,SUB_1
PAPER_1871,2.39,SUB_5
PAPER_1872,0.001,SUB_0.01
PAPER_1873,0.0,EXACT_OR_CENSUS
PAPER_1874,0.35,SUB_1
PAPER_1875,0.34,SUB_1
PAPER_1876,0.19,SUB_1
PAPER_1877,1.28,SUB_5
PAPER_1878,4.85,SUB_5
PAPER_1879,4.15,SUB_5
PAPER_188,0.06574621959236182,SUB_0.1
PAPER_1880,0.0,EXACT_OR_CENSUS
PAPER_1881,14.0,OVER_5
PAPER_1882,0.25,SUB_1
PAPER_1883,0.05,SUB_0.1
PAPER_1884,0.24,SUB_1
PAPER_1885,0.0,EXACT_OR_CENSUS
PAPER_1886,14.0,OVER_5
PAPER_1887,0.0,EXACT_OR_CENSUS
PAPER_1888,1.6,SUB_5
PAPER_1889,4.0,SUB_5
PAPER_189,0.0,EXACT_OR_CENSUS
PAPER_1890,1.28,SUB_5
PAPER_1891,0.52,SUB_1
PAPER_1892,0.18,SUB_1
PAPER_1893,0.43,SUB_1
PAPER_1894,0.64,SUB_1
PAPER_1895,2.82,SUB_5
PAPER_1896,0.3,SUB_1
PAPER_1897,1.68,SUB_5
PAPER_1898,0.0,EXACT_OR_CENSUS
PAPER_1899,0.011,SUB_0.1
PAPER_190,0.0,EXACT_OR_CENSUS
PAPER_1900,2.8,SUB_5
PAPER_1901,0.0,EXACT_OR_CENSUS
PAPER_1902,0.33,SUB_1
PAPER_1903,0.003,SUB_0.01
PAPER_1904,0.66,SUB_1
PAPER_1905,2.27,SUB_5
PAPER_1906,0.0,EXACT_OR_CENSUS
PAPER_1907,0.0,EXACT_OR_CENSUS
PAPER_1908,0.0,EXACT_OR_CENSUS
PAPER_1909,0.0,EXACT_OR_CENSUS
PAPER_191,0.0,EXACT_OR_CENSUS
PAPER_1910,0.0,EXACT_OR_CENSUS
PAPER_1911,0.0,EXACT_OR_CENSUS
PAPER_1912,0.0,EXACT_OR_CENSUS
PAPER_1913,0.0,EXACT_OR_CENSUS
PAPER_1914,0.0,EXACT_OR_CENSUS
PAPER_1915,0.0,EXACT_OR_CENSUS
PAPER_1916,0.0,EXACT_OR_CENSUS
PAPER_1917,0.0,EXACT_OR_CENSUS
PAPER_1918,0.0,EXACT_OR_CENSUS
PAPER_1919,0.0,EXACT_OR_CENSUS
PAPER_192,0.0,EXACT_OR_CENSUS
PAPER_1920,0.0,EXACT_OR_CENSUS
PAPER_1921,0.0,EXACT_OR_CENSUS
PAPER_1922,0.0,EXACT_OR_CENSUS
PAPER_1923,0.0,EXACT_OR_CENSUS
PAPER_1924,0.0,EXACT_OR_CENSUS
PAPER_1925,0.0,EXACT_OR_CENSUS
PAPER_1926,0.011,SUB_0.1
PAPER_1927,0.0,EXACT_OR_CENSUS
PAPER_1928,0.0,EXACT_OR_CENSUS
PAPER_1929,0.0,EXACT_OR_CENSUS
PAPER_193,0.002949342345800229,SUB_0.01
PAPER_1930,0.0,EXACT_OR_CENSUS
PAPER_1931,0.0,EXACT_OR_CENSUS
PAPER_1932,0.0,EXACT_OR_CENSUS
PAPER_1933,0.0,EXACT_OR_CENSUS
PAPER_1934,0.0,EXACT_OR_CENSUS
PAPER_1935,0.0,EXACT_OR_CENSUS
PAPER_1936,0.0,EXACT_OR_CENSUS
PAPER_1937,0.042,SUB_0.1
PAPER_1938,0.0,EXACT_OR_CENSUS
PAPER_1939,0.0,EXACT_OR_CENSUS
PAPER_194,0.0,EXACT_OR_CENSUS
PAPER_1940,0.0,EXACT_OR_CENSUS
PAPER_1941,0.0,EXACT_OR_CENSUS
PAPER_1942,0.0,EXACT_OR_CENSUS
PAPER_1943,0.0,EXACT_OR_CENSUS
PAPER_1944,0.0,EXACT_OR_CENSUS
PAPER_1945,0.0,EXACT_OR_CENSUS
PAPER_1946,0.0,EXACT_OR_CENSUS
PAPER_1947,0.08,SUB_0.1
PAPER_1948,0.0,EXACT_OR_CENSUS
PAPER_1949,0.0,EXACT_OR_CENSUS
PAPER_195,0.0,EXACT_OR_CENSUS
PAPER_1950,0.08,SUB_0.1
PAPER_1951,0.0,EXACT_OR_CENSUS
PAPER_1952,0.0,EXACT_OR_CENSUS
PAPER_1953,0.0,EXACT_OR_CENSUS
PAPER_1954,0.0,EXACT_OR_CENSUS
PAPER_1955,0.0,EXACT_OR_CENSUS
PAPER_1956,5.0,OVER_5
PAPER_1957,0.0,EXACT_OR_CENSUS
PAPER_1958,0.0,EXACT_OR_CENSUS
PAPER_1959,0.94,SUB_1
PAPER_196,0.0,EXACT_OR_CENSUS
PAPER_1960,0.0,EXACT_OR_CENSUS
PAPER_1961,0.0,EXACT_OR_CENSUS
PAPER_1962,0.0,EXACT_OR_CENSUS
PAPER_1963,0.0,EXACT_OR_CENSUS
PAPER_1964,0.0,EXACT_OR_CENSUS
PAPER_1965,0.0,EXACT_OR_CENSUS
PAPER_1966,0.0,EXACT_OR_CENSUS
PAPER_1967,0.5,SUB_1
PAPER_1968,0.25,SUB_1
PAPER_1969,0.0,EXACT_OR_CENSUS
PAPER_197,0.0,EXACT_OR_CENSUS
PAPER_1970,0.0,EXACT_OR_CENSUS
PAPER_1971,0.0,EXACT_OR_CENSUS
PAPER_1972,0.0,EXACT_OR_CENSUS
PAPER_1973,0.0,EXACT_OR_CENSUS
PAPER_1974,0.0,EXACT_OR_CENSUS
PAPER_1975,0.02,SUB_0.1
PAPER_1976,0.0,EXACT_OR_CENSUS
PAPER_1977,0.0,EXACT_OR_CENSUS
PAPER_1978,0.0,EXACT_OR_CENSUS
PAPER_1979,0.0,EXACT_OR_CENSUS
PAPER_198,0.0,EXACT_OR_CENSUS
PAPER_1980,0.0,EXACT_OR_CENSUS
PAPER_1981,0.0,EXACT_OR_CENSUS
PAPER_1982,0.0,EXACT_OR_CENSUS
PAPER_1983,0.0,EXACT_OR_CENSUS
PAPER_1984,0.0,EXACT_OR_CENSUS
PAPER_1985,0.0,EXACT_OR_CENSUS
PAPER_1986,0.0,EXACT_OR_CENSUS
PAPER_1987,0.0,EXACT_OR_CENSUS
PAPER_1988,0.0,EXACT_OR_CENSUS
PAPER_1989,0.0,EXACT_OR_CENSUS
PAPER_199,0.0,EXACT_OR_CENSUS
PAPER_1990,0.0,EXACT_OR_CENSUS
PAPER_1991,0.0,EXACT_OR_CENSUS
PAPER_1992,0.07,SUB_0.1
PAPER_1993,1.0,SUB_5
PAPER_1994,0.0,EXACT_OR_CENSUS
PAPER_1995,0.0,EXACT_OR_CENSUS
PAPER_1996,0.07,SUB_0.1
PAPER_1997,0.0,EXACT_OR_CENSUS
PAPER_1998,0.0,EXACT_OR_CENSUS
PAPER_1999,0.0,EXACT_OR_CENSUS
PAPER_200,0.0,EXACT_OR_CENSUS
PAPER_2000,0.0,EXACT_OR_CENSUS
PAPER_2001,0.0,EXACT_OR_CENSUS
PAPER_2002,0.0,EXACT_OR_CENSUS
PAPER_2003,0.0,EXACT_OR_CENSUS
PAPER_2004,0.0,EXACT_OR_CENSUS
PAPER_2005,0.0,EXACT_OR_CENSUS
PAPER_2006,0.0,EXACT_OR_CENSUS
PAPER_2007,0.0,EXACT_OR_CENSUS
PAPER_2008,0.0,EXACT_OR_CENSUS
PAPER_2009,0.0,EXACT_OR_CENSUS
PAPER_201,0.7224176838854056,SUB_1
PAPER_2010,0.0,EXACT_OR_CENSUS
PAPER_2011,0.4,SUB_1
PAPER_2012,0.0,EXACT_OR_CENSUS
PAPER_2013,0.0,EXACT_OR_CENSUS
PAPER_2014,0.0,EXACT_OR_CENSUS
PAPER_2015,0.0,EXACT_OR_CENSUS
PAPER_2016,0.0,EXACT_OR_CENSUS
PAPER_2017,0.0,EXACT_OR_CENSUS
PAPER_2018,0.0,EXACT_OR_CENSUS
PAPER_2019,0.0,EXACT_OR_CENSUS
PAPER_202,0.0,EXACT_OR_CENSUS
PAPER_2020,0.0,EXACT_OR_CENSUS
PAPER_2021,0.0,EXACT_OR_CENSUS
PAPER_2022,0.0,EXACT_OR_CENSUS
PAPER_2023,0.0,EXACT_OR_CENSUS
PAPER_2024,0.0,EXACT_OR_CENSUS
PAPER_2025,0.0,EXACT_OR_CENSUS
PAPER_2026,0.0,EXACT_OR_CENSUS
PAPER_2027,0.0,EXACT_OR_CENSUS
PAPER_2028,0.0,EXACT_OR_CENSUS
PAPER_2029,0.0,EXACT_OR_CENSUS
PAPER_203,0.0,EXACT_OR_CENSUS
PAPER_2030,0.0,EXACT_OR_CENSUS
PAPER_2031,0.0,EXACT_OR_CENSUS
PAPER_2032,0.0,EXACT_OR_CENSUS
PAPER_2033,0.0,EXACT_OR_CENSUS
PAPER_2034,0.0,EXACT_OR_CENSUS
PAPER_2035,0.0,EXACT_OR_CENSUS
PAPER_2036,0.0,EXACT_OR_CENSUS
PAPER_2037,0.0,EXACT_OR_CENSUS
PAPER_2038,0.0,EXACT_OR_CENSUS
PAPER_2039,0.0,EXACT_OR_CENSUS
PAPER_204,0.0,EXACT_OR_CENSUS
PAPER_2040,0.0,EXACT_OR_CENSUS
PAPER_2041,0.0,EXACT_OR_CENSUS
PAPER_2042,0.0,EXACT_OR_CENSUS
PAPER_2043,0.0,EXACT_OR_CENSUS
PAPER_2044,0.0,EXACT_OR_CENSUS
PAPER_2045,0.0,EXACT_OR_CENSUS
PAPER_2046,0.0,EXACT_OR_CENSUS
PAPER_2047,0.0,EXACT_OR_CENSUS
PAPER_2048,0.0,EXACT_OR_CENSUS
PAPER_2049,0.0,EXACT_OR_CENSUS
PAPER_205,0.0,EXACT_OR_CENSUS
PAPER_2050,0.0,EXACT_OR_CENSUS
PAPER_2051,0.0,EXACT_OR_CENSUS
PAPER_2052,0.0,EXACT_OR_CENSUS
PAPER_2053,0.0,EXACT_OR_CENSUS
PAPER_2054,0.0,EXACT_OR_CENSUS
PAPER_2055,0.0,EXACT_OR_CENSUS
PAPER_2056,0.0,EXACT_OR_CENSUS
PAPER_2057,0.0,EXACT_OR_CENSUS
PAPER_2058,0.0,EXACT_OR_CENSUS
PAPER_2059,0.0,EXACT_OR_CENSUS
PAPER_206,0.0,EXACT_OR_CENSUS
PAPER_2060,0.0,EXACT_OR_CENSUS
PAPER_2061,0.0,EXACT_OR_CENSUS
PAPER_2062,0.0,EXACT_OR_CENSUS
PAPER_2063,0.0,EXACT_OR_CENSUS
PAPER_2064,0.0,EXACT_OR_CENSUS
PAPER_2065,0.0,EXACT_OR_CENSUS
PAPER_2066,0.0,EXACT_OR_CENSUS
PAPER_2067,0.0,EXACT_OR_CENSUS
PAPER_2068,0.0,EXACT_OR_CENSUS
PAPER_2069,0.0,EXACT_OR_CENSUS
PAPER_207,0.0,EXACT_OR_CENSUS
PAPER_2070,0.0,EXACT_OR_CENSUS
PAPER_2071,0.32,SUB_1
PAPER_2072,0.0,EXACT_OR_CENSUS
PAPER_2073,0.0,EXACT_OR_CENSUS
PAPER_2074,0.0,EXACT_OR_CENSUS
PAPER_2075,0.0,EXACT_OR_CENSUS
PAPER_2076,0.0,EXACT_OR_CENSUS
PAPER_2077,0.0,EXACT_OR_CENSUS
PAPER_2078,0.0,EXACT_OR_CENSUS
PAPER_2079,0.0,EXACT_OR_CENSUS
PAPER_208,0.0,EXACT_OR_CENSUS
PAPER_2080,0.0,EXACT_OR_CENSUS
PAPER_2081,0.0,EXACT_OR_CENSUS
PAPER_2082,0.0,EXACT_OR_CENSUS
PAPER_2083,0.0,EXACT_OR_CENSUS
PAPER_2084,0.0,EXACT_OR_CENSUS
PAPER_2085,0.0,EXACT_OR_CENSUS
PAPER_2086,0.0,EXACT_OR_CENSUS
PAPER_2087,0.0,EXACT_OR_CENSUS
PAPER_2088,0.0,EXACT_OR_CENSUS
PAPER_2089,0.0,EXACT_OR_CENSUS
PAPER_209,0.0,EXACT_OR_CENSUS
PAPER_2090,0.0,EXACT_OR_CENSUS
PAPER_2091,0.0,EXACT_OR_CENSUS
PAPER_2092,0.0,EXACT_OR_CENSUS
PAPER_2093,0.0,EXACT_OR_CENSUS
PAPER_2094,1.0,SUB_5
PAPER_2095,0.0,EXACT_OR_CENSUS
PAPER_2096,0.0,EXACT_OR_CENSUS
PAPER_2097,0.0,EXACT_OR_CENSUS
PAPER_2098,0.0,EXACT_OR_CENSUS
PAPER_2099,0.0,EXACT_OR_CENSUS
PAPER_210,5.482100047222236,OVER_5
PAPER_2100,0.0,EXACT_OR_CENSUS
PAPER_2101,0.0,EXACT_OR_CENSUS
PAPER_2102,0.0,EXACT_OR_CENSUS
PAPER_2103,0.0,EXACT_OR_CENSUS
PAPER_2104,0.0,EXACT_OR_CENSUS
PAPER_2105,0.0,EXACT_OR_CENSUS
PAPER_2106,0.0,EXACT_OR_CENSUS
PAPER_2107,0.0,EXACT_OR_CENSUS
PAPER_2108,0.0,EXACT_OR_CENSUS
PAPER_2109,0.0,EXACT_OR_CENSUS
PAPER_211,0.0,EXACT_OR_CENSUS
PAPER_2110,0.0014,SUB_0.01
PAPER_2111,0.0,EXACT_OR_CENSUS
PAPER_2112,0.0,EXACT_OR_CENSUS
PAPER_2113,0.0,EXACT_OR_CENSUS
PAPER_2114,0.0,EXACT_OR_CENSUS
PAPER_2115,0.0,EXACT_OR_CENSUS
PAPER_2116,0.0,EXACT_OR_CENSUS
PAPER_2117,0.0,EXACT_OR_CENSUS
PAPER_2118,0.0,EXACT_OR_CENSUS
PAPER_2119,0.0,EXACT_OR_CENSUS
PAPER_212,0.0,EXACT_OR_CENSUS
PAPER_2120,0.0,EXACT_OR_CENSUS
PAPER_2121,0.0,EXACT_OR_CENSUS
PAPER_2122,0.0,EXACT_OR_CENSUS
PAPER_2123,0.0,EXACT_OR_CENSUS
PAPER_2124,0.0,EXACT_OR_CENSUS
PAPER_2125,0.0,EXACT_OR_CENSUS
PAPER_2126,0.0,EXACT_OR_CENSUS
PAPER_2127,0.0,EXACT_OR_CENSUS
PAPER_2128,0.0,EXACT_OR_CENSUS
PAPER_2129,0.0011,SUB_0.01
PAPER_213,0.0021502139462979226,SUB_0.01
PAPER_2130,0.0,EXACT_OR_CENSUS
PAPER_2131,0.014,SUB_0.1
PAPER_2132,0.0,EXACT_OR_CENSUS
PAPER_2133,0.0,EXACT_OR_CENSUS
PAPER_2134,0.0,EXACT_OR_CENSUS
PAPER_2135,0.0,EXACT_OR_CENSUS
PAPER_2136,0.0,EXACT_OR_CENSUS
PAPER_2137,2.2,SUB_5
PAPER_2138,0.0,EXACT_OR_CENSUS
PAPER_2139,0.0,EXACT_OR_CENSUS
PAPER_214,0.0,EXACT_OR_CENSUS
PAPER_2140,0.0,EXACT_OR_CENSUS
PAPER_2141,0.0,EXACT_OR_CENSUS
PAPER_2142,0.0,EXACT_OR_CENSUS
PAPER_2143,0.0,EXACT_OR_CENSUS
PAPER_2144,0.0648,SUB_0.1
PAPER_2145,0.0,EXACT_OR_CENSUS
PAPER_2146,0.0,EXACT_OR_CENSUS
PAPER_2147,0.0,EXACT_OR_CENSUS
PAPER_2148,0.0,EXACT_OR_CENSUS
PAPER_2149,0.0,EXACT_OR_CENSUS
PAPER_215,0.0,EXACT_OR_CENSUS
PAPER_2150,0.0,EXACT_OR_CENSUS
PAPER_2151,0.0,EXACT_OR_CENSUS
PAPER_2152,0.0,EXACT_OR_CENSUS
PAPER_2153,0.0,EXACT_OR_CENSUS
PAPER_2154,0.0,EXACT_OR_CENSUS
PAPER_2155,0.0,EXACT_OR_CENSUS
PAPER_2156,0.0,EXACT_OR_CENSUS
PAPER_2157,0.02112294592612534,SUB_0.1
PAPER_2158,5.485232067510559,OVER_5
PAPER_2159,0.0,EXACT_OR_CENSUS
PAPER_216,0.0,EXACT_OR_CENSUS
PAPER_2160,0.0,EXACT_OR_CENSUS
PAPER_2161,0.0,EXACT_OR_CENSUS
PAPER_2162,0.0,EXACT_OR_CENSUS
PAPER_2163,0.0,EXACT_OR_CENSUS
PAPER_2164,0.0,EXACT_OR_CENSUS
PAPER_2165,0.0,EXACT_OR_CENSUS
PAPER_2166,0.0,EXACT_OR_CENSUS
PAPER_2167,0.0,EXACT_OR_CENSUS
PAPER_2168,0.10346426914981358,SUB_1
PAPER_2169,0.004341264570466503,SUB_0.01
PAPER_217,0.0,EXACT_OR_CENSUS
PAPER_2170,0.0,EXACT_OR_CENSUS
PAPER_2171,0.0,EXACT_OR_CENSUS
PAPER_2172,1.5873015873015885,SUB_5
PAPER_2173,0.0,EXACT_OR_CENSUS
PAPER_2174,0.0,EXACT_OR_CENSUS
PAPER_2175,0.0,EXACT_OR_CENSUS
PAPER_2176,0.0,EXACT_OR_CENSUS
PAPER_2177,0.0,EXACT_OR_CENSUS
PAPER_2178,0.0,EXACT_OR_CENSUS
PAPER_2179,0.0,EXACT_OR_CENSUS
PAPER_218,0.0,EXACT_OR_CENSUS
PAPER_2180,0.0,EXACT_OR_CENSUS
PAPER_2181,0.0,EXACT_OR_CENSUS
PAPER_2182,0.0,EXACT_OR_CENSUS
PAPER_2183,0.0,EXACT_OR_CENSUS
PAPER_2184,0.0,EXACT_OR_CENSUS
PAPER_2185,0.0,EXACT_OR_CENSUS
PAPER_2186,0.2674366666666669,SUB_1
PAPER_2187,0.08480188773946207,SUB_0.1
PAPER_2188,1.765498652291108,SUB_5
PAPER_2189,0.030769230769243146,SUB_0.1
PAPER_219,0.0,EXACT_OR_CENSUS
PAPER_2190,,NO_FIELD
PAPER_2191,0.0,EXACT_OR_CENSUS
PAPER_2192,0.0,EXACT_OR_CENSUS
PAPER_2193,0.0,EXACT_OR_CENSUS
PAPER_2194,0.0022,SUB_0.01
PAPER_2195,0.025,SUB_0.1
PAPER_2196,0.0,EXACT_OR_CENSUS
PAPER_2197,0.008,SUB_0.01
PAPER_2198,0.0,EXACT_OR_CENSUS
PAPER_2199,0.007,SUB_0.01
PAPER_220,0.0,EXACT_OR_CENSUS
PAPER_2200,0.003,SUB_0.01
PAPER_2201,0.007,SUB_0.01
PAPER_2202,0.019,SUB_0.1
PAPER_2203,0.015,SUB_0.1
PAPER_2204,0.003,SUB_0.01
PAPER_2205,0.008,SUB_0.01
PAPER_2206,0.0009,SUB_0.01
PAPER_2207,0.005,SUB_0.01
PAPER_2208,0.0,EXACT_OR_CENSUS
PAPER_2209,0.0,EXACT_OR_CENSUS
PAPER_221,0.0,EXACT_OR_CENSUS
PAPER_2210,0.0,EXACT_OR_CENSUS
PAPER_2211,0.0,EXACT_OR_CENSUS
PAPER_2212,0.0,EXACT_OR_CENSUS
PAPER_2213,0.0,EXACT_OR_CENSUS
PAPER_2214,0.0,EXACT_OR_CENSUS
PAPER_2215,0.0,EXACT_OR_CENSUS
PAPER_2216,0.0,EXACT_OR_CENSUS
PAPER_2217,0.0,EXACT_OR_CENSUS
PAPER_2218,0.0,EXACT_OR_CENSUS
PAPER_2219,0.0,EXACT_OR_CENSUS
PAPER_221b,0.0,EXACT_OR_CENSUS
PAPER_221c,0.0,EXACT_OR_CENSUS
PAPER_221d,0.0,EXACT_OR_CENSUS
PAPER_222,0.0,EXACT_OR_CENSUS
PAPER_2220,0.0,EXACT_OR_CENSUS
PAPER_2221,0.0,EXACT_OR_CENSUS
PAPER_2222,0.0,EXACT_OR_CENSUS
PAPER_2223,0.0,EXACT_OR_CENSUS
PAPER_2224,0.0,EXACT_OR_CENSUS
PAPER_2225,0.0,EXACT_OR_CENSUS
PAPER_2226,0.0,EXACT_OR_CENSUS
PAPER_2227,0.0,EXACT_OR_CENSUS
PAPER_2228,0.0,EXACT_OR_CENSUS
PAPER_2229,0.0,EXACT_OR_CENSUS
PAPER_223,0.0,EXACT_OR_CENSUS
PAPER_2230,0.0,EXACT_OR_CENSUS
PAPER_2231,0.16,SUB_1
PAPER_2232,0.014,SUB_0.1
PAPER_2233,0.0,EXACT_OR_CENSUS
PAPER_2234,0.0,EXACT_OR_CENSUS
PAPER_2235,0.14,SUB_1
PAPER_2236,0.0,EXACT_OR_CENSUS
PAPER_2237,0.0,EXACT_OR_CENSUS
PAPER_2238,0.0,EXACT_OR_CENSUS
PAPER_2239,0.13,SUB_1
PAPER_224,0.0,EXACT_OR_CENSUS
PAPER_2240,0.03100961298015118,SUB_0.1
PAPER_2241,0.14084507042253416,SUB_1
PAPER_2242,0.04723560355117144,SUB_0.1
PAPER_2243,0.13756119181947252,SUB_1
PAPER_2244,0.0,EXACT_OR_CENSUS
PAPER_2245,0.0,EXACT_OR_CENSUS
PAPER_2246,0.0,EXACT_OR_CENSUS
PAPER_2247,0.0,EXACT_OR_CENSUS
PAPER_2248,0.05513364626815781,SUB_0.1
PAPER_2249,0.0,EXACT_OR_CENSUS
PAPER_225,0.0,EXACT_OR_CENSUS
PAPER_2250,0.0,EXACT_OR_CENSUS
PAPER_2251,0.0,EXACT_OR_CENSUS
PAPER_2252,0.0,EXACT_OR_CENSUS
PAPER_2253,0.0,EXACT_OR_CENSUS
PAPER_2254,0.0,EXACT_OR_CENSUS
PAPER_2255,0.0,EXACT_OR_CENSUS
PAPER_2256,0.0,EXACT_OR_CENSUS
PAPER_226,0.0,EXACT_OR_CENSUS
PAPER_227,0.0,EXACT_OR_CENSUS
PAPER_228,0.0,EXACT_OR_CENSUS
PAPER_229,0.0,EXACT_OR_CENSUS
PAPER_230,0.0,EXACT_OR_CENSUS
PAPER_231,0.0,EXACT_OR_CENSUS
PAPER_232,0.0,EXACT_OR_CENSUS
PAPER_233,0.0,EXACT_OR_CENSUS
PAPER_234,0.0,EXACT_OR_CENSUS
PAPER_235,0.0,EXACT_OR_CENSUS
PAPER_236,0.0,EXACT_OR_CENSUS
PAPER_237,0.0,EXACT_OR_CENSUS
PAPER_238,0.0,EXACT_OR_CENSUS
PAPER_239,0.0,EXACT_OR_CENSUS
PAPER_240,0.0,EXACT_OR_CENSUS
PAPER_241,0.0,EXACT_OR_CENSUS
PAPER_242,0.0,EXACT_OR_CENSUS
PAPER_243,0.0,EXACT_OR_CENSUS
PAPER_244,0.0,EXACT_OR_CENSUS
PAPER_245,0.0,EXACT_OR_CENSUS
PAPER_246,0.0,EXACT_OR_CENSUS
PAPER_247,0.0,EXACT_OR_CENSUS
PAPER_248,0.0,EXACT_OR_CENSUS
PAPER_249,0.0,EXACT_OR_CENSUS
PAPER_250,0.0,EXACT_OR_CENSUS
PAPER_251,0.0,EXACT_OR_CENSUS
PAPER_252,0.0,EXACT_OR_CENSUS
PAPER_253,0.0,EXACT_OR_CENSUS
PAPER_254,0.0,EXACT_OR_CENSUS
PAPER_255,0.0,EXACT_OR_CENSUS
PAPER_256,0.0,EXACT_OR_CENSUS
PAPER_257,0.0,EXACT_OR_CENSUS
PAPER_258,0.0,EXACT_OR_CENSUS
PAPER_259,0.0,EXACT_OR_CENSUS
PAPER_260,0.0,EXACT_OR_CENSUS
PAPER_261,0.0,EXACT_OR_CENSUS
PAPER_262,0.0,EXACT_OR_CENSUS
PAPER_263,0.0,EXACT_OR_CENSUS
PAPER_264,0.0,EXACT_OR_CENSUS
PAPER_265,0.0,EXACT_OR_CENSUS
PAPER_266,0.0,EXACT_OR_CENSUS
PAPER_267,0.0,EXACT_OR_CENSUS
PAPER_268,0.0,EXACT_OR_CENSUS
PAPER_269,0.0,EXACT_OR_CENSUS
PAPER_270,0.0,EXACT_OR_CENSUS
PAPER_271,0.0,EXACT_OR_CENSUS
PAPER_272,0.0,EXACT_OR_CENSUS
PAPER_273,0.0,EXACT_OR_CENSUS
PAPER_274,0.0,EXACT_OR_CENSUS
PAPER_275,0.0,EXACT_OR_CENSUS
PAPER_276,0.0,EXACT_OR_CENSUS
PAPER_277,0.0,EXACT_OR_CENSUS
PAPER_278,0.0,EXACT_OR_CENSUS
PAPER_279,0.0,EXACT_OR_CENSUS
PAPER_280,0.0,EXACT_OR_CENSUS
PAPER_281,0.0,EXACT_OR_CENSUS
PAPER_282,0.0,EXACT_OR_CENSUS
PAPER_283,0.0,EXACT_OR_CENSUS
PAPER_284,0.0,EXACT_OR_CENSUS
PAPER_285,0.0,EXACT_OR_CENSUS
PAPER_286,0.0,EXACT_OR_CENSUS
PAPER_287,0.0,EXACT_OR_CENSUS
PAPER_288,0.0,EXACT_OR_CENSUS
PAPER_289,,NO_FIELD
PAPER_290,0.0,EXACT_OR_CENSUS
PAPER_291,0.0,EXACT_OR_CENSUS
PAPER_292,0.0,EXACT_OR_CENSUS
PAPER_293,0.0,EXACT_OR_CENSUS
PAPER_294,0.0,EXACT_OR_CENSUS
PAPER_295,0.0,EXACT_OR_CENSUS
PAPER_296,0.0,EXACT_OR_CENSUS
PAPER_297,0.0,EXACT_OR_CENSUS
PAPER_298,0.0,EXACT_OR_CENSUS
PAPER_299,0.0,EXACT_OR_CENSUS
PAPER_300,0.0,EXACT_OR_CENSUS
PAPER_301,0.0,EXACT_OR_CENSUS
PAPER_302,0.0,EXACT_OR_CENSUS
PAPER_303,0.0,EXACT_OR_CENSUS
PAPER_304,0.0,EXACT_OR_CENSUS
PAPER_305,0.0,EXACT_OR_CENSUS
PAPER_306,0.0,EXACT_OR_CENSUS
PAPER_307,0.0,EXACT_OR_CENSUS
PAPER_308,0.0,EXACT_OR_CENSUS
PAPER_309,0.0,EXACT_OR_CENSUS
PAPER_310,0.0,EXACT_OR_CENSUS
PAPER_311,0.0,EXACT_OR_CENSUS
PAPER_312,0.0,EXACT_OR_CENSUS
PAPER_313,0.0,EXACT_OR_CENSUS
PAPER_314,0.0,EXACT_OR_CENSUS
PAPER_315,0.0,EXACT_OR_CENSUS
PAPER_316,0.0,EXACT_OR_CENSUS
PAPER_317,0.0,EXACT_OR_CENSUS
PAPER_318,0.0,EXACT_OR_CENSUS
PAPER_319,0.0,EXACT_OR_CENSUS
PAPER_320,0.0,EXACT_OR_CENSUS
PAPER_321,0.0,EXACT_OR_CENSUS
PAPER_322,0.0,EXACT_OR_CENSUS
PAPER_323,0.0,EXACT_OR_CENSUS
PAPER_324,0.0,EXACT_OR_CENSUS
PAPER_325,0.0,EXACT_OR_CENSUS
PAPER_326,0.0,EXACT_OR_CENSUS
PAPER_327,0.0,EXACT_OR_CENSUS
PAPER_328,0.0,EXACT_OR_CENSUS
PAPER_329,0.0,EXACT_OR_CENSUS
PAPER_330,0.0,EXACT_OR_CENSUS
PAPER_331,0.0,EXACT_OR_CENSUS
PAPER_332,0.0,EXACT_OR_CENSUS
PAPER_333,0.0,EXACT_OR_CENSUS
PAPER_334,0.0,EXACT_OR_CENSUS
PAPER_335,0.0,EXACT_OR_CENSUS
PAPER_336,0.0,EXACT_OR_CENSUS
PAPER_337,0.0,EXACT_OR_CENSUS
PAPER_338,0.0,EXACT_OR_CENSUS
PAPER_339,0.0,EXACT_OR_CENSUS
PAPER_340,0.0,EXACT_OR_CENSUS
PAPER_341,0.0,EXACT_OR_CENSUS
PAPER_342,0.0,EXACT_OR_CENSUS
PAPER_343,0.0,EXACT_OR_CENSUS
PAPER_344,0.0,EXACT_OR_CENSUS
PAPER_345,0.0,EXACT_OR_CENSUS
PAPER_346,0.0,EXACT_OR_CENSUS
PAPER_347,0.0,EXACT_OR_CENSUS
PAPER_348,0.0,EXACT_OR_CENSUS
PAPER_349,0.0,EXACT_OR_CENSUS
PAPER_350,0.0,EXACT_OR_CENSUS
PAPER_351,0.0,EXACT_OR_CENSUS
PAPER_352,0.0,EXACT_OR_CENSUS
PAPER_353,0.0,EXACT_OR_CENSUS
PAPER_354,0.0,EXACT_OR_CENSUS
PAPER_355,0.0,EXACT_OR_CENSUS
PAPER_356,0.0,EXACT_OR_CENSUS
PAPER_357,0.0,EXACT_OR_CENSUS
PAPER_358,0.0,EXACT_OR_CENSUS
PAPER_359,0.0,EXACT_OR_CENSUS
PAPER_360,0.0,EXACT_OR_CENSUS
PAPER_361,0.0,EXACT_OR_CENSUS
PAPER_362,0.0,EXACT_OR_CENSUS
PAPER_363,0.0,EXACT_OR_CENSUS
PAPER_364,0.0,EXACT_OR_CENSUS
PAPER_365,0.0,EXACT_OR_CENSUS
PAPER_366,0.0,EXACT_OR_CENSUS
PAPER_367,0.0,EXACT_OR_CENSUS
PAPER_368,0.0,EXACT_OR_CENSUS
PAPER_369,0.0,EXACT_OR_CENSUS
PAPER_370,0.0,EXACT_OR_CENSUS
PAPER_371,0.0,EXACT_OR_CENSUS
PAPER_372,0.0,EXACT_OR_CENSUS
PAPER_373,0.0,EXACT_OR_CENSUS
PAPER_374,0.0,EXACT_OR_CENSUS
PAPER_375,0.0,EXACT_OR_CENSUS
PAPER_376,0.0,EXACT_OR_CENSUS
PAPER_376b,0.0,EXACT_OR_CENSUS
PAPER_377,0.0,EXACT_OR_CENSUS
PAPER_378,0.0,EXACT_OR_CENSUS
PAPER_379,0.0,EXACT_OR_CENSUS
PAPER_380,0.0,EXACT_OR_CENSUS
PAPER_381,0.0,EXACT_OR_CENSUS
PAPER_382,0.0,EXACT_OR_CENSUS
PAPER_383,0.0,EXACT_OR_CENSUS
PAPER_384,0.0,EXACT_OR_CENSUS
PAPER_385,0.0,EXACT_OR_CENSUS
PAPER_386,0.0,EXACT_OR_CENSUS
PAPER_387,0.0,EXACT_OR_CENSUS
PAPER_388,0.0,EXACT_OR_CENSUS
PAPER_389,0.0,EXACT_OR_CENSUS
PAPER_390,0.0,EXACT_OR_CENSUS
PAPER_391,0.0,EXACT_OR_CENSUS
PAPER_392,0.0,EXACT_OR_CENSUS
PAPER_393,0.0,EXACT_OR_CENSUS
PAPER_394,0.0,EXACT_OR_CENSUS
PAPER_395,0.0,EXACT_OR_CENSUS
PAPER_396,0.0,EXACT_OR_CENSUS
PAPER_397,0.0,EXACT_OR_CENSUS
PAPER_398,0.0,EXACT_OR_CENSUS
PAPER_399,0.0,EXACT_OR_CENSUS
PAPER_400,0.0,EXACT_OR_CENSUS
PAPER_401,0.0,EXACT_OR_CENSUS
PAPER_402,0.0,EXACT_OR_CENSUS
PAPER_403,0.0,EXACT_OR_CENSUS
PAPER_404,0.0,EXACT_OR_CENSUS
PAPER_405,0.0,EXACT_OR_CENSUS
PAPER_406,0.0,EXACT_OR_CENSUS
PAPER_407,0.0,EXACT_OR_CENSUS
PAPER_408,0.0,EXACT_OR_CENSUS
PAPER_409,0.0,EXACT_OR_CENSUS
PAPER_410,0.0,EXACT_OR_CENSUS
PAPER_411,0.0,EXACT_OR_CENSUS
PAPER_412,0.0,EXACT_OR_CENSUS
PAPER_413,0.0,EXACT_OR_CENSUS
PAPER_414,0.0,EXACT_OR_CENSUS
PAPER_415,0.0,EXACT_OR_CENSUS
PAPER_416,0.0,EXACT_OR_CENSUS
PAPER_417,0.0,EXACT_OR_CENSUS
PAPER_418,0.0,EXACT_OR_CENSUS
PAPER_419,0.0,EXACT_OR_CENSUS
PAPER_420,0.0,EXACT_OR_CENSUS
PAPER_421,0.0,EXACT_OR_CENSUS
PAPER_422,0.0,EXACT_OR_CENSUS
PAPER_423,0.0,EXACT_OR_CENSUS
PAPER_424,0.0,EXACT_OR_CENSUS
PAPER_425,0.0,EXACT_OR_CENSUS
PAPER_426,0.0,EXACT_OR_CENSUS
PAPER_427,0.0,EXACT_OR_CENSUS
PAPER_428,0.0,EXACT_OR_CENSUS
PAPER_429,0.0,EXACT_OR_CENSUS
PAPER_430,0.0,EXACT_OR_CENSUS
PAPER_431,0.0,EXACT_OR_CENSUS
PAPER_432,0.0,EXACT_OR_CENSUS
PAPER_433,0.0,EXACT_OR_CENSUS
PAPER_434,0.0,EXACT_OR_CENSUS
PAPER_435,0.0,EXACT_OR_CENSUS
PAPER_436,0.0,EXACT_OR_CENSUS
PAPER_437,0.0,EXACT_OR_CENSUS
PAPER_438,0.0,EXACT_OR_CENSUS
PAPER_439,0.0,EXACT_OR_CENSUS
PAPER_440,0.0,EXACT_OR_CENSUS
PAPER_441,0.0,EXACT_OR_CENSUS
PAPER_442,0.0,EXACT_OR_CENSUS
PAPER_443,0.0,EXACT_OR_CENSUS
PAPER_444,0.0,EXACT_OR_CENSUS
PAPER_445,0.0,EXACT_OR_CENSUS
PAPER_446,0.0,EXACT_OR_CENSUS
PAPER_447,0.0,EXACT_OR_CENSUS
PAPER_448,0.0,EXACT_OR_CENSUS
PAPER_449,0.0,EXACT_OR_CENSUS
PAPER_450,0.0,EXACT_OR_CENSUS
PAPER_451,0.0,EXACT_OR_CENSUS
PAPER_452,0.0,EXACT_OR_CENSUS
PAPER_453,0.0,EXACT_OR_CENSUS
PAPER_454,0.0,EXACT_OR_CENSUS
PAPER_455,0.0,EXACT_OR_CENSUS
PAPER_456,0.0,EXACT_OR_CENSUS
PAPER_457,0.0,EXACT_OR_CENSUS
PAPER_458,0.0,EXACT_OR_CENSUS
PAPER_459,0.0,EXACT_OR_CENSUS
PAPER_460,0.0,EXACT_OR_CENSUS
PAPER_461,0.0,EXACT_OR_CENSUS
PAPER_462,0.0,EXACT_OR_CENSUS
PAPER_463,0.0,EXACT_OR_CENSUS
PAPER_464,0.0,EXACT_OR_CENSUS
PAPER_465,0.0,EXACT_OR_CENSUS
PAPER_466,0.0,EXACT_OR_CENSUS
PAPER_467,0.0,EXACT_OR_CENSUS
PAPER_468,0.0,EXACT_OR_CENSUS
PAPER_469,0.0,EXACT_OR_CENSUS
PAPER_470,0.0,EXACT_OR_CENSUS
PAPER_471,0.0,EXACT_OR_CENSUS
PAPER_472,0.0,EXACT_OR_CENSUS
PAPER_473,0.0,EXACT_OR_CENSUS
PAPER_474,0.0,EXACT_OR_CENSUS
PAPER_475,0.0,EXACT_OR_CENSUS
PAPER_476,0.0,EXACT_OR_CENSUS
PAPER_477,0.0,EXACT_OR_CENSUS
PAPER_478,0.0,EXACT_OR_CENSUS
PAPER_479,0.0,EXACT_OR_CENSUS
PAPER_480,0.0,EXACT_OR_CENSUS
PAPER_481,0.0,EXACT_OR_CENSUS
PAPER_482,0.0,EXACT_OR_CENSUS
PAPER_483,0.0,EXACT_OR_CENSUS
PAPER_484,0.0,EXACT_OR_CENSUS
PAPER_485,0.0,EXACT_OR_CENSUS
PAPER_486,0.0,EXACT_OR_CENSUS
PAPER_487,0.0,EXACT_OR_CENSUS
PAPER_488,0.0,EXACT_OR_CENSUS
PAPER_489,0.0,EXACT_OR_CENSUS
PAPER_490,0.0,EXACT_OR_CENSUS
PAPER_491,0.0,EXACT_OR_CENSUS
PAPER_492,0.0,EXACT_OR_CENSUS
PAPER_493,0.0,EXACT_OR_CENSUS
PAPER_494,0.0,EXACT_OR_CENSUS
PAPER_495,0.0,EXACT_OR_CENSUS
PAPER_496,0.0,EXACT_OR_CENSUS
PAPER_497,0.0,EXACT_OR_CENSUS
PAPER_498,0.0,EXACT_OR_CENSUS
PAPER_499,0.0,EXACT_OR_CENSUS
PAPER_500,0.0,EXACT_OR_CENSUS
PAPER_501,0.0,EXACT_OR_CENSUS
PAPER_502,0.0,EXACT_OR_CENSUS
PAPER_503,0.0,EXACT_OR_CENSUS
PAPER_504,0.0,EXACT_OR_CENSUS
PAPER_505,0.0,EXACT_OR_CENSUS
PAPER_506,0.0,EXACT_OR_CENSUS
PAPER_507,0.0,EXACT_OR_CENSUS
PAPER_508,0.0,EXACT_OR_CENSUS
PAPER_509,0.0,EXACT_OR_CENSUS
PAPER_510,0.0,EXACT_OR_CENSUS
PAPER_511,0.0,EXACT_OR_CENSUS
PAPER_512,0.0,EXACT_OR_CENSUS
PAPER_513,0.0,EXACT_OR_CENSUS
PAPER_514,0.0,EXACT_OR_CENSUS
PAPER_515,0.0,EXACT_OR_CENSUS
PAPER_516,0.0,EXACT_OR_CENSUS
PAPER_517,0.0,EXACT_OR_CENSUS
PAPER_518,0.0,EXACT_OR_CENSUS
PAPER_519,0.0,EXACT_OR_CENSUS
PAPER_520,0.0,EXACT_OR_CENSUS
PAPER_521,0.0,EXACT_OR_CENSUS
PAPER_522,0.0,EXACT_OR_CENSUS
PAPER_523,0.0,EXACT_OR_CENSUS
PAPER_524,0.0,EXACT_OR_CENSUS
PAPER_525,0.0,EXACT_OR_CENSUS
PAPER_526,0.0,EXACT_OR_CENSUS
PAPER_527,0.0,EXACT_OR_CENSUS
PAPER_528,0.0,EXACT_OR_CENSUS
PAPER_529,0.0,EXACT_OR_CENSUS
PAPER_530,0.0,EXACT_OR_CENSUS
PAPER_531,0.0,EXACT_OR_CENSUS
PAPER_532,0.0,EXACT_OR_CENSUS
PAPER_533,0.0,EXACT_OR_CENSUS
PAPER_534,0.0,EXACT_OR_CENSUS
PAPER_535,0.0,EXACT_OR_CENSUS
PAPER_536,0.0,EXACT_OR_CENSUS
PAPER_537,0.0,EXACT_OR_CENSUS
PAPER_538,0.0,EXACT_OR_CENSUS
PAPER_539,0.0,EXACT_OR_CENSUS
PAPER_540,0.0,EXACT_OR_CENSUS
PAPER_541,0.0,EXACT_OR_CENSUS
PAPER_542,0.0,EXACT_OR_CENSUS
PAPER_543,0.0,EXACT_OR_CENSUS
PAPER_544,0.0,EXACT_OR_CENSUS
PAPER_545,0.0,EXACT_OR_CENSUS
PAPER_546,0.0,EXACT_OR_CENSUS
PAPER_547,0.0,EXACT_OR_CENSUS
PAPER_548,0.0,EXACT_OR_CENSUS
PAPER_549,0.0,EXACT_OR_CENSUS
PAPER_550,0.0,EXACT_OR_CENSUS
PAPER_551,0.0,EXACT_OR_CENSUS
PAPER_552,0.0,EXACT_OR_CENSUS
PAPER_553,0.0,EXACT_OR_CENSUS
PAPER_554,0.0,EXACT_OR_CENSUS
PAPER_555,0.0,EXACT_OR_CENSUS
PAPER_556,0.0,EXACT_OR_CENSUS
PAPER_557,0.0,EXACT_OR_CENSUS
PAPER_558,0.0,EXACT_OR_CENSUS
PAPER_559,0.0,EXACT_OR_CENSUS
PAPER_560,0.0,EXACT_OR_CENSUS
PAPER_561,0.0,EXACT_OR_CENSUS
PAPER_562,0.0,EXACT_OR_CENSUS
PAPER_563,0.0,EXACT_OR_CENSUS
PAPER_564,0.0,EXACT_OR_CENSUS
PAPER_565,0.0,EXACT_OR_CENSUS
PAPER_566,0.0,EXACT_OR_CENSUS
PAPER_567,0.0,EXACT_OR_CENSUS
PAPER_568,0.0,EXACT_OR_CENSUS
PAPER_569,0.0,EXACT_OR_CENSUS
PAPER_570,0.0,EXACT_OR_CENSUS
PAPER_571,0.0,EXACT_OR_CENSUS
PAPER_572,0.0,EXACT_OR_CENSUS
PAPER_573,0.0,EXACT_OR_CENSUS
PAPER_574,0.0,EXACT_OR_CENSUS
PAPER_575,0.0,EXACT_OR_CENSUS
PAPER_576,0.0,EXACT_OR_CENSUS
PAPER_577,0.0,EXACT_OR_CENSUS
PAPER_578,0.0,EXACT_OR_CENSUS
PAPER_579,0.0,EXACT_OR_CENSUS
PAPER_580,0.0,EXACT_OR_CENSUS
PAPER_581,0.0,EXACT_OR_CENSUS
PAPER_582,0.0,EXACT_OR_CENSUS
PAPER_583,0.0,EXACT_OR_CENSUS
PAPER_584,0.0,EXACT_OR_CENSUS
PAPER_585,0.0,EXACT_OR_CENSUS
PAPER_586,0.0,EXACT_OR_CENSUS
PAPER_587,0.0,EXACT_OR_CENSUS
PAPER_588,0.0,EXACT_OR_CENSUS
PAPER_589,0.0,EXACT_OR_CENSUS
PAPER_590,0.0,EXACT_OR_CENSUS
PAPER_591,0.0,EXACT_OR_CENSUS
PAPER_592,0.0,EXACT_OR_CENSUS
PAPER_593,0.0,EXACT_OR_CENSUS
PAPER_594,0.0,EXACT_OR_CENSUS
PAPER_595,0.0,EXACT_OR_CENSUS
PAPER_596,0.0,EXACT_OR_CENSUS
PAPER_597,0.0,EXACT_OR_CENSUS
PAPER_598,0.0,EXACT_OR_CENSUS
PAPER_599,0.0,EXACT_OR_CENSUS
PAPER_600,0.0,EXACT_OR_CENSUS
PAPER_601,0.0,EXACT_OR_CENSUS
PAPER_602,0.0,EXACT_OR_CENSUS
PAPER_603,0.0,EXACT_OR_CENSUS
PAPER_604,0.0,EXACT_OR_CENSUS
PAPER_605,0.0,EXACT_OR_CENSUS
PAPER_606,0.0,EXACT_OR_CENSUS
PAPER_607,0.0,EXACT_OR_CENSUS
PAPER_608,0.0,EXACT_OR_CENSUS
PAPER_609,0.0,EXACT_OR_CENSUS
PAPER_610,0.0,EXACT_OR_CENSUS
PAPER_611,0.0,EXACT_OR_CENSUS
PAPER_612,0.0,EXACT_OR_CENSUS
PAPER_613,0.0,EXACT_OR_CENSUS
PAPER_614,0.0,EXACT_OR_CENSUS
PAPER_615,0.0,EXACT_OR_CENSUS
PAPER_616,0.0,EXACT_OR_CENSUS
PAPER_617,0.0,EXACT_OR_CENSUS
PAPER_618,0.0,EXACT_OR_CENSUS
PAPER_619,0.0,EXACT_OR_CENSUS
PAPER_620,0.0,EXACT_OR_CENSUS
PAPER_621,0.0,EXACT_OR_CENSUS
PAPER_622,0.0,EXACT_OR_CENSUS
PAPER_623,0.0,EXACT_OR_CENSUS
PAPER_624,0.0,EXACT_OR_CENSUS
PAPER_625,0.0,EXACT_OR_CENSUS
PAPER_626,0.0,EXACT_OR_CENSUS
PAPER_627,0.0,EXACT_OR_CENSUS
PAPER_628,0.0,EXACT_OR_CENSUS
PAPER_629,0.0,EXACT_OR_CENSUS
PAPER_630,0.0,EXACT_OR_CENSUS
PAPER_631,0.0,EXACT_OR_CENSUS
PAPER_632,0.0,EXACT_OR_CENSUS
PAPER_633,0.0,EXACT_OR_CENSUS
PAPER_634,0.0,EXACT_OR_CENSUS
PAPER_635,0.0,EXACT_OR_CENSUS
PAPER_636,0.0,EXACT_OR_CENSUS
PAPER_637,0.0,EXACT_OR_CENSUS
PAPER_638,0.0,EXACT_OR_CENSUS
PAPER_639,0.0,EXACT_OR_CENSUS
PAPER_640,0.0,EXACT_OR_CENSUS
PAPER_641,0.0,EXACT_OR_CENSUS
PAPER_642,0.0,EXACT_OR_CENSUS
PAPER_643,0.0,EXACT_OR_CENSUS
PAPER_644,0.0,EXACT_OR_CENSUS
PAPER_645,0.0,EXACT_OR_CENSUS
PAPER_646,0.0,EXACT_OR_CENSUS
PAPER_647,0.0,EXACT_OR_CENSUS
PAPER_648,0.0,EXACT_OR_CENSUS
PAPER_649,0.0,EXACT_OR_CENSUS
PAPER_650,0.0,EXACT_OR_CENSUS
PAPER_651,0.0,EXACT_OR_CENSUS
PAPER_652,0.0,EXACT_OR_CENSUS
PAPER_653,0.0,EXACT_OR_CENSUS
PAPER_654,0.0,EXACT_OR_CENSUS
PAPER_655,0.0,EXACT_OR_CENSUS
PAPER_656,0.0,EXACT_OR_CENSUS
PAPER_657,0.0,EXACT_OR_CENSUS
PAPER_657b,0.0,EXACT_OR_CENSUS
PAPER_658,0.0,EXACT_OR_CENSUS
PAPER_659,0.0,EXACT_OR_CENSUS
PAPER_660,0.0,EXACT_OR_CENSUS
PAPER_661,0.0,EXACT_OR_CENSUS
PAPER_662,0.0,EXACT_OR_CENSUS
PAPER_663,0.0,EXACT_OR_CENSUS
PAPER_664,0.0,EXACT_OR_CENSUS
PAPER_665,0.0,EXACT_OR_CENSUS
PAPER_666,0.0,EXACT_OR_CENSUS
PAPER_667,0.0,EXACT_OR_CENSUS
PAPER_668,0.0,EXACT_OR_CENSUS
PAPER_669,0.0,EXACT_OR_CENSUS
PAPER_670,0.0,EXACT_OR_CENSUS
PAPER_671,0.0,EXACT_OR_CENSUS
PAPER_672,0.0,EXACT_OR_CENSUS
PAPER_673,0.0,EXACT_OR_CENSUS
PAPER_674,0.0,EXACT_OR_CENSUS
PAPER_675,0.0,EXACT_OR_CENSUS
PAPER_676,0.0,EXACT_OR_CENSUS
PAPER_677,0.0,EXACT_OR_CENSUS
PAPER_678,0.0,EXACT_OR_CENSUS
PAPER_679,0.0,EXACT_OR_CENSUS
PAPER_680,0.0,EXACT_OR_CENSUS
PAPER_681,0.0,EXACT_OR_CENSUS
PAPER_682,0.0,EXACT_OR_CENSUS
PAPER_683,0.0,EXACT_OR_CENSUS
PAPER_684,0.0,EXACT_OR_CENSUS
PAPER_685,0.0,EXACT_OR_CENSUS
PAPER_686,0.0,EXACT_OR_CENSUS
PAPER_687,0.0,EXACT_OR_CENSUS
PAPER_688,0.0,EXACT_OR_CENSUS
PAPER_689,0.0,EXACT_OR_CENSUS
PAPER_690,0.0,EXACT_OR_CENSUS
PAPER_691,0.0,EXACT_OR_CENSUS
PAPER_692,0.0,EXACT_OR_CENSUS
PAPER_693,0.0,EXACT_OR_CENSUS
PAPER_694,0.0,EXACT_OR_CENSUS
PAPER_695,0.0,EXACT_OR_CENSUS
PAPER_696,0.0,EXACT_OR_CENSUS
PAPER_697,0.0,EXACT_OR_CENSUS
PAPER_698,0.0,EXACT_OR_CENSUS
PAPER_699,0.0,EXACT_OR_CENSUS
PAPER_700,0.0,EXACT_OR_CENSUS
PAPER_701,0.0,EXACT_OR_CENSUS
PAPER_702,0.0,EXACT_OR_CENSUS
PAPER_703,0.0,EXACT_OR_CENSUS
PAPER_704,0.0,EXACT_OR_CENSUS
PAPER_705,0.0,EXACT_OR_CENSUS
PAPER_706,0.0,EXACT_OR_CENSUS
PAPER_707,0.0,EXACT_OR_CENSUS
PAPER_708,0.0,EXACT_OR_CENSUS
PAPER_709,0.0,EXACT_OR_CENSUS
PAPER_710,0.0,EXACT_OR_CENSUS
PAPER_711,0.0,EXACT_OR_CENSUS
PAPER_712,0.0,EXACT_OR_CENSUS
PAPER_713,0.0,EXACT_OR_CENSUS
PAPER_714,0.0,EXACT_OR_CENSUS
PAPER_715,0.0,EXACT_OR_CENSUS
PAPER_716,0.0,EXACT_OR_CENSUS
PAPER_717,0.0,EXACT_OR_CENSUS
PAPER_718,0.0,EXACT_OR_CENSUS
PAPER_719,0.0,EXACT_OR_CENSUS
PAPER_720,0.0,EXACT_OR_CENSUS
PAPER_721,0.0,EXACT_OR_CENSUS
PAPER_722,0.0,EXACT_OR_CENSUS
PAPER_723,0.0,EXACT_OR_CENSUS
PAPER_724,0.0,EXACT_OR_CENSUS
PAPER_725,0.0,EXACT_OR_CENSUS
PAPER_726,0.0,EXACT_OR_CENSUS
PAPER_727,0.0,EXACT_OR_CENSUS
PAPER_728,0.0,EXACT_OR_CENSUS
PAPER_729,0.0,EXACT_OR_CENSUS
PAPER_730,0.0,EXACT_OR_CENSUS
PAPER_731,0.0,EXACT_OR_CENSUS
PAPER_732,0.0,EXACT_OR_CENSUS
PAPER_733,0.0,EXACT_OR_CENSUS
PAPER_734,0.0,EXACT_OR_CENSUS
PAPER_735,0.0,EXACT_OR_CENSUS
PAPER_736,0.0,EXACT_OR_CENSUS
PAPER_737,0.0,EXACT_OR_CENSUS
PAPER_738,0.0,EXACT_OR_CENSUS
PAPER_739,0.0,EXACT_OR_CENSUS
PAPER_740,0.0,EXACT_OR_CENSUS
PAPER_741,0.0,EXACT_OR_CENSUS
PAPER_742,0.0,EXACT_OR_CENSUS
PAPER_743,0.0,EXACT_OR_CENSUS
PAPER_744,0.0,EXACT_OR_CENSUS
PAPER_745,0.0,EXACT_OR_CENSUS
PAPER_746,0.0,EXACT_OR_CENSUS
PAPER_747,0.0,EXACT_OR_CENSUS
PAPER_748,0.0,EXACT_OR_CENSUS
PAPER_749,0.0,EXACT_OR_CENSUS
PAPER_750,0.0,EXACT_OR_CENSUS
PAPER_751,0.0,EXACT_OR_CENSUS
PAPER_752,0.0,EXACT_OR_CENSUS
PAPER_753,0.0,EXACT_OR_CENSUS
PAPER_754,0.0,EXACT_OR_CENSUS
PAPER_755,0.0,EXACT_OR_CENSUS
PAPER_756,0.0,EXACT_OR_CENSUS
PAPER_757,0.0,EXACT_OR_CENSUS
PAPER_758,0.0,EXACT_OR_CENSUS
PAPER_759,0.0,EXACT_OR_CENSUS
PAPER_760,0.0,EXACT_OR_CENSUS
PAPER_761,0.0,EXACT_OR_CENSUS
PAPER_762,0.0,EXACT_OR_CENSUS
PAPER_763,0.0,EXACT_OR_CENSUS
PAPER_764,0.0,EXACT_OR_CENSUS
PAPER_765,0.0,EXACT_OR_CENSUS
PAPER_766,0.0,EXACT_OR_CENSUS
PAPER_767,0.0,EXACT_OR_CENSUS
PAPER_768,0.0,EXACT_OR_CENSUS
PAPER_769,0.0,EXACT_OR_CENSUS
PAPER_770,0.0,EXACT_OR_CENSUS
PAPER_771,0.0,EXACT_OR_CENSUS
PAPER_772,0.0,EXACT_OR_CENSUS
PAPER_773,0.0,EXACT_OR_CENSUS
PAPER_774,0.0,EXACT_OR_CENSUS
PAPER_775,0.0,EXACT_OR_CENSUS
PAPER_776,0.0,EXACT_OR_CENSUS
PAPER_777,0.0,EXACT_OR_CENSUS
PAPER_778,0.0,EXACT_OR_CENSUS
PAPER_779,0.0,EXACT_OR_CENSUS
PAPER_780,0.0,EXACT_OR_CENSUS
PAPER_781,0.0,EXACT_OR_CENSUS
PAPER_782,0.0,EXACT_OR_CENSUS
PAPER_783,0.0,EXACT_OR_CENSUS
PAPER_784,0.0,EXACT_OR_CENSUS
PAPER_785,0.0,EXACT_OR_CENSUS
PAPER_786,0.0,EXACT_OR_CENSUS
PAPER_787,0.0,EXACT_OR_CENSUS
PAPER_788,0.0,EXACT_OR_CENSUS
PAPER_789,0.0,EXACT_OR_CENSUS
PAPER_790,0.0,EXACT_OR_CENSUS
PAPER_791,0.0,EXACT_OR_CENSUS
PAPER_792,0.0,EXACT_OR_CENSUS
PAPER_793,0.0,EXACT_OR_CENSUS
PAPER_794,0.0,EXACT_OR_CENSUS
PAPER_795,0.0,EXACT_OR_CENSUS
PAPER_796,0.0,EXACT_OR_CENSUS
PAPER_797,0.0,EXACT_OR_CENSUS
PAPER_798,0.0,EXACT_OR_CENSUS
PAPER_799,0.0,EXACT_OR_CENSUS
PAPER_800,0.0,EXACT_OR_CENSUS
PAPER_801,0.0,EXACT_OR_CENSUS
PAPER_802,0.0,EXACT_OR_CENSUS
PAPER_803,0.0,EXACT_OR_CENSUS
PAPER_804,0.0,EXACT_OR_CENSUS
PAPER_805,0.0,EXACT_OR_CENSUS
PAPER_806,0.0,EXACT_OR_CENSUS
PAPER_807,0.0,EXACT_OR_CENSUS
PAPER_808,0.0,EXACT_OR_CENSUS
PAPER_809,0.0,EXACT_OR_CENSUS
PAPER_810,0.0,EXACT_OR_CENSUS
PAPER_811,0.0,EXACT_OR_CENSUS
PAPER_812,0.0,EXACT_OR_CENSUS
PAPER_813,0.0,EXACT_OR_CENSUS
PAPER_814,0.0,EXACT_OR_CENSUS
PAPER_815,0.0,EXACT_OR_CENSUS
PAPER_816,0.0,EXACT_OR_CENSUS
PAPER_817,0.0,EXACT_OR_CENSUS
PAPER_818,0.0,EXACT_OR_CENSUS
PAPER_819,0.0,EXACT_OR_CENSUS
PAPER_820,0.0,EXACT_OR_CENSUS
PAPER_821,0.0,EXACT_OR_CENSUS
PAPER_822,0.0,EXACT_OR_CENSUS
PAPER_823,0.0,EXACT_OR_CENSUS
PAPER_824,0.0,EXACT_OR_CENSUS
PAPER_825,0.0,EXACT_OR_CENSUS
PAPER_826,0.0,EXACT_OR_CENSUS
PAPER_827,0.0,EXACT_OR_CENSUS
PAPER_828,0.0,EXACT_OR_CENSUS
PAPER_829,0.0,EXACT_OR_CENSUS
PAPER_830,0.0,EXACT_OR_CENSUS
PAPER_831,0.0,EXACT_OR_CENSUS
PAPER_832,0.0,EXACT_OR_CENSUS
PAPER_833,0.0,EXACT_OR_CENSUS
PAPER_834,0.0,EXACT_OR_CENSUS
PAPER_835,0.0,EXACT_OR_CENSUS
PAPER_836,0.0,EXACT_OR_CENSUS
PAPER_837,0.0,EXACT_OR_CENSUS
PAPER_838,0.0,EXACT_OR_CENSUS
PAPER_839,0.0,EXACT_OR_CENSUS
PAPER_840,0.0,EXACT_OR_CENSUS
PAPER_841,0.0,EXACT_OR_CENSUS
PAPER_842,0.0,EXACT_OR_CENSUS
PAPER_843,0.0,EXACT_OR_CENSUS
PAPER_844,0.0,EXACT_OR_CENSUS
PAPER_845,0.0,EXACT_OR_CENSUS
PAPER_846,0.0,EXACT_OR_CENSUS
PAPER_847,0.0,EXACT_OR_CENSUS
PAPER_848,0.0,EXACT_OR_CENSUS
PAPER_849,0.0,EXACT_OR_CENSUS
PAPER_850,0.0,EXACT_OR_CENSUS
PAPER_851,0.0,EXACT_OR_CENSUS
PAPER_852,0.0,EXACT_OR_CENSUS
PAPER_853,0.0,EXACT_OR_CENSUS
PAPER_854,0.0,EXACT_OR_CENSUS
PAPER_855,0.0,EXACT_OR_CENSUS
PAPER_856,0.0,EXACT_OR_CENSUS
PAPER_857,0.0,EXACT_OR_CENSUS
PAPER_858,0.0,EXACT_OR_CENSUS
PAPER_859,0.0,EXACT_OR_CENSUS
PAPER_860,0.0,EXACT_OR_CENSUS
PAPER_861,0.0,EXACT_OR_CENSUS
PAPER_862,0.0,EXACT_OR_CENSUS
PAPER_863,0.0,EXACT_OR_CENSUS
PAPER_864,0.0,EXACT_OR_CENSUS
PAPER_865,0.0,EXACT_OR_CENSUS
PAPER_866,0.0,EXACT_OR_CENSUS
PAPER_867,0.0,EXACT_OR_CENSUS
PAPER_868,0.0,EXACT_OR_CENSUS
PAPER_869,0.0,EXACT_OR_CENSUS
PAPER_870,0.0,EXACT_OR_CENSUS
PAPER_871,0.0,EXACT_OR_CENSUS
PAPER_872,0.0,EXACT_OR_CENSUS
PAPER_873,0.0,EXACT_OR_CENSUS
PAPER_874,0.0,EXACT_OR_CENSUS
PAPER_875,0.0,EXACT_OR_CENSUS
PAPER_876,0.0,EXACT_OR_CENSUS
PAPER_877,0.0,EXACT_OR_CENSUS
PAPER_878,0.0,EXACT_OR_CENSUS
PAPER_879,0.0,EXACT_OR_CENSUS
PAPER_880,0.0,EXACT_OR_CENSUS
PAPER_881,0.0,EXACT_OR_CENSUS
PAPER_882,0.0,EXACT_OR_CENSUS
PAPER_883,0.0,EXACT_OR_CENSUS
PAPER_884,0.0,EXACT_OR_CENSUS
PAPER_885,0.0,EXACT_OR_CENSUS
PAPER_886,0.0,EXACT_OR_CENSUS
PAPER_887,0.0,EXACT_OR_CENSUS
PAPER_888,0.0,EXACT_OR_CENSUS
PAPER_889,0.0,EXACT_OR_CENSUS
PAPER_890,0.0,EXACT_OR_CENSUS
PAPER_891,0.0,EXACT_OR_CENSUS
PAPER_892,0.0,EXACT_OR_CENSUS
PAPER_893,0.0,EXACT_OR_CENSUS
PAPER_894,0.0,EXACT_OR_CENSUS
PAPER_895,0.0,EXACT_OR_CENSUS
PAPER_896,0.0,EXACT_OR_CENSUS
PAPER_897,0.0,EXACT_OR_CENSUS
PAPER_898,0.0,EXACT_OR_CENSUS
PAPER_899,0.0,EXACT_OR_CENSUS
PAPER_900,0.0,EXACT_OR_CENSUS
PAPER_901,0.0,EXACT_OR_CENSUS
PAPER_902,0.0,EXACT_OR_CENSUS
PAPER_903,0.0,EXACT_OR_CENSUS
PAPER_904,0.0,EXACT_OR_CENSUS
PAPER_905,0.0,EXACT_OR_CENSUS
PAPER_906,0.0,EXACT_OR_CENSUS
PAPER_907,0.0,EXACT_OR_CENSUS
PAPER_908,0.0,EXACT_OR_CENSUS
PAPER_909,0.0,EXACT_OR_CENSUS
PAPER_910,0.0,EXACT_OR_CENSUS
PAPER_911,0.0,EXACT_OR_CENSUS
PAPER_912,0.0,EXACT_OR_CENSUS
PAPER_913,0.0,EXACT_OR_CENSUS
PAPER_914,0.0,EXACT_OR_CENSUS
PAPER_915,0.0,EXACT_OR_CENSUS
PAPER_916,0.0,EXACT_OR_CENSUS
PAPER_917,0.0,EXACT_OR_CENSUS
PAPER_918,0.0,EXACT_OR_CENSUS
PAPER_919,0.0,EXACT_OR_CENSUS
PAPER_920,0.0,EXACT_OR_CENSUS
PAPER_921,0.0,EXACT_OR_CENSUS
PAPER_922,0.0,EXACT_OR_CENSUS
PAPER_923,0.0,EXACT_OR_CENSUS
PAPER_924,0.0,EXACT_OR_CENSUS
PAPER_925,0.0,EXACT_OR_CENSUS
PAPER_926,0.0,EXACT_OR_CENSUS
PAPER_927,0.0,EXACT_OR_CENSUS
PAPER_928,0.0,EXACT_OR_CENSUS
PAPER_929,0.0,EXACT_OR_CENSUS
PAPER_930,0.0,EXACT_OR_CENSUS
PAPER_931,0.0,EXACT_OR_CENSUS
PAPER_932,0.0,EXACT_OR_CENSUS
PAPER_933,0.0,EXACT_OR_CENSUS
PAPER_934,0.0,EXACT_OR_CENSUS
PAPER_935,0.0,EXACT_OR_CENSUS
PAPER_936,0.0,EXACT_OR_CENSUS
PAPER_937,0.0,EXACT_OR_CENSUS
PAPER_938,0.0,EXACT_OR_CENSUS
PAPER_939,0.0,EXACT_OR_CENSUS
PAPER_940,0.0,EXACT_OR_CENSUS
PAPER_941,0.0,EXACT_OR_CENSUS
PAPER_942,0.0,EXACT_OR_CENSUS
PAPER_943,0.0,EXACT_OR_CENSUS
PAPER_944,0.0,EXACT_OR_CENSUS
PAPER_945,0.0,EXACT_OR_CENSUS
PAPER_946,0.0,EXACT_OR_CENSUS
PAPER_947,0.0,EXACT_OR_CENSUS
PAPER_948,0.0,EXACT_OR_CENSUS
PAPER_949,0.0,EXACT_OR_CENSUS
PAPER_950,0.0,EXACT_OR_CENSUS
PAPER_951,0.0,EXACT_OR_CENSUS
PAPER_952,0.0,EXACT_OR_CENSUS
PAPER_953,0.0,EXACT_OR_CENSUS
PAPER_954,0.0,EXACT_OR_CENSUS
PAPER_955,0.0,EXACT_OR_CENSUS
PAPER_956,0.0,EXACT_OR_CENSUS
PAPER_957,0.0,EXACT_OR_CENSUS
PAPER_958,0.0,EXACT_OR_CENSUS
PAPER_959,0.0,EXACT_OR_CENSUS
PAPER_960,0.0,EXACT_OR_CENSUS
PAPER_961,0.0,EXACT_OR_CENSUS
PAPER_962,0.0,EXACT_OR_CENSUS
PAPER_963,0.0,EXACT_OR_CENSUS
PAPER_964,0.0,EXACT_OR_CENSUS
PAPER_965,0.0,EXACT_OR_CENSUS
PAPER_966,0.0,EXACT_OR_CENSUS
PAPER_967,0.0,EXACT_OR_CENSUS
PAPER_968,0.0,EXACT_OR_CENSUS
PAPER_969,0.0,EXACT_OR_CENSUS
PAPER_970,0.0,EXACT_OR_CENSUS
PAPER_971,0.0,EXACT_OR_CENSUS
PAPER_972,0.0,EXACT_OR_CENSUS
PAPER_973,0.0,EXACT_OR_CENSUS
PAPER_974,0.0,EXACT_OR_CENSUS
PAPER_975,0.0,EXACT_OR_CENSUS
PAPER_976,0.0,EXACT_OR_CENSUS
PAPER_977,0.0,EXACT_OR_CENSUS
PAPER_978,0.0,EXACT_OR_CENSUS
PAPER_979,0.0,EXACT_OR_CENSUS
PAPER_980,0.0,EXACT_OR_CENSUS
PAPER_981,0.0,EXACT_OR_CENSUS
PAPER_982,0.0,EXACT_OR_CENSUS
PAPER_983,0.0,EXACT_OR_CENSUS
PAPER_984,0.0,EXACT_OR_CENSUS
PAPER_985,0.0,EXACT_OR_CENSUS
PAPER_986,0.0,EXACT_OR_CENSUS
PAPER_987,0.0,EXACT_OR_CENSUS
PAPER_988,0.0,EXACT_OR_CENSUS
PAPER_989,0.0,EXACT_OR_CENSUS
PAPER_990,0.0,EXACT_OR_CENSUS
PAPER_991,0.0,EXACT_OR_CENSUS
PAPER_992,0.0,EXACT_OR_CENSUS
PAPER_993,0.0,EXACT_OR_CENSUS
PAPER_994,0.0,EXACT_OR_CENSUS
PAPER_995,0.0,EXACT_OR_CENSUS
PAPER_996,0.0,EXACT_OR_CENSUS
PAPER_997,0.0,EXACT_OR_CENSUS
PAPER_998,0.0,EXACT_OR_CENSUS
PAPER_999,0.0,EXACT_OR_CENSUS
PAPER_S201_Phase_H201_NullExtraction,0.0,EXACT_OR_CENSUS
PAPER_S202_Phase_H202_VariantBranches,0.0,EXACT_OR_CENSUS
PAPER_S203_Phase_H203_PTF,0.0,EXACT_OR_CENSUS
PAPER_S204_Phase_H204_GapClosure,0.0,EXACT_OR_CENSUS
PAPER_S205_Phase_H205_ExpansionErosion,0.0,EXACT_OR_CENSUS
PAPER_2257,0.0,EXACT_OR_CENSUS
PAPER_2258,0.317,K2_KTB_GRAVITY_CORRELATION_COMPLEMENT,live re-verification dispatch (surveying tool Parts 1-3); residual = (1 - corr 0.99683) x 100 vs the KTB borehole gravimeter,WIRED_LANDMARK
PAPER_2259,0.0,EXACT_OR_CENSUS
PAPER_2260,0.16,SUB_1
PAPER_2261,0.036,SUB_0.1
PAPER_2262,0.62,SUB_1
PAPER_2263,0.0,EXACT
PAPER_2264,0.0,EXACT
PAPER_2265,0.0,EXACT
PAPER_2266,0.0,EXACT
PAPER_2267,0.0,EXACT
PAPER_2268,0.0,EXACT
PAPER_2269,0.0,EXACT
