observable,domain,owner_geometry,target_geometry,owner_formula,owner_value,target,primary_source,primitives_used,route_status,route_formula,route_paper
tidal_deformability_Lambda,GW-tidal,native-paper,DPM-common-block,(2/3)*k2*(1/C)^5,398.6,GW170817 LIGO 190-600,PAPER_007,primitive-sourced,XGEO_CAMPAIGN_ROUTED,tidal_deformability_Lambda re-expressed via _common_uqff_blocks + §B DVP,PAPER_007
f_SCm_suppression,GW-tidal,native-paper,DPM-common-block,1-exp(-B_crit/B),0.632@Bcrit,BCS Cooper-pair screening,PAPER_007,primitive-sourced,XGEO_CAMPAIGN_ROUTED,f_SCm_suppression re-expressed via _common_uqff_blocks + §B DVP,PAPER_007
gw_frequency_chirp_rate,GW-waveform,native-paper,DPM-common-block,GR chirp scaled by D_total,2.316e26,GR waveform,PAPER_008,primitive-sourced,XGEO_CAMPAIGN_ROUTED,gw_frequency_chirp_rate re-expressed via _common_uqff_blocks + §B DVP,PAPER_008
waveform_phase_lag_full,GW-waveform,native-paper,DPM-common-block,2310.8 rad @100s,2310.8,GW170817 inspiral,PAPER_008,primitive-sourced,XGEO_CAMPAIGN_ROUTED,waveform_phase_lag_full re-expressed via _common_uqff_blocks + §B DVP,PAPER_008
gw_inspiral_frequency,GW-inspiral,native-paper,DPM-common-block,leading-PN chirp,28.6@50s,GW170817,PAPER_008b,primitive-sourced,XGEO_CAMPAIGN_ROUTED,gw_inspiral_frequency re-expressed via _common_uqff_blocks + §B DVP,PAPER_008b
h_uqff_damped,GW-inspiral,native-paper,DPM-common-block,strain damping,0.333,GW170817 40Mpc,PAPER_008b,primitive-sourced,XGEO_CAMPAIGN_ROUTED,h_uqff_damped re-expressed via _common_uqff_blocks + §B DVP,PAPER_008b
D_aether_damping,GW-damping,native-paper,DPM-common-block,~1 all observed GW,0.0@410Mpc,GW damping,PAPER_009,primitive-sourced,XGEO_CAMPAIGN_ROUTED,D_aether_damping re-expressed via _common_uqff_blocks + §B DVP,PAPER_009
D_total_4mech,GW-damping,native-paper,DPM-common-block,4-mechanism product,0.333 BNS,GW170817/190425/150914,PAPER_009,primitive-sourced,XGEO_CAMPAIGN_ROUTED,D_total_4mech re-expressed via _common_uqff_blocks + §B DVP,PAPER_009
gw_distance_bias_009b,GW-damping,native-paper,DPM-common-block,GR-template distance bias,1231 Mpc,GW150914 410Mpc true,PAPER_009b,primitive-sourced,XGEO_CAMPAIGN_ROUTED,gw_distance_bias_009b re-expressed via _common_uqff_blocks + §B DVP,PAPER_009b
qnm_freq_uqff,GW-postmerger,native-paper,DPM-common-block,QNM freq shift,2375 Hz,BNS post-merger 2.5kHz,PAPER_010,primitive-sourced,XGEO_CAMPAIGN_ROUTED,qnm_freq_uqff re-expressed via _common_uqff_blocks + §B DVP,PAPER_010
qnm_damping_time,GW-postmerger,native-paper,DPM-common-block,QNM decay,7.14 ms,10ms GR,PAPER_010,primitive-sourced,XGEO_CAMPAIGN_ROUTED,qnm_damping_time re-expressed via _common_uqff_blocks + §B DVP,PAPER_010
beta_model_density,icm-buoyancy,native-paper,DPM-common-block,rho(r)=rho0*(1+(r/rc)^2)^(-3beta/2),compiled,ICM density,PAPER_001,primitive-sourced,XGEO_CAMPAIGN_ROUTED,beta_model_density re-expressed via _common_uqff_blocks + §B DVP,PAPER_001
hydrostatic_bias_uqff,icm-buoyancy,native-paper,DPM-common-block,b=1-M_HSE/M_true=0.17,compiled,cluster-mass bias,PAPER_001,primitive-sourced,XGEO_CAMPAIGN_ROUTED,hydrostatic_bias_uqff re-expressed via _common_uqff_blocks + §B DVP,PAPER_001
cooling_flow_uqff,icm-buoyancy,native-paper,DPM-common-block,Mdot=Mdot0*(1-beta_i*S26^3*Phi),compiled,cooling suppression,PAPER_001,primitive-sourced,XGEO_CAMPAIGN_ROUTED,cooling_flow_uqff re-expressed via _common_uqff_blocks + §B DVP,PAPER_001
W_26,ramanujan,native-paper,DPM-common-block,prod_{i=1}^26[1+SSq*exp(-kappa i n/26)],compiled,26-state weight,PAPER_001,primitive-sourced,XGEO_CAMPAIGN_ROUTED,W_26 re-expressed via _common_uqff_blocks + §B DVP,PAPER_001
ramanujan_R_n,ramanujan,native-paper,DPM-common-block,"C(4n,n)*W_26(n)/4^(4n)",compiled,26D Ramanujan term,PAPER_001,primitive-sourced,XGEO_CAMPAIGN_ROUTED,ramanujan_R_n re-expressed via _common_uqff_blocks + §B DVP,PAPER_001
s26_polylog,ramanujan,native-paper,DPM-common-block,Li_26(z)=sum z^k/k^26,compiled,26D polylog,PAPER_001,primitive-sourced,XGEO_CAMPAIGN_ROUTED,s26_polylog re-expressed via _common_uqff_blocks + §B DVP,PAPER_001
A_SCm_activation,kozima-lenr,native-paper,DPM-common-block,exp[-B^2/B_crit^2],compiled,SCm Gaussian gate,PAPER_001,primitive-sourced,XGEO_CAMPAIGN_ROUTED,A_SCm_activation re-expressed via _common_uqff_blocks + §B DVP,PAPER_001
kozima_neutron_static,kozima-lenr,native-paper,DPM-common-block,k_neutron*sigma_n=1e6 N,compiled,static neutron drop,PAPER_001,primitive-sourced,XGEO_CAMPAIGN_ROUTED,kozima_neutron_static re-expressed via _common_uqff_blocks + §B DVP,PAPER_001
kozima_cross_section_scm,kozima-lenr,native-paper,DPM-common-block,sigma0*exp[-(w-w_SCm)^2/2G^2]*(1+SSq n/26),compiled,SCm cross-section,PAPER_001,primitive-sourced,XGEO_CAMPAIGN_ROUTED,kozima_cross_section_scm re-expressed via _common_uqff_blocks + §B DVP,PAPER_001
kozima_buoyancy_coupled,kozima-lenr,native-paper,DPM-common-block,N_n*sigma*Phi*(F_UBi/F_U-1),compiled,buoyancy-coupled neutron,PAPER_001,primitive-sourced,XGEO_CAMPAIGN_ROUTED,kozima_buoyancy_coupled re-expressed via _common_uqff_blocks + §B DVP,PAPER_001
kozima_s26_coupling,kozima-lenr,native-paper,DPM-common-block,sum_{n=0}^26 F(n)*S26(SSq(1+n/26)),compiled,polylog coupling,PAPER_001,primitive-sourced,XGEO_CAMPAIGN_ROUTED,kozima_s26_coupling re-expressed via _common_uqff_blocks + §B DVP,PAPER_001
L_cosmo,cosmogenesis,native-paper,DPM-common-block,rho_vac*f_scm*(1-e^-gt),compiled,ACP cosmogenesis density,PAPER_001,primitive-sourced,XGEO_CAMPAIGN_ROUTED,L_cosmo re-expressed via _common_uqff_blocks + §B DVP,PAPER_001
V_phi_NS,cosmogenesis,native-paper,DPM-common-block,1/2 m^2 phi^2+lam/4! phi^4+kappa rho_vac phi,compiled,NS-sector potential,PAPER_001,primitive-sourced,XGEO_CAMPAIGN_ROUTED,V_phi_NS re-expressed via _common_uqff_blocks + §B DVP,PAPER_001
euler_lagrange_eom_NS,cosmogenesis,native-paper,DPM-common-block,del^2 phi-(4piG rho/c^2)phi+Omega d_t phi=0,compiled,E-L EOM,PAPER_001,primitive-sourced,XGEO_CAMPAIGN_ROUTED,euler_lagrange_eom_NS re-expressed via _common_uqff_blocks + §B DVP,PAPER_001
dvp_primes,vds-dvp-bsh,native-paper,DPM-common-block,"p_DVP=3, n_channel=2/26",compiled,dipole vortex primes,PAPER_001,primitive-sourced,XGEO_CAMPAIGN_ROUTED,dvp_primes re-expressed via _common_uqff_blocks + §B DVP,PAPER_001
bsh_saturation,vds-dvp-bsh,native-paper,DPM-common-block,F_bsh*(1-tanh((t-t_sat)/tau)),compiled,BSH saturation,PAPER_001,primitive-sourced,XGEO_CAMPAIGN_ROUTED,bsh_saturation re-expressed via _common_uqff_blocks + §B DVP,PAPER_001
stochastic_gw_omega,stochastic-bg,native-paper,DPM-common-block,"Omega_GW,UQFF=D^2*Omega_GR",compiled,SGWB energy,PAPER_011,primitive-sourced,XGEO_CAMPAIGN_ROUTED,stochastic_gw_omega re-expressed via _common_uqff_blocks + §B DVP,PAPER_011
peters_ecc_tau_extension,eccentric-binary,native-paper,DPM-common-block,tau_circ=1/D^2,compiled,circularization,PAPER_012,primitive-sourced,XGEO_CAMPAIGN_ROUTED,peters_ecc_tau_extension re-expressed via _common_uqff_blocks + §B DVP,PAPER_012
magnetar_edot_suppression,magnetar-spindown,native-paper,DPM-common-block,Edot=D_SCm^2*Edot_GR,compiled,dipole radiation,PAPER_013,primitive-sourced,XGEO_CAMPAIGN_ROUTED,magnetar_edot_suppression re-expressed via _common_uqff_blocks + §B DVP,PAPER_013
braking_index_uqff,magnetar-spindown,native-paper,DPM-common-block,n=2-dlnD/dlnOmega,compiled,braking index,PAPER_013,primitive-sourced,XGEO_CAMPAIGN_ROUTED,braking_index_uqff re-expressed via _common_uqff_blocks + §B DVP,PAPER_013
pbh_mass_function,primordial-bh,native-paper,DPM-common-block,exp[-(M/M_Q)^g]*(1+A sin),compiled,PBH mass fn,PAPER_014,primitive-sourced,XGEO_CAMPAIGN_ROUTED,pbh_mass_function re-expressed via _common_uqff_blocks + §B DVP,PAPER_014
modified_friedmann_uqff,primordial-bh,native-paper,DPM-common-block,H^2=8piG/3 rho-k/a^2+Lam/3+xi H,compiled,modified Friedmann,PAPER_014,primitive-sourced,XGEO_CAMPAIGN_ROUTED,modified_friedmann_uqff re-expressed via _common_uqff_blocks + §B DVP,PAPER_014
gw_propagation_damping,gw-cosmology,native-paper,DPM-common-block,Gamma_0*(f/f_ref)^a*[(1+z)/H]^b,compiled,GW damping,PAPER_015,primitive-sourced,XGEO_CAMPAIGN_ROUTED,gw_propagation_damping re-expressed via _common_uqff_blocks + §B DVP,PAPER_015
H0_uqff_bias,gw-cosmology,native-paper,DPM-common-block,factor*H0_obs,compiled,standard-siren H0,PAPER_015,primitive-sourced,XGEO_CAMPAIGN_ROUTED,H0_uqff_bias re-expressed via _common_uqff_blocks + §B DVP,PAPER_015
f_isco_observer,lisa-smbh,native-paper,DPM-common-block,c^3/(6^1.5 pi G M(1+z)),compiled,ISCO frequency,PAPER_013b,primitive-sourced,XGEO_CAMPAIGN_ROUTED,f_isco_observer re-expressed via _common_uqff_blocks + §B DVP,PAPER_013b
D_eff_beat,time-domain-chirp,native-paper,DPM-common-block,D*[1+dbeta*cos(2pi f_beat t)],compiled,beat-modulated damping,PAPER_010b,primitive-sourced,XGEO_CAMPAIGN_ROUTED,D_eff_beat re-expressed via _common_uqff_blocks + §B DVP,PAPER_010b
chsh_suppression,entanglement,native-paper,DPM-common-block,S_QM*(1-eps_damp),compiled,CHSH/Tsirelson,PAPER_016,primitive-sourced,XGEO_CAMPAIGN_ROUTED,chsh_suppression re-expressed via _common_uqff_blocks + §B DVP,PAPER_016
f_combined_redshift,redshift-gw,native-paper,DPM-common-block,F_TRZ*F_aether*F_Um,compiled,0.622 origin,PAPER_017,primitive-sourced,XGEO_CAMPAIGN_ROUTED,f_combined_redshift re-expressed via _common_uqff_blocks + §B DVP,PAPER_017
phase_lag_trz,redshift-gw,native-paper,DPM-common-block,2 pi F_TRZ,compiled,phase lag,PAPER_017,primitive-sourced,XGEO_CAMPAIGN_ROUTED,phase_lag_trz re-expressed via _common_uqff_blocks + §B DVP,PAPER_017
aether_noise_spectrum,aether-noise,native-paper,DPM-common-block,S_GR*[1+P_aether]*F_TRZ,compiled,LISA noise,PAPER_018,primitive-sourced,XGEO_CAMPAIGN_ROUTED,aether_noise_spectrum re-expressed via _common_uqff_blocks + §B DVP,PAPER_018
pta_trz_resonance,pta,native-paper,DPM-common-block,1+SSq*Phi_TRZ,compiled,PTA inversion,PAPER_019,primitive-sourced,XGEO_CAMPAIGN_ROUTED,pta_trz_resonance re-expressed via _common_uqff_blocks + §B DVP,PAPER_019
cosmic_ray_aether_drag,cosmic-ray,native-paper,DPM-common-block,kappa*(E/E_ref)^0.37,compiled,UHECR drag,PAPER_020,primitive-sourced,XGEO_CAMPAIGN_ROUTED,cosmic_ray_aether_drag re-expressed via _common_uqff_blocks + §B DVP,PAPER_020
charge_drag_scaling,cosmic-ray,native-paper,DPM-common-block,Z^(1/3),compiled,charge drag,PAPER_020,primitive-sourced,XGEO_CAMPAIGN_ROUTED,charge_drag_scaling re-expressed via _common_uqff_blocks + §B DVP,PAPER_020
lensing_rho_trz,lensing,native-paper,DPM-common-block,SSq^2*f_TRZ*rho_crit,compiled,sigma8 tension,PAPER_021,primitive-sourced,XGEO_CAMPAIGN_ROUTED,lensing_rho_trz re-expressed via _common_uqff_blocks + §B DVP,PAPER_021
d_string_composed,string-compactification,native-paper,DPM-common-block,1-SSq^2*N_eff=0.37,compiled,string origin,PAPER_022,primitive-sourced,XGEO_CAMPAIGN_ROUTED,d_string_composed re-expressed via _common_uqff_blocks + §B DVP,PAPER_022
kk_mass_scale,string-compactification,native-paper,DPM-common-block,hbar c/R_c,compiled,KK scale,PAPER_022,primitive-sourced,XGEO_CAMPAIGN_ROUTED,kk_mass_scale re-expressed via _common_uqff_blocks + §B DVP,PAPER_022
g2_kk_loop,tau-g2,native-paper,DPM-common-block,(m^2/8pi M_KK^2)(2/3)(1/SSq^2),compiled,tau g-2 KK,PAPER_023,primitive-sourced,XGEO_CAMPAIGN_ROUTED,g2_kk_loop re-expressed via _common_uqff_blocks + §B DVP,PAPER_023
g2_string_loop,tau-g2,native-paper,DPM-common-block,(SSq^2/pi)(m^2/M_KK^2)(pi^2/6),compiled,tau g-2 string,PAPER_023,primitive-sourced,XGEO_CAMPAIGN_ROUTED,g2_string_loop re-expressed via _common_uqff_blocks + §B DVP,PAPER_023
dvp_prime_paper_015b,vds-dvp-bsh,native-paper,DPM-common-block,§B.2 resonant,53,paper §B.2,PAPER_015b,primitive-sourced,XGEO_CAMPAIGN_ROUTED,dvp_prime_paper_015b re-expressed via _common_uqff_blocks + §B DVP,PAPER_015b
dvp_prime_paper_016,vds-dvp-bsh,native-paper,DPM-common-block,§B.2 resonant,59,paper §B.2,PAPER_016,primitive-sourced,XGEO_CAMPAIGN_ROUTED,dvp_prime_paper_016 re-expressed via _common_uqff_blocks + §B DVP,PAPER_016
dvp_prime_paper_016b,vds-dvp-bsh,native-paper,DPM-common-block,§B.2 resonant,59,paper §B.2,PAPER_016b,primitive-sourced,XGEO_CAMPAIGN_ROUTED,dvp_prime_paper_016b re-expressed via _common_uqff_blocks + §B DVP,PAPER_016b
dvp_prime_paper_017,vds-dvp-bsh,native-paper,DPM-common-block,§B.2 resonant,61,paper §B.2,PAPER_017,primitive-sourced,XGEO_CAMPAIGN_ROUTED,dvp_prime_paper_017 re-expressed via _common_uqff_blocks + §B DVP,PAPER_017
dvp_prime_paper_018,vds-dvp-bsh,native-paper,DPM-common-block,§B.2 resonant,67,paper §B.2,PAPER_018,primitive-sourced,XGEO_CAMPAIGN_ROUTED,dvp_prime_paper_018 re-expressed via _common_uqff_blocks + §B DVP,PAPER_018
dvp_prime_paper_019,vds-dvp-bsh,native-paper,DPM-common-block,§B.2 resonant,71,paper §B.2,PAPER_019,primitive-sourced,XGEO_CAMPAIGN_ROUTED,dvp_prime_paper_019 re-expressed via _common_uqff_blocks + §B DVP,PAPER_019
dvp_prime_paper_020,vds-dvp-bsh,native-paper,DPM-common-block,§B.2 resonant,73,paper §B.2,PAPER_020,primitive-sourced,XGEO_CAMPAIGN_ROUTED,dvp_prime_paper_020 re-expressed via _common_uqff_blocks + §B DVP,PAPER_020
dvp_prime_paper_021,vds-dvp-bsh,native-paper,DPM-common-block,§B.2 resonant,79,paper §B.2,PAPER_021,primitive-sourced,XGEO_CAMPAIGN_ROUTED,dvp_prime_paper_021 re-expressed via _common_uqff_blocks + §B DVP,PAPER_021
dvp_prime_paper_022,vds-dvp-bsh,native-paper,DPM-common-block,§B.2 resonant,83,paper §B.2,PAPER_022,primitive-sourced,XGEO_CAMPAIGN_ROUTED,dvp_prime_paper_022 re-expressed via _common_uqff_blocks + §B DVP,PAPER_022
dvp_prime_paper_023,vds-dvp-bsh,native-paper,DPM-common-block,§B.2 resonant,89,paper §B.2,PAPER_023,primitive-sourced,XGEO_CAMPAIGN_ROUTED,dvp_prime_paper_023 re-expressed via _common_uqff_blocks + §B DVP,PAPER_023
dpm_cp_phase,tau-edm,native-paper,DPM-common-block,SSq*pi,compiled,CP phase,PAPER_024,primitive-sourced,XGEO_CAMPAIGN_ROUTED,dpm_cp_phase re-expressed via _common_uqff_blocks + §B DVP,PAPER_024
dpm_trz_cp_phase,tau-edm,native-paper,DPM-common-block,(1-F_TRZ)F_TRZ*pi,compiled,TRZ CP,PAPER_024,primitive-sourced,XGEO_CAMPAIGN_ROUTED,dpm_trz_cp_phase re-expressed via _common_uqff_blocks + §B DVP,PAPER_024
ultralight_dm_mass_ev,dark-matter,native-paper,DPM-common-block,kappa*hbar,compiled,ACP mass,PAPER_025,primitive-sourced,XGEO_CAMPAIGN_ROUTED,ultralight_dm_mass_ev re-expressed via _common_uqff_blocks + §B DVP,PAPER_025
heavy_dm_mass_tev,dark-matter,native-paper,DPM-common-block,M_KK*SSq^2,compiled,ACP2 mass,PAPER_025,primitive-sourced,XGEO_CAMPAIGN_ROUTED,heavy_dm_mass_tev re-expressed via _common_uqff_blocks + §B DVP,PAPER_025
sterile_mass_ladder,sterile-neutrino,native-paper,DPM-common-block,SSq*M_W; M_KK/SSq,compiled,sterile spectrum,PAPER_026,primitive-sourced,XGEO_CAMPAIGN_ROUTED,sterile_mass_ladder re-expressed via _common_uqff_blocks + §B DVP,PAPER_026
lfv_temporal_suppression,lfv,native-paper,DPM-common-block,exp(-SSq),compiled,LFV suppress,PAPER_027,primitive-sourced,XGEO_CAMPAIGN_ROUTED,lfv_temporal_suppression re-expressed via _common_uqff_blocks + §B DVP,PAPER_027
ckm_vacuum_density,bsm-couplings,native-paper,DPM-common-block,|V_cb|^2,compiled,CKM vacuum,PAPER_028,primitive-sourced,XGEO_CAMPAIGN_ROUTED,ckm_vacuum_density re-expressed via _common_uqff_blocks + §B DVP,PAPER_028
cosmic_budget_fsm,tev-newphysics,native-paper,DPM-common-block,SSq^4,compiled,SM fraction,PAPER_029,primitive-sourced,XGEO_CAMPAIGN_ROUTED,cosmic_budget_fsm re-expressed via _common_uqff_blocks + §B DVP,PAPER_029
dvp_prime_paper_024,vds-dvp-bsh,native-paper,DPM-common-block,§B.2,97,paper §B.2,PAPER_024,primitive-sourced,XGEO_CAMPAIGN_ROUTED,dvp_prime_paper_024 re-expressed via _common_uqff_blocks + §B DVP,PAPER_024
dvp_prime_paper_025,vds-dvp-bsh,native-paper,DPM-common-block,§B.2,101,paper §B.2,PAPER_025,primitive-sourced,XGEO_CAMPAIGN_ROUTED,dvp_prime_paper_025 re-expressed via _common_uqff_blocks + §B DVP,PAPER_025
dvp_prime_paper_025b,vds-dvp-bsh,native-paper,DPM-common-block,§B.2,101,paper §B.2,PAPER_025b,primitive-sourced,XGEO_CAMPAIGN_ROUTED,dvp_prime_paper_025b re-expressed via _common_uqff_blocks + §B DVP,PAPER_025b
dvp_prime_paper_026,vds-dvp-bsh,native-paper,DPM-common-block,§B.2,103,paper §B.2,PAPER_026,primitive-sourced,XGEO_CAMPAIGN_ROUTED,dvp_prime_paper_026 re-expressed via _common_uqff_blocks + §B DVP,PAPER_026
dvp_prime_paper_026b,vds-dvp-bsh,native-paper,DPM-common-block,§B.2,103,paper §B.2,PAPER_026b,primitive-sourced,XGEO_CAMPAIGN_ROUTED,dvp_prime_paper_026b re-expressed via _common_uqff_blocks + §B DVP,PAPER_026b
dvp_prime_paper_026c,vds-dvp-bsh,native-paper,DPM-common-block,§B.2,103,paper §B.2,PAPER_026c,primitive-sourced,XGEO_CAMPAIGN_ROUTED,dvp_prime_paper_026c re-expressed via _common_uqff_blocks + §B DVP,PAPER_026c
dvp_prime_paper_027,vds-dvp-bsh,native-paper,DPM-common-block,§B.2,107,paper §B.2,PAPER_027,primitive-sourced,XGEO_CAMPAIGN_ROUTED,dvp_prime_paper_027 re-expressed via _common_uqff_blocks + §B DVP,PAPER_027
dvp_prime_paper_028,vds-dvp-bsh,native-paper,DPM-common-block,§B.2,109,paper §B.2,PAPER_028,primitive-sourced,XGEO_CAMPAIGN_ROUTED,dvp_prime_paper_028 re-expressed via _common_uqff_blocks + §B DVP,PAPER_028
dvp_prime_paper_029,vds-dvp-bsh,native-paper,DPM-common-block,§B.2,113,paper §B.2,PAPER_029,primitive-sourced,XGEO_CAMPAIGN_ROUTED,dvp_prime_paper_029 re-expressed via _common_uqff_blocks + §B DVP,PAPER_029
dvp_prime_paper_030,vds-dvp-bsh,native-paper,DPM-common-block,§B.2,2,paper §B.2,PAPER_030,primitive-sourced,XGEO_CAMPAIGN_ROUTED,dvp_prime_paper_030 re-expressed via _common_uqff_blocks + §B DVP,PAPER_030
flavor_RD_uqff,flavor-anomaly,native-paper,DPM-common-block,R_SM/(1-(m_tau/m_b)^2 SSq),compiled,R(D) anomaly,PAPER_031,primitive-sourced,XGEO_CAMPAIGN_ROUTED,flavor_RD_uqff re-expressed via _common_uqff_blocks + §B DVP,PAPER_031
vlq_tan_beta,bsm-scalar,native-paper,DPM-common-block,1/sqrt(k_eta),compiled,2HDM tan beta,PAPER_032,primitive-sourced,XGEO_CAMPAIGN_ROUTED,vlq_tan_beta re-expressed via _common_uqff_blocks + §B DVP,PAPER_032
oblique_T_param,ew-precision,native-paper,DPM-common-block,E_react*SSq/alpha_EM,compiled,oblique T,PAPER_033,primitive-sourced,XGEO_CAMPAIGN_ROUTED,oblique_T_param re-expressed via _common_uqff_blocks + §B DVP,PAPER_033
kappa_18_level,higgs-kappa-t,native-paper,DPM-common-block,18^(-SSq),compiled,UH level-18,PAPER_034,primitive-sourced,XGEO_CAMPAIGN_ROUTED,kappa_18_level re-expressed via _common_uqff_blocks + §B DVP,PAPER_034
higgs_cp_acp,higgs-cp,native-paper,DPM-common-block,cos(pi t_n),compiled,Higgs CP,PAPER_035,primitive-sourced,XGEO_CAMPAIGN_ROUTED,higgs_cp_acp re-expressed via _common_uqff_blocks + §B DVP,PAPER_035
dvp_prime_paper_031,vds-dvp-bsh,native-paper,DPM-common-block,§B.2,3,paper §B.2,PAPER_031,primitive-sourced,XGEO_CAMPAIGN_ROUTED,dvp_prime_paper_031 re-expressed via _common_uqff_blocks + §B DVP,PAPER_031
dvp_prime_paper_032,vds-dvp-bsh,native-paper,DPM-common-block,§B.2,5,paper §B.2,PAPER_032,primitive-sourced,XGEO_CAMPAIGN_ROUTED,dvp_prime_paper_032 re-expressed via _common_uqff_blocks + §B DVP,PAPER_032
dvp_prime_paper_033,vds-dvp-bsh,native-paper,DPM-common-block,§B.2,7,paper §B.2,PAPER_033,primitive-sourced,XGEO_CAMPAIGN_ROUTED,dvp_prime_paper_033 re-expressed via _common_uqff_blocks + §B DVP,PAPER_033
dvp_prime_paper_034,vds-dvp-bsh,native-paper,DPM-common-block,§B.2,11,paper §B.2,PAPER_034,primitive-sourced,XGEO_CAMPAIGN_ROUTED,dvp_prime_paper_034 re-expressed via _common_uqff_blocks + §B DVP,PAPER_034
dvp_prime_paper_035,vds-dvp-bsh,native-paper,DPM-common-block,§B.2,13,paper §B.2,PAPER_035,primitive-sourced,XGEO_CAMPAIGN_ROUTED,dvp_prime_paper_035 re-expressed via _common_uqff_blocks + §B DVP,PAPER_035
dvp_prime_paper_036,vds-dvp-bsh,native-paper,DPM-common-block,§B.2,17,paper §B.2,PAPER_036,primitive-sourced,XGEO_CAMPAIGN_ROUTED,dvp_prime_paper_036 re-expressed via _common_uqff_blocks + §B DVP,PAPER_036
dvp_prime_paper_037,vds-dvp-bsh,native-paper,DPM-common-block,§B.2,19,paper §B.2,PAPER_037,primitive-sourced,XGEO_CAMPAIGN_ROUTED,dvp_prime_paper_037 re-expressed via _common_uqff_blocks + §B DVP,PAPER_037
dvp_prime_paper_038,vds-dvp-bsh,native-paper,DPM-common-block,§B.2,23,paper §B.2,PAPER_038,primitive-sourced,XGEO_CAMPAIGN_ROUTED,dvp_prime_paper_038 re-expressed via _common_uqff_blocks + §B DVP,PAPER_038
dvp_prime_paper_039,vds-dvp-bsh,native-paper,DPM-common-block,§B.2,29,paper §B.2,PAPER_039,primitive-sourced,XGEO_CAMPAIGN_ROUTED,dvp_prime_paper_039 re-expressed via _common_uqff_blocks + §B DVP,PAPER_039
dvp_prime_paper_040,vds-dvp-bsh,native-paper,DPM-common-block,§B.2,31,paper §B.2,PAPER_040,primitive-sourced,XGEO_CAMPAIGN_ROUTED,dvp_prime_paper_040 re-expressed via _common_uqff_blocks + §B DVP,PAPER_040
layered_gravity_ug1,26layer-gravity,native-paper,DPM-common-block,E_DPM/r^2 rho_UA f_TRZ,compiled,26-layer gravity,PAPER_042,primitive-sourced,XGEO_CAMPAIGN_ROUTED,layered_gravity_ug1 re-expressed via _common_uqff_blocks + §B DVP,PAPER_042
polynomial_energy_level,energy-hierarchy,native-paper,DPM-common-block,10^(n-20) J,compiled,energy hierarchy,PAPER_043,primitive-sourced,XGEO_CAMPAIGN_ROUTED,polynomial_energy_level re-expressed via _common_uqff_blocks + §B DVP,PAPER_043
level_density,energy-hierarchy,native-paper,DPM-common-block,rho_L1 n^2,compiled,parabolic density,PAPER_043,primitive-sourced,XGEO_CAMPAIGN_ROUTED,level_density re-expressed via _common_uqff_blocks + §B DVP,PAPER_043
dpm_center_radius,dpm-manifold,native-paper,DPM-common-block,10^(-35+i/3) m,compiled,26-center radii,PAPER_044,primitive-sourced,XGEO_CAMPAIGN_ROUTED,dpm_center_radius re-expressed via _common_uqff_blocks + §B DVP,PAPER_044
phase_transition_energy,phase-transitions,native-paper,DPM-common-block,rho_L1(2n+1),compiled,matter-state,PAPER_045,primitive-sourced,XGEO_CAMPAIGN_ROUTED,phase_transition_energy re-expressed via _common_uqff_blocks + §B DVP,PAPER_045
ug4_bh_pressure,ug4-bh-pressure,native-paper,DPM-common-block,M rho_vac/(d^2 E_LEP)exp cos,compiled,BH pressure,PAPER_048,primitive-sourced,XGEO_CAMPAIGN_ROUTED,ug4_bh_pressure re-expressed via _common_uqff_blocks + §B DVP,PAPER_048
dvp_prime_paper_041,vds-dvp-bsh,native-paper,DPM-common-block,§B.2,37,paper §B.2,PAPER_041,primitive-sourced,XGEO_CAMPAIGN_ROUTED,dvp_prime_paper_041 re-expressed via _common_uqff_blocks + §B DVP,PAPER_041
dvp_prime_paper_042,vds-dvp-bsh,native-paper,DPM-common-block,§B.2,41,paper §B.2,PAPER_042,primitive-sourced,XGEO_CAMPAIGN_ROUTED,dvp_prime_paper_042 re-expressed via _common_uqff_blocks + §B DVP,PAPER_042
dvp_prime_paper_043,vds-dvp-bsh,native-paper,DPM-common-block,§B.2,43,paper §B.2,PAPER_043,primitive-sourced,XGEO_CAMPAIGN_ROUTED,dvp_prime_paper_043 re-expressed via _common_uqff_blocks + §B DVP,PAPER_043
dvp_prime_paper_044,vds-dvp-bsh,native-paper,DPM-common-block,§B.2,47,paper §B.2,PAPER_044,primitive-sourced,XGEO_CAMPAIGN_ROUTED,dvp_prime_paper_044 re-expressed via _common_uqff_blocks + §B DVP,PAPER_044
dvp_prime_paper_045,vds-dvp-bsh,native-paper,DPM-common-block,§B.2,53,paper §B.2,PAPER_045,primitive-sourced,XGEO_CAMPAIGN_ROUTED,dvp_prime_paper_045 re-expressed via _common_uqff_blocks + §B DVP,PAPER_045
dvp_prime_paper_046,vds-dvp-bsh,native-paper,DPM-common-block,§B.2,59,paper §B.2,PAPER_046,primitive-sourced,XGEO_CAMPAIGN_ROUTED,dvp_prime_paper_046 re-expressed via _common_uqff_blocks + §B DVP,PAPER_046
dvp_prime_paper_047,vds-dvp-bsh,native-paper,DPM-common-block,§B.2,61,paper §B.2,PAPER_047,primitive-sourced,XGEO_CAMPAIGN_ROUTED,dvp_prime_paper_047 re-expressed via _common_uqff_blocks + §B DVP,PAPER_047
dvp_prime_paper_048,vds-dvp-bsh,native-paper,DPM-common-block,§B.2,67,paper §B.2,PAPER_048,primitive-sourced,XGEO_CAMPAIGN_ROUTED,dvp_prime_paper_048 re-expressed via _common_uqff_blocks + §B DVP,PAPER_048
dvp_prime_paper_049,vds-dvp-bsh,native-paper,DPM-common-block,§B.2,71,paper §B.2,PAPER_049,primitive-sourced,XGEO_CAMPAIGN_ROUTED,dvp_prime_paper_049 re-expressed via _common_uqff_blocks + §B DVP,PAPER_049
dvp_prime_paper_050,vds-dvp-bsh,native-paper,DPM-common-block,§B.2,73,paper §B.2,PAPER_050,primitive-sourced,XGEO_CAMPAIGN_ROUTED,dvp_prime_paper_050 re-expressed via _common_uqff_blocks + §B DVP,PAPER_050
resonance_factor_ssq,ngc2264,native-paper,DPM-common-block,SSq/(1+SSq),compiled,resonance norm,PAPER_053,primitive-sourced,XGEO_CAMPAIGN_ROUTED,resonance_factor_ssq re-expressed via _common_uqff_blocks + §B DVP,PAPER_053
merger_compression,mice-merger,native-paper,DPM-common-block,(1+overlap)^2.3,compiled,merger spike,PAPER_055,primitive-sourced,XGEO_CAMPAIGN_ROUTED,merger_compression re-expressed via _common_uqff_blocks + §B DVP,PAPER_055
wind_velocity,red-spider,native-paper,DPM-common-block,v_esc sqrt(Ug2/g),compiled,PN wind,PAPER_056,primitive-sourced,XGEO_CAMPAIGN_ROUTED,wind_velocity re-expressed via _common_uqff_blocks + §B DVP,PAPER_056
alpha_bec_prob,alpha-bec,native-paper,DPM-common-block,0.10+0.85(E*-1)/8,compiled,alpha-BEC prob,PAPER_059,primitive-sourced,XGEO_CAMPAIGN_ROUTED,alpha_bec_prob re-expressed via _common_uqff_blocks + §B DVP,PAPER_059
be_occupancy,be-occupancy,native-paper,DPM-common-block,1/(exp(dE/kT)-1),compiled,BE occupancy,PAPER_060,primitive-sourced,XGEO_CAMPAIGN_ROUTED,be_occupancy re-expressed via _common_uqff_blocks + §B DVP,PAPER_060
be_de_ladder,be-occupancy,native-paper,DPM-common-block,kT ln(1+1/n),compiled,threshold ladder,PAPER_060,primitive-sourced,XGEO_CAMPAIGN_ROUTED,be_de_ladder re-expressed via _common_uqff_blocks + §B DVP,PAPER_060
dvp_prime_paper_051,vds-dvp-bsh,native-paper,DPM-common-block,§B.2,79,paper §B.2,PAPER_051,primitive-sourced,XGEO_CAMPAIGN_ROUTED,dvp_prime_paper_051 re-expressed via _common_uqff_blocks + §B DVP,PAPER_051
dvp_prime_paper_052,vds-dvp-bsh,native-paper,DPM-common-block,§B.2,83,paper §B.2,PAPER_052,primitive-sourced,XGEO_CAMPAIGN_ROUTED,dvp_prime_paper_052 re-expressed via _common_uqff_blocks + §B DVP,PAPER_052
dvp_prime_paper_053,vds-dvp-bsh,native-paper,DPM-common-block,§B.2,89,paper §B.2,PAPER_053,primitive-sourced,XGEO_CAMPAIGN_ROUTED,dvp_prime_paper_053 re-expressed via _common_uqff_blocks + §B DVP,PAPER_053
dvp_prime_paper_054,vds-dvp-bsh,native-paper,DPM-common-block,§B.2,97,paper §B.2,PAPER_054,primitive-sourced,XGEO_CAMPAIGN_ROUTED,dvp_prime_paper_054 re-expressed via _common_uqff_blocks + §B DVP,PAPER_054
dvp_prime_paper_055,vds-dvp-bsh,native-paper,DPM-common-block,§B.2,101,paper §B.2,PAPER_055,primitive-sourced,XGEO_CAMPAIGN_ROUTED,dvp_prime_paper_055 re-expressed via _common_uqff_blocks + §B DVP,PAPER_055
dvp_prime_paper_056,vds-dvp-bsh,native-paper,DPM-common-block,§B.2,103,paper §B.2,PAPER_056,primitive-sourced,XGEO_CAMPAIGN_ROUTED,dvp_prime_paper_056 re-expressed via _common_uqff_blocks + §B DVP,PAPER_056
dvp_prime_paper_057,vds-dvp-bsh,native-paper,DPM-common-block,§B.2,107,paper §B.2,PAPER_057,primitive-sourced,XGEO_CAMPAIGN_ROUTED,dvp_prime_paper_057 re-expressed via _common_uqff_blocks + §B DVP,PAPER_057
dvp_prime_paper_058,vds-dvp-bsh,native-paper,DPM-common-block,§B.2,109,paper §B.2,PAPER_058,primitive-sourced,XGEO_CAMPAIGN_ROUTED,dvp_prime_paper_058 re-expressed via _common_uqff_blocks + §B DVP,PAPER_058
dvp_prime_paper_059,vds-dvp-bsh,native-paper,DPM-common-block,§B.2,113,paper §B.2,PAPER_059,primitive-sourced,XGEO_CAMPAIGN_ROUTED,dvp_prime_paper_059 re-expressed via _common_uqff_blocks + §B DVP,PAPER_059
dvp_prime_paper_060,vds-dvp-bsh,native-paper,DPM-common-block,§B.2,2,paper §B.2,PAPER_060,primitive-sourced,XGEO_CAMPAIGN_ROUTED,dvp_prime_paper_060 re-expressed via _common_uqff_blocks + §B DVP,PAPER_060
heavy_electron_mass_ratio,widom-larsen,native-paper,DPM-common-block,1+|E|/E0,compiled,W-L heavy electron,PAPER_062,primitive-sourced,XGEO_CAMPAIGN_ROUTED,heavy_electron_mass_ratio re-expressed via _common_uqff_blocks + §B DVP,PAPER_062
lenr_resonance_term,widom-larsen,native-paper,DPM-common-block,coeff(omega_SCm/omega_0)^2,compiled,LENR resonance,PAPER_062,primitive-sourced,XGEO_CAMPAIGN_ROUTED,lenr_resonance_term re-expressed via _common_uqff_blocks + §B DVP,PAPER_062
operational_mode_superposition,operational-modes,native-paper,DPM-common-block,aC gC+aR gR+aB gB+aS gS,compiled,4-mode g,PAPER_064,primitive-sourced,XGEO_CAMPAIGN_ROUTED,operational_mode_superposition re-expressed via _common_uqff_blocks + §B DVP,PAPER_064
agn_ug4_concentration,agn-ug4,native-paper,DPM-common-block,k4 rho_SCm(M/d)exp cos(1+f_fb),compiled,AGN Ug4,PAPER_067,primitive-sourced,XGEO_CAMPAIGN_ROUTED,agn_ug4_concentration re-expressed via _common_uqff_blocks + §B DVP,PAPER_067
kepler_orbit_radius,helix-pn,native-paper,DPM-common-block,(GM/omega^2)^(1/3),compiled,destroyed-planet,PAPER_070,primitive-sourced,XGEO_CAMPAIGN_ROUTED,kepler_orbit_radius re-expressed via _common_uqff_blocks + §B DVP,PAPER_070
dvp_prime_paper_061,vds-dvp-bsh,native-paper,DPM-common-block,§B.2,3,paper §B.2,PAPER_061,primitive-sourced,XGEO_CAMPAIGN_ROUTED,dvp_prime_paper_061 re-expressed via _common_uqff_blocks + §B DVP,PAPER_061
dvp_prime_paper_062,vds-dvp-bsh,native-paper,DPM-common-block,§B.2,5,paper §B.2,PAPER_062,primitive-sourced,XGEO_CAMPAIGN_ROUTED,dvp_prime_paper_062 re-expressed via _common_uqff_blocks + §B DVP,PAPER_062
dvp_prime_paper_063,vds-dvp-bsh,native-paper,DPM-common-block,§B.2,7,paper §B.2,PAPER_063,primitive-sourced,XGEO_CAMPAIGN_ROUTED,dvp_prime_paper_063 re-expressed via _common_uqff_blocks + §B DVP,PAPER_063
dvp_prime_paper_064,vds-dvp-bsh,native-paper,DPM-common-block,§B.2,11,paper §B.2,PAPER_064,primitive-sourced,XGEO_CAMPAIGN_ROUTED,dvp_prime_paper_064 re-expressed via _common_uqff_blocks + §B DVP,PAPER_064
dvp_prime_paper_065,vds-dvp-bsh,native-paper,DPM-common-block,§B.2,13,paper §B.2,PAPER_065,primitive-sourced,XGEO_CAMPAIGN_ROUTED,dvp_prime_paper_065 re-expressed via _common_uqff_blocks + §B DVP,PAPER_065
dvp_prime_paper_066,vds-dvp-bsh,native-paper,DPM-common-block,§B.2,17,paper §B.2,PAPER_066,primitive-sourced,XGEO_CAMPAIGN_ROUTED,dvp_prime_paper_066 re-expressed via _common_uqff_blocks + §B DVP,PAPER_066
dvp_prime_paper_067,vds-dvp-bsh,native-paper,DPM-common-block,§B.2,19,paper §B.2,PAPER_067,primitive-sourced,XGEO_CAMPAIGN_ROUTED,dvp_prime_paper_067 re-expressed via _common_uqff_blocks + §B DVP,PAPER_067
dvp_prime_paper_068,vds-dvp-bsh,native-paper,DPM-common-block,§B.2,23,paper §B.2,PAPER_068,primitive-sourced,XGEO_CAMPAIGN_ROUTED,dvp_prime_paper_068 re-expressed via _common_uqff_blocks + §B DVP,PAPER_068
dvp_prime_paper_069,vds-dvp-bsh,native-paper,DPM-common-block,§B.2,29,paper §B.2,PAPER_069,primitive-sourced,XGEO_CAMPAIGN_ROUTED,dvp_prime_paper_069 re-expressed via _common_uqff_blocks + §B DVP,PAPER_069
dvp_prime_paper_070,vds-dvp-bsh,native-paper,DPM-common-block,§B.2,31,paper §B.2,PAPER_070,primitive-sourced,XGEO_CAMPAIGN_ROUTED,dvp_prime_paper_070 re-expressed via _common_uqff_blocks + §B DVP,PAPER_070
solar_surface_gravity,superflare,native-paper,DPM-common-block,G M/R^2,compiled,solar g=274,PAPER_071,primitive-sourced,XGEO_CAMPAIGN_ROUTED,solar_surface_gravity re-expressed via _common_uqff_blocks + §B DVP,PAPER_071
ug1_magnetic,superflare,native-paper,DPM-common-block,g mu0 B^2/8pi,compiled,Ug1 magnetic,PAPER_071,primitive-sourced,XGEO_CAMPAIGN_ROUTED,ug1_magnetic re-expressed via _common_uqff_blocks + §B DVP,PAPER_071
cop_reactor,red-dwarf-reactor,native-paper,DPM-common-block,(1+f_TRZ)/(1-Omega_g)+d_SCm,compiled,reactor COP,PAPER_072,primitive-sourced,XGEO_CAMPAIGN_ROUTED,cop_reactor re-expressed via _common_uqff_blocks + §B DVP,PAPER_072
ssq_correction,gaia-dr4,native-paper,DPM-common-block,1+SSq*coeff,compiled,astrometric,PAPER_073,primitive-sourced,XGEO_CAMPAIGN_ROUTED,ssq_correction re-expressed via _common_uqff_blocks + §B DVP,PAPER_073
scm_multiplier_enhancement,xray-binary,native-paper,DPM-common-block,base(1+[SCm]),compiled,SC enhancement,PAPER_075,primitive-sourced,XGEO_CAMPAIGN_ROUTED,scm_multiplier_enhancement re-expressed via _common_uqff_blocks + §B DVP,PAPER_075
dvp_prime_paper_071,vds-dvp-bsh,native-paper,DPM-common-block,§B.2,37,paper §B.2,PAPER_071,primitive-sourced,XGEO_CAMPAIGN_ROUTED,dvp_prime_paper_071 re-expressed via _common_uqff_blocks + §B DVP,PAPER_071
dvp_prime_paper_072,vds-dvp-bsh,native-paper,DPM-common-block,§B.2,41,paper §B.2,PAPER_072,primitive-sourced,XGEO_CAMPAIGN_ROUTED,dvp_prime_paper_072 re-expressed via _common_uqff_blocks + §B DVP,PAPER_072
dvp_prime_paper_073,vds-dvp-bsh,native-paper,DPM-common-block,§B.2,43,paper §B.2,PAPER_073,primitive-sourced,XGEO_CAMPAIGN_ROUTED,dvp_prime_paper_073 re-expressed via _common_uqff_blocks + §B DVP,PAPER_073
dvp_prime_paper_074,vds-dvp-bsh,native-paper,DPM-common-block,§B.2,47,paper §B.2,PAPER_074,primitive-sourced,XGEO_CAMPAIGN_ROUTED,dvp_prime_paper_074 re-expressed via _common_uqff_blocks + §B DVP,PAPER_074
dvp_prime_paper_075,vds-dvp-bsh,native-paper,DPM-common-block,§B.2,53,paper §B.2,PAPER_075,primitive-sourced,XGEO_CAMPAIGN_ROUTED,dvp_prime_paper_075 re-expressed via _common_uqff_blocks + §B DVP,PAPER_075
dvp_prime_paper_076,vds-dvp-bsh,native-paper,DPM-common-block,§B.2,59,paper §B.2,PAPER_076,primitive-sourced,XGEO_CAMPAIGN_ROUTED,dvp_prime_paper_076 re-expressed via _common_uqff_blocks + §B DVP,PAPER_076
dvp_prime_paper_077,vds-dvp-bsh,native-paper,DPM-common-block,§B.2,61,paper §B.2,PAPER_077,primitive-sourced,XGEO_CAMPAIGN_ROUTED,dvp_prime_paper_077 re-expressed via _common_uqff_blocks + §B DVP,PAPER_077
dvp_prime_paper_078,vds-dvp-bsh,native-paper,DPM-common-block,§B.2,67,paper §B.2,PAPER_078,primitive-sourced,XGEO_CAMPAIGN_ROUTED,dvp_prime_paper_078 re-expressed via _common_uqff_blocks + §B DVP,PAPER_078
dvp_prime_paper_079,vds-dvp-bsh,native-paper,DPM-common-block,§B.2,71,paper §B.2,PAPER_079,primitive-sourced,XGEO_CAMPAIGN_ROUTED,dvp_prime_paper_079 re-expressed via _common_uqff_blocks + §B DVP,PAPER_079
dvp_prime_paper_080,vds-dvp-bsh,native-paper,DPM-common-block,§B.2,73,paper §B.2,PAPER_080,primitive-sourced,XGEO_CAMPAIGN_ROUTED,dvp_prime_paper_080 re-expressed via _common_uqff_blocks + §B DVP,PAPER_080
_register,equation-library,native-paper,DPM-common-block,"Decorator: registers a paper's calculator surface into DISPATCH.""""""",compiled,deep-extraction,PAPER_011,primitive-sourced,XGEO_CAMPAIGN_ROUTED,_register re-expressed via _common_uqff_blocks + §B DVP,PAPER_011
beta_i_of,equation-library,native-paper,DPM-common-block,"PAPER_001 eq21: beta_i = 3(5-i)/20 (canonical BETA_I in registry).""""""",compiled,deep-extraction,PAPER_001,primitive-sourced,XGEO_CAMPAIGN_ROUTED,beta_i_of re-expressed via _common_uqff_blocks + §B DVP,PAPER_001
apparent_distance,equation-library,native-paper,DPM-common-block,"PAPER_003 eq: apparent luminosity distance = D_true / F_combined.""""""",compiled,deep-extraction,PAPER_003,primitive-sourced,XGEO_CAMPAIGN_ROUTED,apparent_distance re-expressed via _common_uqff_blocks + §B DVP,PAPER_003
b0_qcd,equation-library,native-paper,DPM-common-block,"Yang-Mills BCS block: b_0 = (11 Nc - 2 Nf)/(12 pi).""""""",compiled,deep-extraction,PAPER_011,primitive-sourced,XGEO_CAMPAIGN_ROUTED,b0_qcd re-expressed via _common_uqff_blocks + §B DVP,PAPER_011
alpha_s_running,equation-library,native-paper,DPM-common-block,"Yang-Mills BCS block: running coupling alpha_s(T).""""""",compiled,deep-extraction,PAPER_011,primitive-sourced,XGEO_CAMPAIGN_ROUTED,alpha_s_running re-expressed via _common_uqff_blocks + §B DVP,PAPER_011
tidal_deformability,equation-library,native-paper,DPM-common-block,PAPER_007 eq: dimensionless tidal deformability Lambda = (2/3) k2 (R/M)^5 = (2/3,compiled,deep-extraction,PAPER_007,primitive-sourced,XGEO_CAMPAIGN_ROUTED,tidal_deformability re-expressed via _common_uqff_blocks + §B DVP,PAPER_007
_common_uqff_blocks,equation-library,native-paper,DPM-common-block,Shared appendix blocks present in EVERY GW whitepaper: Session-225 phonon upgrad,compiled,deep-extraction,PAPER_011,primitive-sourced,XGEO_CAMPAIGN_ROUTED,_common_uqff_blocks re-expressed via _common_uqff_blocks + §B DVP,PAPER_011
stochastic_omega_energy_density,equation-library,native-paper,DPM-common-block,PAPER_011: Omega_GW(f) = (1/rho_c) drho_GW/dln f (SGWB energy-density spectrum).,compiled,deep-extraction,PAPER_011,primitive-sourced,XGEO_CAMPAIGN_ROUTED,stochastic_omega_energy_density re-expressed via _common_uqff_blocks + §B DVP,PAPER_011
stochastic_omega_powerlaw,equation-library,native-paper,DPM-common-block,"PAPER_011: Omega_GW(f) = Omega_ref (f/f_ref)^alpha (power-law SGWB template).""""""",compiled,deep-extraction,PAPER_011,primitive-sourced,XGEO_CAMPAIGN_ROUTED,stochastic_omega_powerlaw re-expressed via _common_uqff_blocks + §B DVP,PAPER_011
stochastic_omega_mixed_population,equation-library,native-paper,DPM-common-block,"PAPER_011: mixed-population SGWB Omega_UQFF = sum_i f_i D_i^2 Omega_i,GR.""""""",compiled,deep-extraction,PAPER_011,primitive-sourced,XGEO_CAMPAIGN_ROUTED,stochastic_omega_mixed_population re-expressed via _common_uqff_blocks + §B DVP,PAPER_011
gw_cross_correlation_estimator,equation-library,native-paper,DPM-common-block,PAPER_011: cross-correlation <Y(f)> = gamma(f) D^2(f) Omega_GW(f) (overlap reduc,compiled,deep-extraction,PAPER_011,primitive-sourced,XGEO_CAMPAIGN_ROUTED,gw_cross_correlation_estimator re-expressed via _common_uqff_blocks + §B DVP,PAPER_011
gw_network_snr,equation-library,native-paper,DPM-common-block,PAPER_011: network SNR = (SNR_HL^2 + SNR_HV^2 + SNR_LV^2)^(1/2) (quadrature sum),compiled,deep-extraction,PAPER_011,primitive-sourced,XGEO_CAMPAIGN_ROUTED,gw_network_snr re-expressed via _common_uqff_blocks + §B DVP,PAPER_011
omega_relative_error,equation-library,native-paper,DPM-common-block,"PAPER_011: SGWB amplitude error propagation dOmega/Omega = 2 dh/h.""""""",compiled,deep-extraction,PAPER_011,primitive-sourced,XGEO_CAMPAIGN_ROUTED,omega_relative_error re-expressed via _common_uqff_blocks + §B DVP,PAPER_011
peters_eccentricity_evolution,equation-library,native-paper,DPM-common-block,"PAPER_012: modified Peters de/dt|UQFF = D_total^2 * de/dt|GR.""""""",compiled,deep-extraction,PAPER_012,primitive-sourced,XGEO_CAMPAIGN_ROUTED,peters_eccentricity_evolution re-expressed via _common_uqff_blocks + §B DVP,PAPER_012
residual_eccentricity,equation-library,native-paper,DPM-common-block,PAPER_012: LIGO-band residual eccentricity e_f grows with 1/D^2 inspiral extensi,compiled,deep-extraction,PAPER_012,primitive-sourced,XGEO_CAMPAIGN_ROUTED,residual_eccentricity re-expressed via _common_uqff_blocks + §B DVP,PAPER_012
eccentric_harmonic_amplitude,equation-library,native-paper,DPM-common-block,PAPER_012: eccentric-binary 2f/3f/4f harmonic relative amplitude ~ e^(harmonic-1,compiled,deep-extraction,PAPER_012,primitive-sourced,XGEO_CAMPAIGN_ROUTED,eccentric_harmonic_amplitude re-expressed via _common_uqff_blocks + §B DVP,PAPER_012
magnetar_spindown_age,equation-library,native-paper,DPM-common-block,"PAPER_013: characteristic spin-down age tau = P/((n-1) Pdot).""""""",compiled,deep-extraction,PAPER_013,primitive-sourced,XGEO_CAMPAIGN_ROUTED,magnetar_spindown_age re-expressed via _common_uqff_blocks + §B DVP,PAPER_013
pbh_mass_function_modifier,equation-library,native-paper,DPM-common-block,"PAPER_014: F(M) = exp[-(M/M_Q)^gamma] (1 + A_damp sin(phase)).""""""",compiled,deep-extraction,PAPER_014,primitive-sourced,XGEO_CAMPAIGN_ROUTED,pbh_mass_function_modifier re-expressed via _common_uqff_blocks + §B DVP,PAPER_014
pbh_collapse_fraction,equation-library,native-paper,DPM-common-block,"PAPER_014: PBH collapse fraction beta = erfc(delta_c/(sqrt(2) sigma))/2 approx.""",compiled,deep-extraction,PAPER_014,primitive-sourced,XGEO_CAMPAIGN_ROUTED,pbh_collapse_fraction re-expressed via _common_uqff_blocks + §B DVP,PAPER_014
gw_luminosity_distance_bias,equation-library,native-paper,DPM-common-block,"PAPER_015: standard-siren distance bias d_L,obs = d_L,true exp[Gamma_damp].""""""",compiled,deep-extraction,PAPER_015,primitive-sourced,XGEO_CAMPAIGN_ROUTED,gw_luminosity_distance_bias re-expressed via _common_uqff_blocks + §B DVP,PAPER_015
gw_dark_energy_eos,equation-library,native-paper,DPM-common-block,"PAPER_015: UQFF effective dark-energy Omega(z) = xi_Q (1+z)^(3(1+w)).""""""",compiled,deep-extraction,PAPER_015,primitive-sourced,XGEO_CAMPAIGN_ROUTED,gw_dark_energy_eos re-expressed via _common_uqff_blocks + §B DVP,PAPER_015
decoherence_length,equation-library,native-paper,DPM-common-block,"PAPER_016: entanglement decoherence length L_dec = c/(gamma0 (E/E_q)^alpha).""""""",compiled,deep-extraction,PAPER_016,primitive-sourced,XGEO_CAMPAIGN_ROUTED,decoherence_length re-expressed via _common_uqff_blocks + §B DVP,PAPER_016
entanglement_energy_scaling,equation-library,native-paper,DPM-common-block,"PAPER_016: energy-scaling exponent delta = D_BSFG/D_PHYS = 1.5 EXACT.""""""",compiled,deep-extraction,PAPER_016,primitive-sourced,XGEO_CAMPAIGN_ROUTED,entanglement_energy_scaling re-expressed via _common_uqff_blocks + §B DVP,PAPER_016
teleport_fidelity,equation-library,native-paper,DPM-common-block,"PAPER_016: quantum-teleportation fidelity F = 1 - eps_damp at separation.""""""",compiled,deep-extraction,PAPER_016,primitive-sourced,XGEO_CAMPAIGN_ROUTED,teleport_fidelity re-expressed via _common_uqff_blocks + §B DVP,PAPER_016
snr_ratio_redshift,equation-library,native-paper,DPM-common-block,"PAPER_017: SNR(UQFF)/SNR(GR) = F_combined (amplitude-linear).""""""",compiled,deep-extraction,PAPER_017,primitive-sourced,XGEO_CAMPAIGN_ROUTED,snr_ratio_redshift re-expressed via _common_uqff_blocks + §B DVP,PAPER_017
strain_reduction_pct,equation-library,native-paper,DPM-common-block,"PAPER_017: strain reduction (%) = (1 - F_combined)*100.""""""",compiled,deep-extraction,PAPER_017,primitive-sourced,XGEO_CAMPAIGN_ROUTED,strain_reduction_pct re-expressed via _common_uqff_blocks + §B DVP,PAPER_017
aether_comb_envelope,equation-library,native-paper,DPM-common-block,"PAPER_018: aether harmonic comb envelope exp(-n/2) at n*f_U.""""""",compiled,deep-extraction,PAPER_018,primitive-sourced,XGEO_CAMPAIGN_ROUTED,aether_comb_envelope re-expressed via _common_uqff_blocks + §B DVP,PAPER_018
sgwb_inspiral_slope,equation-library,native-paper,DPM-common-block,"PAPER_018: SGWB inspiral-dominated slope S_GR ~ f^(2/3).""""""",compiled,deep-extraction,PAPER_018,primitive-sourced,XGEO_CAMPAIGN_ROUTED,sgwb_inspiral_slope re-expressed via _common_uqff_blocks + §B DVP,PAPER_018
pta_amplitude,equation-library,native-paper,DPM-common-block,PAPER_019: PTA characteristic strain A_UQFF = D_total * A_GR (resonance-amplifie,compiled,deep-extraction,PAPER_019,primitive-sourced,XGEO_CAMPAIGN_ROUTED,pta_amplitude re-expressed via _common_uqff_blocks + §B DVP,PAPER_019
pta_spectral_index,equation-library,native-paper,DPM-common-block,"PAPER_019: PTA effective spectral index alpha_eff = alpha_GR + TRZ tilt.""""""",compiled,deep-extraction,PAPER_019,primitive-sourced,XGEO_CAMPAIGN_ROUTED,pta_spectral_index re-expressed via _common_uqff_blocks + §B DVP,PAPER_019
gzk_cutoff_shift,equation-library,native-paper,DPM-common-block,"PAPER_020: UQFF GZK cutoff sharpened by TRZ scattering.""""""",compiled,deep-extraction,PAPER_020,primitive-sourced,XGEO_CAMPAIGN_ROUTED,gzk_cutoff_shift re-expressed via _common_uqff_blocks + §B DVP,PAPER_020
sigma8_suppression,equation-library,native-paper,DPM-common-block,"PAPER_021: sigma_8,UQFF = sigma_8,Planck (1 - f_vac) (tension resolution).""""""",compiled,deep-extraction,PAPER_021,primitive-sourced,XGEO_CAMPAIGN_ROUTED,sigma8_suppression re-expressed via _common_uqff_blocks + §B DVP,PAPER_021
lensing_shear_suppression,equation-library,native-paper,DPM-common-block,"PAPER_021: cosmic-shear xi suppression = (1 - f_vac)^2.""""""",compiled,deep-extraction,PAPER_021,primitive-sourced,XGEO_CAMPAIGN_ROUTED,lensing_shear_suppression re-expressed via _common_uqff_blocks + §B DVP,PAPER_021
string_polarization_ladder,equation-library,native-paper,DPM-common-block,PAPER_022: GW polarization ladder = SSq^order (breathing^2/longitudinal^3/vector,compiled,deep-extraction,PAPER_022,primitive-sourced,XGEO_CAMPAIGN_ROUTED,string_polarization_ladder re-expressed via _common_uqff_blocks + §B DVP,PAPER_022
g2_ratio_tau_mu,equation-library,native-paper,DPM-common-block,"PAPER_023: Delta_a_tau/Delta_a_mu = (m_tau/m_mu)^2 = 282.8.""""""",compiled,deep-extraction,PAPER_023,primitive-sourced,XGEO_CAMPAIGN_ROUTED,g2_ratio_tau_mu re-expressed via _common_uqff_blocks + §B DVP,PAPER_023
dm_de_broglie_wavelength,equation-library,native-paper,DPM-common-block,"PAPER_025: fuzzy-DM de Broglie wavelength lambda_dB = hbar/(m v).""""""",compiled,deep-extraction,PAPER_025,primitive-sourced,XGEO_CAMPAIGN_ROUTED,dm_de_broglie_wavelength re-expressed via _common_uqff_blocks + §B DVP,PAPER_025
dm_self_interaction,equation-library,native-paper,DPM-common-block,"PAPER_025: DM self-interaction sigma/M = SSq cm^2/g (primitive-direct).""""""",compiled,deep-extraction,PAPER_025,primitive-sourced,XGEO_CAMPAIGN_ROUTED,dm_self_interaction re-expressed via _common_uqff_blocks + §B DVP,PAPER_025
yukawa_ladder,equation-library,native-paper,DPM-common-block,"PAPER_026: sterile Yukawa ladder y_a = SSq^(4-a) (0.185/0.325/0.570).""""""",compiled,deep-extraction,PAPER_026,primitive-sourced,XGEO_CAMPAIGN_ROUTED,yukawa_ladder re-expressed via _common_uqff_blocks + §B DVP,PAPER_026
ckm_unitarity_deficit,equation-library,native-paper,DPM-common-block,"PAPER_028/031: CKM row-2 unitarity deficit = 2 [SCm]_flavor K_CKM.""""""",compiled,deep-extraction,PAPER_028,primitive-sourced,XGEO_CAMPAIGN_ROUTED,ckm_unitarity_deficit re-expressed via _common_uqff_blocks + §B DVP,PAPER_028
cosmic_dark_energy_fraction,equation-library,native-paper,DPM-common-block,"PAPER_029: dark-energy fraction f_Lambda = 1 - SSq^4 - Omega_DM residual.""""""",compiled,deep-extraction,PAPER_029,primitive-sourced,XGEO_CAMPAIGN_ROUTED,cosmic_dark_energy_fraction re-expressed via _common_uqff_blocks + §B DVP,PAPER_029
dark_mediator_survivor,equation-library,native-paper,DPM-common-block,"PAPER_030: dark-mediator survivor fraction = 1 - cos^2(pi t_n).""""""",compiled,deep-extraction,PAPER_030,primitive-sourced,XGEO_CAMPAIGN_ROUTED,dark_mediator_survivor re-expressed via _common_uqff_blocks + §B DVP,PAPER_030
vlq_sin2_alpha,equation-library,native-paper,DPM-common-block,"PAPER_032: 2HDM mixing sin^2(alpha) = k_eta (Ug2 scalar mapping).""""""",compiled,deep-extraction,PAPER_032,primitive-sourced,XGEO_CAMPAIGN_ROUTED,vlq_sin2_alpha re-expressed via _common_uqff_blocks + §B DVP,PAPER_032
composite_scale,equation-library,native-paper,DPM-common-block,"PAPER_032: composite Higgs scale f = v/sqrt(xi).""""""",compiled,deep-extraction,PAPER_032,primitive-sourced,XGEO_CAMPAIGN_ROUTED,composite_scale re-expressed via _common_uqff_blocks + §B DVP,PAPER_032
oblique_rho_param,equation-library,native-paper,DPM-common-block,"PAPER_033: oblique delta_rho = E_react (within LEP 1-sigma).""""""",compiled,deep-extraction,PAPER_033,primitive-sourced,XGEO_CAMPAIGN_ROUTED,oblique_rho_param re-expressed via _common_uqff_blocks + §B DVP,PAPER_033
kappa_t_bracket,equation-library,native-paper,DPM-common-block,"PAPER_034: kappa_t central = geomean[1 - SSq k_eta, 1 - kappa_18 k_eta].""""""",compiled,deep-extraction,PAPER_034,primitive-sourced,XGEO_CAMPAIGN_ROUTED,kappa_t_bracket re-expressed via _common_uqff_blocks + §B DVP,PAPER_034
higgs_cp_oneloop,equation-library,native-paper,DPM-common-block,"PAPER_035: one-loop CP coupling g_CP = (alpha/4pi) D_TRZ t_n^2.""""""",compiled,deep-extraction,PAPER_035,primitive-sourced,XGEO_CAMPAIGN_ROUTED,higgs_cp_oneloop re-expressed via _common_uqff_blocks + §B DVP,PAPER_035
volume_level,equation-library,native-paper,DPM-common-block,"PAPER_043: 26-level volume V_n = 10^(n-12)/n^2 m^3 (level 10 -> 4.6 cm cube).""""""",compiled,deep-extraction,PAPER_043,primitive-sourced,XGEO_CAMPAIGN_ROUTED,volume_level re-expressed via _common_uqff_blocks + §B DVP,PAPER_043
dpm_quantum_numbers,equation-library,native-paper,DPM-common-block,"PAPER_044: 26-center DPM quantum numbers h_i=(i-1)%7, k_i=(i-1)//7, l_i=i.""""""",compiled,deep-extraction,PAPER_044,primitive-sourced,XGEO_CAMPAIGN_ROUTED,dpm_quantum_numbers re-expressed via _common_uqff_blocks + §B DVP,PAPER_044
dpm_center_energy,equation-library,native-paper,DPM-common-block,"PAPER_044: center energy E_i = rho_L1 * i^2 * (4pi/3) r_i^3.""""""",compiled,deep-extraction,PAPER_044,primitive-sourced,XGEO_CAMPAIGN_ROUTED,dpm_center_energy re-expressed via _common_uqff_blocks + §B DVP,PAPER_044
yinyang_coupling,equation-library,native-paper,DPM-common-block,"PAPER_046: nuclear-core triad coupling g(A) = 1000 (A/56)^(1/3).""""""",compiled,deep-extraction,PAPER_046,primitive-sourced,XGEO_CAMPAIGN_ROUTED,yinyang_coupling re-expressed via _common_uqff_blocks + §B DVP,PAPER_046
semf_binding_observed,equation-library,native-paper,DPM-common-block,"PAPER_047: OBSERVED-anchor SEMF liquid-drop BE (SM comparison target, NOT UQFF-d",compiled,deep-extraction,PAPER_047,primitive-sourced,XGEO_CAMPAIGN_ROUTED,semf_binding_observed re-expressed via _common_uqff_blocks + §B DVP,PAPER_047
vacuum_sum_n2,equation-library,native-paper,DPM-common-block,"PAPER_049: level-20..26 vacuum weighting Sum(n^2) = 3731 EXACT.""""""",compiled,deep-extraction,PAPER_049,primitive-sourced,XGEO_CAMPAIGN_ROUTED,vacuum_sum_n2 re-expressed via _common_uqff_blocks + §B DVP,PAPER_049
compactification_partition,equation-library,native-paper,DPM-common-block,"PAPER_050: 26 = 9 (compact) + 4 (spacetime L10-13) + 13 (macro) partition.""""""",compiled,deep-extraction,PAPER_050,primitive-sourced,XGEO_CAMPAIGN_ROUTED,compactification_partition re-expressed via _common_uqff_blocks + §B DVP,PAPER_050
page_curve_unitarity,equation-library,native-paper,DPM-common-block,"PAPER_052: Page-curve max unitarity deviation with 1/26 information channels.""""""",compiled,deep-extraction,PAPER_052,primitive-sourced,XGEO_CAMPAIGN_ROUTED,page_curve_unitarity re-expressed via _common_uqff_blocks + §B DVP,PAPER_052
tidal_tail_length,equation-library,native-paper,DPM-common-block,"PAPER_054: tidal-tail length = bare * (1 + Ug3 boost) (string-rotation torque).""",compiled,deep-extraction,PAPER_054,primitive-sourced,XGEO_CAMPAIGN_ROUTED,tidal_tail_length re-expressed via _common_uqff_blocks + §B DVP,PAPER_054
suite_g_grav_ratio,equation-library,native-paper,DPM-common-block,"PAPER_055/058: astrophysical suite g_grav ratio (per-system exponent pinning).""""",compiled,deep-extraction,PAPER_055,primitive-sourced,XGEO_CAMPAIGN_ROUTED,suite_g_grav_ratio re-expressed via _common_uqff_blocks + §B DVP,PAPER_055
alpha_fragment_velocity,equation-library,native-paper,DPM-common-block,"PAPER_059: alpha fragment velocity v = v0 (1 - 0.5 centrality).""""""",compiled,deep-extraction,PAPER_059,primitive-sourced,XGEO_CAMPAIGN_ROUTED,alpha_fragment_velocity re-expressed via _common_uqff_blocks + §B DVP,PAPER_059
bec_order_parameter,equation-library,native-paper,DPM-common-block,"PAPER_061: BEC order parameter Phi_BEC = SSq = 0.57 (scale-invariant).""""""",compiled,deep-extraction,PAPER_061,primitive-sourced,XGEO_CAMPAIGN_ROUTED,bec_order_parameter re-expressed via _common_uqff_blocks + §B DVP,PAPER_061
bec_tc_shift,equation-library,native-paper,DPM-common-block,"PAPER_061: microscopic BEC T_c shift = rho_SCm V/(N k_B).""""""",compiled,deep-extraction,PAPER_061,primitive-sourced,XGEO_CAMPAIGN_ROUTED,bec_tc_shift re-expressed via _common_uqff_blocks + §B DVP,PAPER_061
ensemble_master_integral,equation-library,native-paper,DPM-common-block,"PAPER_063: F_U_Bi_i master integral M (Ug_i - Ub_i + Ui_i) ensemble form.""""""",compiled,deep-extraction,PAPER_063,primitive-sourced,XGEO_CAMPAIGN_ROUTED,ensemble_master_integral re-expressed via _common_uqff_blocks + §B DVP,PAPER_063
globular_virial_sigma,equation-library,native-paper,DPM-common-block,"PAPER_068/074: UQFF virial dispersion sigma = sqrt(GM/r) sqrt(1-beta_iso).""""""",compiled,deep-extraction,PAPER_068,primitive-sourced,XGEO_CAMPAIGN_ROUTED,globular_virial_sigma re-expressed via _common_uqff_blocks + §B DVP,PAPER_068
magnetar_spindown_field,equation-library,native-paper,DPM-common-block,"PAPER_079: magnetar surface field B = 3.2e19 sqrt(P Pdot) (spin-down).""""""",compiled,deep-extraction,PAPER_079,primitive-sourced,XGEO_CAMPAIGN_ROUTED,magnetar_spindown_field re-expressed via _common_uqff_blocks + §B DVP,PAPER_079
fubii_terminal_velocity,equation-library,native-paper,DPM-common-block,"PAPER_037 variant termv: jet terminal-velocity buoyancy.""""""",compiled,deep-extraction,PAPER_037,primitive-sourced,XGEO_CAMPAIGN_ROUTED,fubii_terminal_velocity re-expressed via _common_uqff_blocks + §B DVP,PAPER_037
fubii_kilonova,equation-library,native-paper,DPM-common-block,PAPER_037 variant kn: AT2017gfo F_UBii = F_rel (L t/E_LEP) Q (M_ej/M_sun)^(1/3).,compiled,deep-extraction,PAPER_037,primitive-sourced,XGEO_CAMPAIGN_ROUTED,fubii_kilonova re-expressed via _common_uqff_blocks + §B DVP,PAPER_037
fubii_fermi,equation-library,native-paper,DPM-common-block,"PAPER_038 variant fermi: Cen A per-proton buoyancy (E_p ~ 10 GeV).""""""",compiled,deep-extraction,PAPER_038,primitive-sourced,XGEO_CAMPAIGN_ROUTED,fubii_fermi re-expressed via _common_uqff_blocks + §B DVP,PAPER_038
fubii_knee_stationary,equation-library,native-paper,DPM-common-block,"PAPER_038 variant kne: CR knee at 3e15 eV as F_UBii stationary point dF/dlnE=0.""",compiled,deep-extraction,PAPER_038,primitive-sourced,XGEO_CAMPAIGN_ROUTED,fubii_knee_stationary re-expressed via _common_uqff_blocks + §B DVP,PAPER_038
fubii_hawking,equation-library,native-paper,DPM-common-block,"PAPER_039 variant hawk: BH-scale buoyancy (5 Msun at 30 km = -2.452 N).""""""",compiled,deep-extraction,PAPER_039,primitive-sourced,XGEO_CAMPAIGN_ROUTED,fubii_hawking re-expressed via _common_uqff_blocks + §B DVP,PAPER_039
icm_thermostat,equation-library,native-paper,DPM-common-block,"PAPER_041: UQFF THERMOSTAT EQ P V (rho/rho_lobe)(v/c) = 3 sigma_X^3 r_h/G.""""""",compiled,deep-extraction,PAPER_041,primitive-sourced,XGEO_CAMPAIGN_ROUTED,icm_thermostat re-expressed via _common_uqff_blocks + §B DVP,PAPER_041
icm_entropy_floor,equation-library,native-paper,DPM-common-block,"PAPER_041: entropy floor S_min = P V l_P^2/(k_B A_surf).""""""",compiled,deep-extraction,PAPER_041,primitive-sourced,XGEO_CAMPAIGN_ROUTED,icm_entropy_floor re-expressed via _common_uqff_blocks + §B DVP,PAPER_041
sfe_runaway,equation-library,native-paper,DPM-common-block,PAPER_041: SFE runaway epsilon^1.5 -> 31.6x suppression per 10x efficiency drop.,compiled,deep-extraction,PAPER_041,primitive-sourced,XGEO_CAMPAIGN_ROUTED,sfe_runaway re-expressed via _common_uqff_blocks + §B DVP,PAPER_041
layered_gravity_span,equation-library,native-paper,DPM-common-block,PAPER_042: 26-layer gravity spans 61 orders Planck->Hubble (2 D_crit + N_ch = 61,compiled,deep-extraction,PAPER_042,primitive-sourced,XGEO_CAMPAIGN_ROUTED,layered_gravity_span re-expressed via _common_uqff_blocks + §B DVP,PAPER_042
fermi_null_modulation,equation-library,native-paper,DPM-common-block,PAPER_076: Resonant 1e-5 modulation below single-pulse 4FGL sensitivity (null pr,compiled,deep-extraction,PAPER_076,primitive-sourced,XGEO_CAMPAIGN_ROUTED,fermi_null_modulation re-expressed via _common_uqff_blocks + §B DVP,PAPER_076
ringdown_correction,equation-library,native-paper,DPM-common-block,"PAPER_077: ringdown UQFF correction +1e-5 (r^2/GM) (tiny by construction).""""""",compiled,deep-extraction,PAPER_077,primitive-sourced,XGEO_CAMPAIGN_ROUTED,ringdown_correction re-expressed via _common_uqff_blocks + §B DVP,PAPER_077
hubble_ua_correction,equation-library,native-paper,DPM-common-block,PAPER_078: honest-null Hubble correction dH0 = H0 [UA] 0.5 z (too small for tens,compiled,deep-extraction,PAPER_078,primitive-sourced,XGEO_CAMPAIGN_ROUTED,hubble_ua_correction re-expressed via _common_uqff_blocks + §B DVP,PAPER_078
suite_completeness,equation-library,native-paper,DPM-common-block,"PAPER_065/080: validation-suite completeness = agreements/total.""""""",compiled,deep-extraction,PAPER_065,primitive-sourced,XGEO_CAMPAIGN_ROUTED,suite_completeness re-expressed via _common_uqff_blocks + §B DVP,PAPER_065
phonon_modulation_Phi,equation-library,native-paper,DPM-common-block,,compiled,deep-extraction,PAPER_001,primitive-sourced,XGEO_CAMPAIGN_ROUTED,phonon_modulation_Phi re-expressed via _common_uqff_blocks + §B DVP,PAPER_001
L_Edd_classical,equation-library,native-paper,DPM-common-block,,compiled,deep-extraction,PAPER_001,primitive-sourced,XGEO_CAMPAIGN_ROUTED,L_Edd_classical re-expressed via _common_uqff_blocks + §B DVP,PAPER_001
F_buoy,equation-library,native-paper,DPM-common-block,,compiled,deep-extraction,PAPER_001,primitive-sourced,XGEO_CAMPAIGN_ROUTED,F_buoy re-expressed via _common_uqff_blocks + §B DVP,PAPER_001
U_b_seed,equation-library,native-paper,DPM-common-block,,compiled,deep-extraction,PAPER_877,primitive-sourced,XGEO_CAMPAIGN_ROUTED,U_b_seed re-expressed via _common_uqff_blocks + §B DVP,PAPER_877
oblique_S_param,equation-library,native-paper,DPM-common-block,,compiled,deep-extraction,PAPER_033,primitive-sourced,XGEO_CAMPAIGN_ROUTED,oblique_S_param re-expressed via _common_uqff_blocks + §B DVP,PAPER_033
delta_mW_shift,equation-library,native-paper,DPM-common-block,,compiled,deep-extraction,PAPER_033,primitive-sourced,XGEO_CAMPAIGN_ROUTED,delta_mW_shift re-expressed via _common_uqff_blocks + §B DVP,PAPER_033
globular_delta_G,equation-library,native-paper,DPM-common-block,,compiled,deep-extraction,PAPER_068,primitive-sourced,XGEO_CAMPAIGN_ROUTED,globular_delta_G re-expressed via _common_uqff_blocks + §B DVP,PAPER_068
hellings_downs_curve,equation-library,native-paper,DPM-common-block,,compiled,deep-extraction,PAPER_019,primitive-sourced,XGEO_CAMPAIGN_ROUTED,hellings_downs_curve re-expressed via _common_uqff_blocks + §B DVP,PAPER_019
characteristic_strain_powerlaw,equation-library,native-paper,DPM-common-block,,compiled,deep-extraction,PAPER_019,primitive-sourced,XGEO_CAMPAIGN_ROUTED,characteristic_strain_powerlaw re-expressed via _common_uqff_blocks + §B DVP,PAPER_019
D_aether_freq,equation-library,native-paper,DPM-common-block,,compiled,deep-extraction,PAPER_019,primitive-sourced,XGEO_CAMPAIGN_ROUTED,D_aether_freq re-expressed via _common_uqff_blocks + §B DVP,PAPER_019
D_scm_gaussian,equation-library,native-paper,DPM-common-block,,compiled,deep-extraction,PAPER_019,primitive-sourced,XGEO_CAMPAIGN_ROUTED,D_scm_gaussian re-expressed via _common_uqff_blocks + §B DVP,PAPER_019
D_string_freq,equation-library,native-paper,DPM-common-block,,compiled,deep-extraction,PAPER_019,primitive-sourced,XGEO_CAMPAIGN_ROUTED,D_string_freq re-expressed via _common_uqff_blocks + §B DVP,PAPER_019
D_trz_freq,equation-library,native-paper,DPM-common-block,,compiled,deep-extraction,PAPER_019,primitive-sourced,XGEO_CAMPAIGN_ROUTED,D_trz_freq re-expressed via _common_uqff_blocks + §B DVP,PAPER_019
omega_gw_from_strain,equation-library,native-paper,DPM-common-block,,compiled,deep-extraction,PAPER_019,primitive-sourced,XGEO_CAMPAIGN_ROUTED,omega_gw_from_strain re-expressed via _common_uqff_blocks + §B DVP,PAPER_019
chirp_mass_modification,equation-library,native-paper,DPM-common-block,,compiled,deep-extraction,PAPER_019,primitive-sourced,XGEO_CAMPAIGN_ROUTED,chirp_mass_modification re-expressed via _common_uqff_blocks + §B DVP,PAPER_019
gw_angular_power_spectrum,equation-library,native-paper,DPM-common-block,,compiled,deep-extraction,PAPER_019,primitive-sourced,XGEO_CAMPAIGN_ROUTED,gw_angular_power_spectrum re-expressed via _common_uqff_blocks + §B DVP,PAPER_019
binary_number_density,equation-library,native-paper,DPM-common-block,,compiled,deep-extraction,PAPER_019,primitive-sourced,XGEO_CAMPAIGN_ROUTED,binary_number_density re-expressed via _common_uqff_blocks + §B DVP,PAPER_019
gw_inspiral_strain_pta,equation-library,native-paper,DPM-common-block,,compiled,deep-extraction,PAPER_019,primitive-sourced,XGEO_CAMPAIGN_ROUTED,gw_inspiral_strain_pta re-expressed via _common_uqff_blocks + §B DVP,PAPER_019
cosmic_baryonic_density,equation-library,native-paper,DPM-common-block,,compiled,deep-extraction,PAPER_029,primitive-sourced,XGEO_CAMPAIGN_ROUTED,cosmic_baryonic_density re-expressed via _common_uqff_blocks + §B DVP,PAPER_029
cosmic_fsm_corrected,equation-library,native-paper,DPM-common-block,,compiled,deep-extraction,PAPER_029,primitive-sourced,XGEO_CAMPAIGN_ROUTED,cosmic_fsm_corrected re-expressed via _common_uqff_blocks + §B DVP,PAPER_029
cosmic_fdm,equation-library,native-paper,DPM-common-block,,compiled,deep-extraction,PAPER_029,primitive-sourced,XGEO_CAMPAIGN_ROUTED,cosmic_fdm re-expressed via _common_uqff_blocks + §B DVP,PAPER_029
cosmic_flambda,equation-library,native-paper,DPM-common-block,,compiled,deep-extraction,PAPER_029,primitive-sourced,XGEO_CAMPAIGN_ROUTED,cosmic_flambda re-expressed via _common_uqff_blocks + §B DVP,PAPER_029
kk_mass_planck,equation-library,native-paper,DPM-common-block,,compiled,deep-extraction,PAPER_029,primitive-sourced,XGEO_CAMPAIGN_ROUTED,kk_mass_planck re-expressed via _common_uqff_blocks + §B DVP,PAPER_029
cross_section_enhancement,equation-library,native-paper,DPM-common-block,,compiled,deep-extraction,PAPER_029,primitive-sourced,XGEO_CAMPAIGN_ROUTED,cross_section_enhancement re-expressed via _common_uqff_blocks + §B DVP,PAPER_029
bsm_energy_threshold,equation-library,native-paper,DPM-common-block,,compiled,deep-extraction,PAPER_029,primitive-sourced,XGEO_CAMPAIGN_ROUTED,bsm_energy_threshold re-expressed via _common_uqff_blocks + §B DVP,PAPER_029
bsm_fraction,equation-library,native-paper,DPM-common-block,,compiled,deep-extraction,PAPER_029,primitive-sourced,XGEO_CAMPAIGN_ROUTED,bsm_fraction re-expressed via _common_uqff_blocks + §B DVP,PAPER_029
relic_dilution,equation-library,native-paper,DPM-common-block,,compiled,deep-extraction,PAPER_026,primitive-sourced,XGEO_CAMPAIGN_ROUTED,relic_dilution re-expressed via _common_uqff_blocks + §B DVP,PAPER_026
relic_abundance,equation-library,native-paper,DPM-common-block,,compiled,deep-extraction,PAPER_026,primitive-sourced,XGEO_CAMPAIGN_ROUTED,relic_abundance re-expressed via _common_uqff_blocks + §B DVP,PAPER_026
seesaw_mass,equation-library,native-paper,DPM-common-block,,compiled,deep-extraction,PAPER_026,primitive-sourced,XGEO_CAMPAIGN_ROUTED,seesaw_mass re-expressed via _common_uqff_blocks + §B DVP,PAPER_026
