category,count,detail
PAPER_001_linked_whitepapers,54,GW170817 damping links: 002/003/006/017 + S225 imports 1000-1081 + closure 1159-1175/1318 + refs 420/421/642/840/877
PAPER_002_linked_whitepapers,37,GW190425 mass-gap links: S225 GW/AGN/YM + Production Framework + Cosmogenesis 877 + closure chain
PAPER_003_linked_whitepapers,32,GW150914 BBH links: S225 GW/9-sector + Production Framework + Cosmogenesis 877 + VDS/DVP/BSH
PAPER_004_linked_whitepapers,35,GW170817 chirp phase: S225 GW/9-sector/ICM + Production Framework + Cosmogenesis + VDS/DVP/BSH
PAPER_005_linked_whitepapers,35,BBH energy retention: S225 + Production Framework + Cosmogenesis + VDS/DVP/BSH
PAPER_006_linked_whitepapers,43,Multi-messenger GW170817: S225 + Production Framework + Cosmogenesis + VDS/DVP/BSH
GW-tidal,1,PAPER_007 tidal deformability + SCm suppression
GW-waveform,1,PAPER_008 phase evolution + template mismatch
GW-inspiral,1,PAPER_008b full 100s inspiral waveform
GW-damping,2,PAPER_009 4-mechanism damping decomposition
GW-postmerger,1,PAPER_010 post-merger QNM + remnant mass
kozima-lenr,5,"K.1-K.6 neutron drop->SCm cross-section->polylog coupling (PAPER_001 appendix, all GW papers)"
cosmogenesis,3,L_cosmo + V_phi_NS + Euler-Lagrange EOM (PAPER_877 linkage)
ramanujan,3,"W_26 + R_n^(26,3) + Li_26 polylog (26D summation)"
vds-dvp-bsh,2,DVP primes + BSH saturation (VDS profile drift-corrected)
icm-buoyancy,3,beta-model density + hydrostatic bias + cooling flow
stochastic-bg,1,PAPER_011 SGWB Omega D^2
eccentric-binary,1,PAPER_012 Peters circularization
magnetar-spindown,2,PAPER_013 Edot D_SCm^2 + braking index
primordial-bh,3,PAPER_014 modified Friedmann + mass fn
gw-cosmology,2,PAPER_015 propagation damping + H0 bias
lisa-smbh,1,PAPER_013b f_ISCO
time-domain-chirp,1,PAPER_010b D_eff beat
entanglement,2,PAPER_016 CHSH + range extension
redshift-gw,2,PAPER_017 F_combined 0.622 origin + phase lag
aether-noise,1,PAPER_018 LISA aether noise comb
pta,1,PAPER_019 TRZ resonance inversion
cosmic-ray,2,PAPER_020 UHECR aether drag + Z^1/3
lensing,1,PAPER_021 sigma8 rho_TRZ
string-compactification,2,PAPER_022 D_String origin + KK scale
tau-g2,2,PAPER_023 KK + string loops
tau-edm,2,PAPER_024 CP phases
dark-matter,2,PAPER_025 ACP/ACP2 DM
sterile-neutrino,1,PAPER_026 sterile spectrum
lfv,1,PAPER_027 temporal reversal
bsm-couplings,1,PAPER_028 CKM vacuum density
tev-newphysics,1,PAPER_029 cosmic budget
dark-mediators,1,PAPER_030 mediator suppression
flavor-anomaly,1,PAPER_031 R(D)/R(D*)
bsm-scalar,1,PAPER_032 VLQ 2HDM
ew-precision,1,PAPER_033 oblique STU
higgs-kappa-t,1,PAPER_034 kappa_t
higgs-cp,1,PAPER_035 A_CP
fubii-buoyancy,5,PAPER_036-040 F_UBii 17-variant family + clusters
26layer-gravity,1,PAPER_042 26-layer MC gravity
energy-hierarchy,2,PAPER_043/049 26-level polynomial
dpm-manifold,1,PAPER_044 26-center pre-BB
phase-transitions,2,PAPER_045 matter-state quartet
yinyang-cosmology,1,PAPER_046 Yin-Yang + nuclear coupling
nuclear-be,1,PAPER_047 SEMF
ug4-bh-pressure,1,PAPER_048 Ug4 BH
vacuum-energy,1,PAPER_049 3-component vacuum
compactification,1,PAPER_050 26D->3+1
icm-thermo,1,PAPER_041 thermostat
crossval-2024,1,PAPER_051
crossval-2025,1,PAPER_052
ngc2264,1,PAPER_053
tadpole,1,PAPER_054
mice-merger,1,PAPER_055 10x
red-spider,1,PAPER_056 2x
carina,1,PAPER_057
orion-m42,1,PAPER_058
alpha-bec,1,PAPER_059
be-occupancy,2,PAPER_060 N_B
nuclear-bec,1,PAPER_061
widom-larsen,2,PAPER_062 W-L LENR
ensemble-master,1,PAPER_063 52-system
operational-modes,1,PAPER_064 4-mode
121-system,1,PAPER_065
magnetar,1,PAPER_066
agn-ug4,1,PAPER_067
globular-cluster,1,PAPER_068
askap-lpt,1,PAPER_069
helix-pn,1,PAPER_070
