paper,cited_by_files
PAPER_001,PAPER_877
PAPER_002,PAPER_877
PAPER_003,PAPER_877
PAPER_004,PAPER_877
PAPER_005,PAPER_877
PAPER_006,PAPER_877
PAPER_007,PAPER_001;PAPER_002;PAPER_010;PAPER_100;PAPER_101;PAPER_102;PAPER_103;PAPER_104;PAPER_105;PAPER_106;PAPER_107;PAPER_108;PAPER_115;PAPER_116;PAPER_117;PAPER_131;PAPER_420;PAPER_421;PAPER_642;PAPER_840;PAPER_877
PAPER_008,PAPER_001;PAPER_007;PAPER_009;PAPER_100;PAPER_101;PAPER_102;PAPER_103;PAPER_104;PAPER_105;PAPER_106;PAPER_107;PAPER_108;PAPER_115;PAPER_116;PAPER_117;PAPER_118;PAPER_131;PAPER_420;PAPER_421;PAPER_642;PAPER_840;PAPER_877
PAPER_008b,PAPER_100;PAPER_101;PAPER_102;PAPER_103;PAPER_104;PAPER_105;PAPER_106;PAPER_107;PAPER_108;PAPER_115;PAPER_116;PAPER_117;PAPER_131;PAPER_420;PAPER_421;PAPER_642;PAPER_840;PAPER_877
PAPER_009,PAPER_001;PAPER_003;PAPER_013;PAPER_100;PAPER_101;PAPER_102;PAPER_103;PAPER_104;PAPER_105;PAPER_106;PAPER_107;PAPER_108;PAPER_115;PAPER_116;PAPER_117;PAPER_131;PAPER_420;PAPER_421;PAPER_642;PAPER_840;PAPER_877
PAPER_009b,PAPER_100;PAPER_101;PAPER_102;PAPER_103;PAPER_104;PAPER_105;PAPER_106;PAPER_107;PAPER_108;PAPER_116;PAPER_117;PAPER_131;PAPER_420;PAPER_421;PAPER_642;PAPER_840;PAPER_877
PAPER_010,PAPER_100;PAPER_101;PAPER_102;PAPER_103;PAPER_105;PAPER_106;PAPER_107;PAPER_108;PAPER_116;PAPER_117;PAPER_131;PAPER_420;PAPER_421;PAPER_642;PAPER_840;PAPER_877
PAPER_010b,PAPER_011b;backfill-2026-08-03
PAPER_011,PAPER_100;PAPER_101;PAPER_102;PAPER_103;PAPER_104;PAPER_105;PAPER_106;PAPER_107;PAPER_108;PAPER_116;PAPER_117;PAPER_118;PAPER_131;PAPER_420;PAPER_421;PAPER_642;PAPER_840;PAPER_877
PAPER_011b,PAPER_100;PAPER_101;PAPER_102;PAPER_103;PAPER_104;PAPER_105;PAPER_106;PAPER_107;PAPER_108;PAPER_116;PAPER_117;PAPER_131;PAPER_420;PAPER_421;PAPER_642;PAPER_840;PAPER_877
PAPER_012,PAPER_001;PAPER_003;PAPER_008;PAPER_100;PAPER_101;PAPER_102;PAPER_103;PAPER_104;PAPER_105;PAPER_106;PAPER_107;PAPER_108;PAPER_116;PAPER_117;PAPER_131;PAPER_420;PAPER_421;PAPER_642;PAPER_840;PAPER_877
PAPER_012b,PAPER_100;PAPER_101;PAPER_102;PAPER_103;PAPER_104;PAPER_107;PAPER_116;PAPER_117;PAPER_420;PAPER_421;PAPER_642;PAPER_840;PAPER_877
PAPER_013,PAPER_001;PAPER_007;PAPER_009;PAPER_100;PAPER_101;PAPER_102;PAPER_103;PAPER_104;PAPER_105;PAPER_106;PAPER_107;PAPER_108;PAPER_116;PAPER_117;PAPER_131;PAPER_420;PAPER_421;PAPER_642;PAPER_840;PAPER_877
PAPER_013b,PAPER_100;PAPER_101;PAPER_102;PAPER_103;PAPER_104;PAPER_116;PAPER_117;PAPER_420;PAPER_421;PAPER_642;PAPER_840;PAPER_877
PAPER_014,PAPER_100;PAPER_102;PAPER_103;PAPER_104;PAPER_105;PAPER_106;PAPER_107;PAPER_108;PAPER_116;PAPER_117;PAPER_118;PAPER_131;PAPER_420;PAPER_421;PAPER_642;PAPER_840;PAPER_877
PAPER_014b,PAPER_100;PAPER_101;PAPER_102;PAPER_103;PAPER_104;PAPER_105;PAPER_106;PAPER_107;PAPER_108;PAPER_116;PAPER_117;PAPER_131;PAPER_420;PAPER_421;PAPER_642;PAPER_840;PAPER_877
PAPER_015,PAPER_100;PAPER_101;PAPER_102;PAPER_103;PAPER_104;PAPER_105;PAPER_106;PAPER_107;PAPER_108;PAPER_116;PAPER_117;PAPER_118;PAPER_131;PAPER_420;PAPER_421;PAPER_642;PAPER_840;PAPER_877
PAPER_015b,PAPER_014b;PAPER_015;PAPER_100;PAPER_101;PAPER_102;PAPER_103;PAPER_104;PAPER_106;PAPER_116;PAPER_117;PAPER_420;PAPER_421;PAPER_642;PAPER_840;PAPER_877
PAPER_016,PAPER_100;PAPER_101;PAPER_102;PAPER_105;PAPER_106;PAPER_107;PAPER_108;PAPER_116;PAPER_117;PAPER_131;PAPER_420;PAPER_421;PAPER_642;PAPER_840;PAPER_877
PAPER_016b,PAPER_016;PAPER_100;PAPER_101;PAPER_102;PAPER_103;PAPER_107;PAPER_116;PAPER_117;PAPER_420;PAPER_421;PAPER_642;PAPER_840;PAPER_877
PAPER_017,PAPER_100;PAPER_101;PAPER_102;PAPER_103;PAPER_104;PAPER_116;PAPER_117;PAPER_420;PAPER_421;PAPER_642;PAPER_840;PAPER_877
PAPER_018,PAPER_100;PAPER_101;PAPER_102;PAPER_103;PAPER_104;PAPER_106;PAPER_107;PAPER_116;PAPER_117;PAPER_420;PAPER_421;PAPER_642;PAPER_840;PAPER_877
PAPER_019,PAPER_009;PAPER_011;PAPER_100;PAPER_101;PAPER_102;PAPER_103;PAPER_104;PAPER_105;PAPER_106;PAPER_107;PAPER_108;PAPER_116;PAPER_117;PAPER_118;PAPER_131;PAPER_420;PAPER_421;PAPER_642;PAPER_840;PAPER_877
PAPER_020,PAPER_001;PAPER_019;PAPER_100;PAPER_101;PAPER_102;PAPER_103;PAPER_104;PAPER_105;PAPER_106;PAPER_107;PAPER_108;PAPER_116;PAPER_117;PAPER_131;PAPER_420;PAPER_421;PAPER_642;PAPER_840;PAPER_877
PAPER_021,PAPER_001;PAPER_018;PAPER_019;PAPER_020;PAPER_100;PAPER_101;PAPER_102;PAPER_103;PAPER_104;PAPER_105;PAPER_106;PAPER_107;PAPER_108;PAPER_116;PAPER_117;PAPER_131;PAPER_420;PAPER_421;PAPER_642;PAPER_840;PAPER_877
PAPER_022,PAPER_100;PAPER_101;PAPER_102;PAPER_103;PAPER_104;PAPER_105;PAPER_106;PAPER_107;PAPER_108;PAPER_116;PAPER_117;PAPER_131;PAPER_420;PAPER_421;PAPER_642;PAPER_840;PAPER_877
PAPER_023,PAPER_022;PAPER_100;PAPER_101;PAPER_103;PAPER_104;PAPER_105;PAPER_106;PAPER_107;PAPER_108;PAPER_116;PAPER_117;PAPER_131;PAPER_420;PAPER_421;PAPER_642;PAPER_840;PAPER_877
PAPER_024,PAPER_023;PAPER_100;PAPER_101;PAPER_103;PAPER_104;PAPER_105;PAPER_106;PAPER_107;PAPER_108;PAPER_116;PAPER_117;PAPER_131;PAPER_420;PAPER_421;PAPER_642;PAPER_840;PAPER_877
PAPER_025,PAPER_024;PAPER_100;PAPER_101;PAPER_102;PAPER_103;PAPER_104;PAPER_105;PAPER_106;PAPER_107;PAPER_108;PAPER_116;PAPER_117;PAPER_131;PAPER_420;PAPER_421;PAPER_642;PAPER_840;PAPER_877
PAPER_025b,PAPER_018;PAPER_100;PAPER_101;PAPER_102;PAPER_103;PAPER_104;PAPER_106;PAPER_107;PAPER_108;PAPER_116;PAPER_117;PAPER_420;PAPER_421;PAPER_642;PAPER_840;PAPER_877
PAPER_026,PAPER_025;PAPER_100;PAPER_101;PAPER_102;PAPER_103;PAPER_104;PAPER_105;PAPER_106;PAPER_107;PAPER_108;PAPER_116;PAPER_117;PAPER_131;PAPER_420;PAPER_421;PAPER_642;PAPER_840;PAPER_877
PAPER_026b,PAPER_100;PAPER_101;PAPER_102;PAPER_104;PAPER_106;PAPER_116;PAPER_117;PAPER_420;PAPER_421;PAPER_642;PAPER_840;PAPER_877
PAPER_026c,PAPER_026;PAPER_026b;backfill-2026-08-03
PAPER_027,PAPER_026;PAPER_100;PAPER_102;PAPER_105;PAPER_106;PAPER_107;PAPER_108;PAPER_116;PAPER_117;PAPER_131;PAPER_420;PAPER_421;PAPER_642;PAPER_840;PAPER_877
PAPER_028,PAPER_100;PAPER_101;PAPER_102;PAPER_104;PAPER_105;PAPER_106;PAPER_107;PAPER_108;PAPER_116;PAPER_117;PAPER_131;PAPER_420;PAPER_421;PAPER_642;PAPER_840;PAPER_877
PAPER_029,PAPER_028;PAPER_100;PAPER_101;PAPER_102;PAPER_103;PAPER_104;PAPER_105;PAPER_106;PAPER_107;PAPER_108;PAPER_116;PAPER_117;PAPER_131;PAPER_420;PAPER_421;PAPER_642;PAPER_840;PAPER_877
PAPER_030,PAPER_100;PAPER_101;PAPER_102;PAPER_104;PAPER_105;PAPER_106;PAPER_107;PAPER_108;PAPER_131;PAPER_420;PAPER_421;PAPER_642;PAPER_840;PAPER_877
PAPER_031,PAPER_100;PAPER_101;PAPER_102;PAPER_103;PAPER_104;PAPER_105;PAPER_106;PAPER_107;PAPER_108;PAPER_131;PAPER_420;PAPER_421;PAPER_642;PAPER_840;PAPER_877
PAPER_032,PAPER_100;PAPER_101;PAPER_102;PAPER_103;PAPER_105;PAPER_106;PAPER_107;PAPER_108;PAPER_131;PAPER_420;PAPER_421;PAPER_642;PAPER_840;PAPER_877
PAPER_033,PAPER_100;PAPER_102;PAPER_103;PAPER_104;PAPER_105;PAPER_106;PAPER_107;PAPER_108;PAPER_131;PAPER_420;PAPER_421;PAPER_642;PAPER_840;PAPER_877
PAPER_034,PAPER_100;PAPER_101;PAPER_102;PAPER_104;PAPER_105;PAPER_106;PAPER_107;PAPER_108;PAPER_131;PAPER_420;PAPER_421;PAPER_642;PAPER_840;PAPER_877
PAPER_035,PAPER_100;PAPER_102;PAPER_105;PAPER_106;PAPER_107;PAPER_108;PAPER_131;PAPER_420;PAPER_421;PAPER_642;PAPER_840;PAPER_877
PAPER_036,PAPER_100;PAPER_101;PAPER_102;PAPER_103;PAPER_104;PAPER_105;PAPER_106;PAPER_107;PAPER_108;PAPER_131;PAPER_420;PAPER_421;PAPER_642;PAPER_840;PAPER_877
PAPER_037,PAPER_036;PAPER_100;PAPER_101;PAPER_102;PAPER_103;PAPER_104;PAPER_106;PAPER_107;PAPER_108;PAPER_420;PAPER_421;PAPER_642;PAPER_840;PAPER_877
PAPER_038,PAPER_100;PAPER_101;PAPER_102;PAPER_103;PAPER_104;PAPER_106;PAPER_107;PAPER_420;PAPER_421;PAPER_642;PAPER_840;PAPER_877
PAPER_039,PAPER_038;PAPER_100;PAPER_101;PAPER_102;PAPER_103;PAPER_104;PAPER_105;PAPER_106;PAPER_107;PAPER_108;PAPER_131;PAPER_420;PAPER_421;PAPER_642;PAPER_840;PAPER_877
PAPER_040,PAPER_100;PAPER_101;PAPER_102;PAPER_103;PAPER_104;PAPER_106;PAPER_107;PAPER_420;PAPER_421;PAPER_642;PAPER_840;PAPER_877
PAPER_041,PAPER_100;PAPER_101;PAPER_102;PAPER_103;PAPER_104;PAPER_105;PAPER_106;PAPER_107;PAPER_108;PAPER_131;PAPER_420;PAPER_421;PAPER_642;PAPER_840;PAPER_877
PAPER_042,PAPER_041;PAPER_100;PAPER_101;PAPER_102;PAPER_103;PAPER_104;PAPER_106;PAPER_107;PAPER_108;PAPER_420;PAPER_421;PAPER_642;PAPER_840;PAPER_877
PAPER_043,PAPER_100;PAPER_102;PAPER_103;PAPER_104;PAPER_105;PAPER_106;PAPER_107;PAPER_108;PAPER_131;PAPER_420;PAPER_421;PAPER_642;PAPER_840;PAPER_877
PAPER_044,PAPER_050;PAPER_100;PAPER_102;PAPER_103;PAPER_104;PAPER_105;PAPER_106;PAPER_107;PAPER_108;PAPER_115;PAPER_116;PAPER_117;PAPER_420;PAPER_421;PAPER_642;PAPER_840;PAPER_877
PAPER_045,PAPER_100;PAPER_102;PAPER_103;PAPER_104;PAPER_106;PAPER_107;PAPER_108;PAPER_420;PAPER_421;PAPER_642;PAPER_840;PAPER_877
PAPER_046,PAPER_100;PAPER_102;PAPER_103;PAPER_104;PAPER_105;PAPER_106;PAPER_107;PAPER_108;PAPER_116;PAPER_117;PAPER_131;PAPER_420;PAPER_421;PAPER_642;PAPER_840;PAPER_877
PAPER_047,PAPER_100;PAPER_102;PAPER_104;PAPER_106;PAPER_107;PAPER_108;PAPER_420;PAPER_421;PAPER_642;PAPER_840;PAPER_877
PAPER_048,PAPER_100;PAPER_102;PAPER_103;PAPER_104;PAPER_106;PAPER_107;PAPER_108;PAPER_420;PAPER_421;PAPER_642;PAPER_840;PAPER_877
PAPER_049,PAPER_100;PAPER_101;PAPER_104;PAPER_105;PAPER_106;PAPER_107;PAPER_108;PAPER_131;PAPER_420;PAPER_421;PAPER_642;PAPER_840;PAPER_877
PAPER_050,PAPER_100;PAPER_102;PAPER_104;PAPER_105;PAPER_106;PAPER_107;PAPER_108;PAPER_116;PAPER_117;PAPER_131;PAPER_420;PAPER_421;PAPER_642;PAPER_840;PAPER_877
PAPER_051,PAPER_100;PAPER_101;PAPER_102;PAPER_103;PAPER_104;PAPER_106;PAPER_107;PAPER_108;PAPER_420;PAPER_421;PAPER_642;PAPER_840;PAPER_877
PAPER_052,PAPER_100;PAPER_102;PAPER_103;PAPER_104;PAPER_106;PAPER_107;PAPER_108;PAPER_420;PAPER_421;PAPER_642;PAPER_840;PAPER_877
PAPER_053,PAPER_100;PAPER_101;PAPER_103;PAPER_104;PAPER_107;PAPER_420;PAPER_421;PAPER_642;PAPER_840;PAPER_877
PAPER_054,PAPER_100;PAPER_102;PAPER_104;PAPER_106;PAPER_107;PAPER_108;PAPER_420;PAPER_421;PAPER_642;PAPER_840;PAPER_877
PAPER_055,PAPER_100;PAPER_101;PAPER_102;PAPER_103;PAPER_104;PAPER_107;PAPER_420;PAPER_421;PAPER_642;PAPER_840;PAPER_877
PAPER_056,PAPER_100;PAPER_101;PAPER_102;PAPER_103;PAPER_104;PAPER_107;PAPER_420;PAPER_421;PAPER_642;PAPER_840;PAPER_877
PAPER_057,PAPER_100;PAPER_101;PAPER_102;PAPER_103;PAPER_104;PAPER_107;PAPER_420;PAPER_421;PAPER_642;PAPER_840;PAPER_877
PAPER_058,PAPER_057;PAPER_100;PAPER_102;PAPER_103;PAPER_104;PAPER_107;PAPER_420;PAPER_421;PAPER_642;PAPER_840;PAPER_877
PAPER_059,PAPER_100;PAPER_102;PAPER_103;PAPER_104;PAPER_105;PAPER_106;PAPER_107;PAPER_108;PAPER_131;PAPER_420;PAPER_421;PAPER_642;PAPER_840;PAPER_877
PAPER_060,PAPER_100;PAPER_102;PAPER_104;PAPER_106;PAPER_107;PAPER_108;PAPER_420;PAPER_421;PAPER_642;PAPER_840;PAPER_877
PAPER_061,PAPER_060;PAPER_100;PAPER_101;PAPER_102;PAPER_103;PAPER_104;PAPER_105;PAPER_106;PAPER_107;PAPER_108;PAPER_131;PAPER_420;PAPER_421;PAPER_642;PAPER_840;PAPER_877
PAPER_062,PAPER_100;PAPER_101;PAPER_102;PAPER_103;PAPER_104;PAPER_106;PAPER_107;PAPER_108;PAPER_420;PAPER_421;PAPER_642;PAPER_840;PAPER_877
PAPER_063,PAPER_100;PAPER_101;PAPER_102;PAPER_103;PAPER_104;PAPER_105;PAPER_106;PAPER_107;PAPER_108;PAPER_131;PAPER_420;PAPER_421;PAPER_642;PAPER_840;PAPER_877
PAPER_064,PAPER_100;PAPER_101;PAPER_102;PAPER_103;PAPER_104;PAPER_106;PAPER_107;PAPER_420;PAPER_421;PAPER_642;PAPER_840;PAPER_877
PAPER_065,PAPER_100;PAPER_101;PAPER_102;PAPER_103;PAPER_104;PAPER_107;PAPER_420;PAPER_421;PAPER_642;PAPER_840;PAPER_877
PAPER_066,PAPER_065;PAPER_100;PAPER_101;PAPER_102;PAPER_103;PAPER_104;PAPER_106;PAPER_107;PAPER_108;PAPER_420;PAPER_421;PAPER_642;PAPER_840;PAPER_877
PAPER_067,PAPER_100;PAPER_101;PAPER_102;PAPER_103;PAPER_104;PAPER_106;PAPER_107;PAPER_108;PAPER_420;PAPER_421;PAPER_592;PAPER_593;PAPER_642;PAPER_840;PAPER_877
PAPER_068,PAPER_100;PAPER_101;PAPER_103;PAPER_104;PAPER_107;PAPER_420;PAPER_421;PAPER_642;PAPER_840;PAPER_877
PAPER_069,PAPER_100;PAPER_101;PAPER_102;PAPER_103;PAPER_104;PAPER_106;PAPER_107;PAPER_108;PAPER_420;PAPER_421;PAPER_642;PAPER_840;PAPER_877
PAPER_070,PAPER_100;PAPER_102;PAPER_103;PAPER_106;PAPER_108;PAPER_420;PAPER_421;PAPER_592;PAPER_593;PAPER_642;PAPER_840;PAPER_877
PAPER_071,PAPER_100;PAPER_101;PAPER_102;PAPER_103;PAPER_104;PAPER_105;PAPER_106;PAPER_107;PAPER_108;PAPER_131;PAPER_420;PAPER_421;PAPER_642;PAPER_840;PAPER_877
PAPER_072,PAPER_100;PAPER_102;PAPER_104;PAPER_106;PAPER_107;PAPER_108;PAPER_420;PAPER_421;PAPER_642;PAPER_840;PAPER_877
PAPER_073,PAPER_100;PAPER_101;PAPER_102;PAPER_103;PAPER_104;PAPER_106;PAPER_107;PAPER_108;PAPER_420;PAPER_421;PAPER_642;PAPER_840;PAPER_877
PAPER_074,PAPER_100;PAPER_101;PAPER_102;PAPER_103;PAPER_104;PAPER_106;PAPER_107;PAPER_420;PAPER_421;PAPER_642;PAPER_840;PAPER_877
PAPER_075,PAPER_100;PAPER_101;PAPER_102;PAPER_103;PAPER_104;PAPER_105;PAPER_106;PAPER_107;PAPER_108;PAPER_131;PAPER_420;PAPER_421;PAPER_642;PAPER_840;PAPER_877
PAPER_076,PAPER_100;PAPER_101;PAPER_102;PAPER_103;PAPER_104;PAPER_105;PAPER_106;PAPER_107;PAPER_108;PAPER_131;PAPER_420;PAPER_421;PAPER_642;PAPER_840;PAPER_877
PAPER_077,PAPER_100;PAPER_101;PAPER_102;PAPER_103;PAPER_104;PAPER_106;PAPER_107;PAPER_420;PAPER_421;PAPER_642;PAPER_840;PAPER_877
PAPER_078,PAPER_100;PAPER_101;PAPER_102;PAPER_103;PAPER_104;PAPER_106;PAPER_107;PAPER_420;PAPER_421;PAPER_642;PAPER_840;PAPER_877
PAPER_079,PAPER_100;PAPER_101;PAPER_102;PAPER_103;PAPER_104;PAPER_107;PAPER_420;PAPER_421;PAPER_642;PAPER_840;PAPER_877
PAPER_080,PAPER_100;PAPER_101;PAPER_102;PAPER_103;PAPER_104;PAPER_105;PAPER_106;PAPER_107;PAPER_108;PAPER_131;PAPER_420;PAPER_421;PAPER_642;PAPER_840;PAPER_877
PAPER_081,PAPER_072;Hawking-1974;validate_hawking_temperature;uqff_temperature_formula.cpp;PAPER_2156-authority
PAPER_082,PAPER_081;validate_hawking_temperature;simulate_evaporation
PAPER_083,PAPER_081;PAPER_082;validate_hawking_temperature;PAPER_1015;PAPER_1019
PAPER_084,PAPER_081;PAPER_082;PAPER_083;Batch21;Hawking-1976;AMPS;PAPER_1080
PAPER_085,PAPER_081;PAPER_082;PAPER_083;PAPER_084;validate_hawking_temperature;Page-1993
PAPER_086,PAPER_067;test_Ug4_validation;Ug4StarBlackHoleCalculator;SAGITTARIUS_A_STAR_2025;PAPER_1002
PAPER_087,PAPER_069;PAPER_075;PAPER_078;Batch22;Nicholl-2020;PAPER_1002
PAPER_088,PAPER_081;PAPER_085;PAPER_086;Batch21;IceCube;validate_phase3
PAPER_089,PAPER_063;PAPER_064;PAPER_075;PAPER_087;PAPER_090-fwd;validate_uqff_calculators;PAPER_1065;PAPER_1066
PAPER_090,PAPER_086;PAPER_089;validate_uqff_muge;source4.cpp;dpm-T0-doctrine
PAPER_091,PAPER_081;PAPER_088;PAPER_090;validate_uqff_muge;source27;source28;Ellis-drainhole
PAPER_092,PAPER_084;PAPER_090;PAPER_091;validate_uqff_muge;EHT-2022;GRAVITY;PAPER_1015
PAPER_093,PAPER_081;PAPER_092;validate_uqff_muge;EHT-2019;EHT-2024;PAPER_1002
PAPER_094,PAPER_001;PAPER_002;PAPER_063;PAPER_066;PAPER_092;Batch23;XMM;Chandra;PAPER_1154-fwd
PAPER_095,PAPER_065;PAPER_069;PAPER_087;Grok4-Sept2025;uqff_validation_test;Kepler-K2;SIMBAD
PAPER_096,PAPER_066;PAPER_088;PAPER_091;Drawing-1;CHIME-FRB;validate_drawings_models
PAPER_097,PAPER_084;PAPER_090;Drawing-30;Whittaker-1903;Bateman-1904;validate_drawings_models
PAPER_098,PAPER_084;PAPER_086;PAPER_087;PAPER_097;Drawings-14-20;Planck-2018;FIRAS
PAPER_099,PAPER_094;Drawings-21-28-29;validate_drawings_models;PAPER_1002
PAPER_100,PAPER_088;PAPER_091;PAPER_096;Drawing-24;validate_drawings_models;PAPER_1080
PAPER_1000,PAPER_1001;PAPER_1004;PAPER_1005;PAPER_1011;PAPER_1012;PAPER_1014;PAPER_1022;PAPER_1024;PAPER_1033;PAPER_1035;PAPER_1042;PAPER_1043;PAPER_1051;PAPER_1061;PAPER_1065;PAPER_1066;PAPER_1068;PAPER_1069;PAPER_1072;PAPER_1078;PAPER_1080;PAPER_1081;PAPER_1318;PAPER_642;PAPER_877;PAPER_976;PAPER_992;PAPER_999
PAPER_1002,PAPER_1000;PAPER_1004;PAPER_1009;PAPER_1010;PAPER_1022;PAPER_1024;PAPER_1033;PAPER_1037;PAPER_1041;PAPER_1042;PAPER_1043;PAPER_1048;PAPER_1051;PAPER_1061;PAPER_1065;PAPER_1066;PAPER_1068;PAPER_1069;PAPER_1072;PAPER_1073;PAPER_1078;PAPER_1079;PAPER_1080;PAPER_1081;PAPER_1318;PAPER_642;PAPER_877;PAPER_979;PAPER_991;PAPER_999
PAPER_1004,PAPER_1000;PAPER_1005;PAPER_1006;PAPER_1007;PAPER_1013;PAPER_1020;PAPER_1021;PAPER_1022;PAPER_1023;PAPER_1024;PAPER_1033;PAPER_1042;PAPER_1043;PAPER_1049;PAPER_1051;PAPER_1059;PAPER_1061;PAPER_1064;PAPER_1065;PAPER_1066;PAPER_1068;PAPER_1069;PAPER_1070;PAPER_1072;PAPER_1073;PAPER_1078;PAPER_1080;PAPER_1081;PAPER_1318;PAPER_642;PAPER_877;PAPER_969;PAPER_999
PAPER_1007,PAPER_1000;PAPER_1004;PAPER_1005;PAPER_1006;PAPER_1013;PAPER_1020;PAPER_1021;PAPER_1022;PAPER_1023;PAPER_1024;PAPER_1033;PAPER_1042;PAPER_1043;PAPER_1051;PAPER_1059;PAPER_1061;PAPER_1064;PAPER_1065;PAPER_1066;PAPER_1068;PAPER_1069;PAPER_1070;PAPER_1072;PAPER_1073;PAPER_1078;PAPER_1080;PAPER_1081;PAPER_1318;PAPER_642;PAPER_877
PAPER_1008,PAPER_1000;PAPER_1004;PAPER_1007;PAPER_1018;PAPER_1024;PAPER_1033;PAPER_1042;PAPER_1043;PAPER_1051;PAPER_1059;PAPER_1061;PAPER_1064;PAPER_1065;PAPER_1066;PAPER_1068;PAPER_1069;PAPER_1070;PAPER_1072;PAPER_1078;PAPER_1080;PAPER_1081;PAPER_1318;PAPER_642;PAPER_877;PAPER_997;PAPER_999
PAPER_101,PAPER_086;PAPER_183;PAPER_841;PAPER_1070;PAPER_1318;millennium_prize_uqff_calculator;uqff_lagrangian_derivation
PAPER_1015,PAPER_1000;PAPER_1004;PAPER_1014;PAPER_1016;PAPER_1017;PAPER_1019;PAPER_1024;PAPER_1033;PAPER_1037;PAPER_1042;PAPER_1043;PAPER_1051;PAPER_1061;PAPER_1065;PAPER_1066;PAPER_1068;PAPER_1069;PAPER_1072;PAPER_1073;PAPER_1078;PAPER_1079;PAPER_1080;PAPER_1081;PAPER_1318;PAPER_642;PAPER_877
PAPER_102,PAPER_062;PAPER_090;PAPER_101;PAPER_1065;PAPER_1066;millennium_prize_uqff_calculator;Ladyzhenskaya-1969
PAPER_1022,PAPER_1000;PAPER_1004;PAPER_1011;PAPER_1014;PAPER_1020;PAPER_1021;PAPER_1023;PAPER_1024;PAPER_1033;PAPER_1042;PAPER_1043;PAPER_1051;PAPER_1061;PAPER_1065;PAPER_1066;PAPER_1068;PAPER_1069;PAPER_1072;PAPER_1073;PAPER_1078;PAPER_1080;PAPER_1081;PAPER_1318;PAPER_642;PAPER_877;PAPER_927
PAPER_1026,PAPER_1000;PAPER_1004;PAPER_1020;PAPER_1021;PAPER_1022;PAPER_1023;PAPER_1024;PAPER_1025;PAPER_1033;PAPER_1042;PAPER_1043;PAPER_1051;PAPER_1061;PAPER_1065;PAPER_1066;PAPER_1068;PAPER_1069;PAPER_1072;PAPER_1073;PAPER_1078;PAPER_1080;PAPER_1081;PAPER_1318;PAPER_202;PAPER_642;PAPER_877
PAPER_103,PAPER_091;PAPER_101;PAPER_102;Hilbert-Polya;Montgomery-Odlyzko;millennium_prize_uqff_calculator;PAPER_1080
PAPER_1037,PAPER_1000;PAPER_1002;PAPER_1004;PAPER_1009;PAPER_1010;PAPER_1024;PAPER_1033;PAPER_1036;PAPER_1041;PAPER_1042;PAPER_1043;PAPER_1048;PAPER_1051;PAPER_1061;PAPER_1065;PAPER_1066;PAPER_1068;PAPER_1069;PAPER_1072;PAPER_1073;PAPER_1078;PAPER_1079;PAPER_1080;PAPER_1081;PAPER_1318;PAPER_642;PAPER_877
PAPER_104,PAPER_064;PAPER_084;PAPER_101;PAPER_103;millennium_prize_uqff_calculator;uqff_lagrangian_derivation
PAPER_1041,PAPER_1000;PAPER_1002;PAPER_1004;PAPER_1009;PAPER_1024;PAPER_1033;PAPER_1037;PAPER_1039;PAPER_1040;PAPER_1042;PAPER_1043;PAPER_1044;PAPER_1045;PAPER_1046;PAPER_1048;PAPER_1051;PAPER_1061;PAPER_1065;PAPER_1066;PAPER_1068;PAPER_1069;PAPER_1072;PAPER_1073;PAPER_1078;PAPER_1079;PAPER_1080;PAPER_1081;PAPER_1318;PAPER_642;PAPER_877
PAPER_1048,PAPER_1000;PAPER_1002;PAPER_1004;PAPER_1009;PAPER_1011;PAPER_1020;PAPER_1021;PAPER_1022;PAPER_1023;PAPER_1024;PAPER_1033;PAPER_1037;PAPER_1042;PAPER_1043;PAPER_1047;PAPER_1051;PAPER_1061;PAPER_1065;PAPER_1066;PAPER_1068;PAPER_1069;PAPER_1072;PAPER_1073;PAPER_1078;PAPER_1080;PAPER_1081;PAPER_1318;PAPER_642;PAPER_877
PAPER_1049,PAPER_1000;PAPER_1003;PAPER_1004;PAPER_1020;PAPER_1024;PAPER_1033;PAPER_1042;PAPER_1043;PAPER_1051;PAPER_1061;PAPER_1065;PAPER_1066;PAPER_1068;PAPER_1069;PAPER_1072;PAPER_1074;PAPER_1077;PAPER_1078;PAPER_1080;PAPER_1081;PAPER_1318;PAPER_320;PAPER_321;PAPER_322;PAPER_642;PAPER_877
PAPER_105,PAPER_053;PAPER_054;PAPER_055;PAPER_056;PAPER_057;PAPER_058;PAPER_081;PAPER_089;validate_all_models
PAPER_1050,PAPER_1000;PAPER_1004;PAPER_1022;PAPER_1024;PAPER_1033;PAPER_1037;PAPER_1042;PAPER_1043;PAPER_1051;PAPER_1061;PAPER_1065;PAPER_1066;PAPER_1068;PAPER_1069;PAPER_1072;PAPER_1075;PAPER_1078;PAPER_1079;PAPER_1080;PAPER_1081;PAPER_1318;PAPER_338;PAPER_642;PAPER_877;PAPER_979
PAPER_1051,PAPER_1000;PAPER_1004;PAPER_1024;PAPER_1033;PAPER_1042;PAPER_1043;PAPER_1050;PAPER_1061;PAPER_1065;PAPER_1066;PAPER_1068;PAPER_1069;PAPER_1072;PAPER_1073;PAPER_1078;PAPER_1080;PAPER_1081;PAPER_1318;PAPER_642;PAPER_877;PAPER_979;PAPER_989
PAPER_106,PAPER_078;PAPER_098;Planck-2018;PAPER_1156-fwd;PAPER_1226-fwd
PAPER_1061,PAPER_1000;PAPER_1004;PAPER_1020;PAPER_1021;PAPER_1022;PAPER_1023;PAPER_1024;PAPER_1033;PAPER_1042;PAPER_1043;PAPER_1051;PAPER_1060;PAPER_1065;PAPER_1066;PAPER_1068;PAPER_1069;PAPER_1072;PAPER_1073;PAPER_1078;PAPER_1080;PAPER_1081;PAPER_1318;PAPER_642;PAPER_877
PAPER_1069,PAPER_1000;PAPER_1003;PAPER_1004;PAPER_1024;PAPER_1033;PAPER_1042;PAPER_1043;PAPER_1051;PAPER_1061;PAPER_1065;PAPER_1066;PAPER_1068;PAPER_1070;PAPER_1072;PAPER_1073;PAPER_1078;PAPER_1080;PAPER_1081;PAPER_1318;PAPER_642;PAPER_877
PAPER_107,PAPER_059;PAPER_060;PAPER_061;PAPER_062;PAPER_063;PAPER_064;Tohsaki-Funaki-2001;NIMROD-ISiS;Ikeda-1980
PAPER_1072,PAPER_1000;PAPER_1004;PAPER_1020;PAPER_1021;PAPER_1022;PAPER_1023;PAPER_1024;PAPER_1033;PAPER_1042;PAPER_1043;PAPER_1051;PAPER_1061;PAPER_1065;PAPER_1066;PAPER_1068;PAPER_1069;PAPER_1071;PAPER_1073;PAPER_1078;PAPER_1080;PAPER_1081;PAPER_1318;PAPER_642;PAPER_877
PAPER_1073,PAPER_044;PAPER_046;PAPER_1000;PAPER_1004;PAPER_1008;PAPER_1018;PAPER_1020;PAPER_1021;PAPER_1022;PAPER_1023;PAPER_1024;PAPER_1037;PAPER_1042;PAPER_1043;PAPER_1051;PAPER_1061;PAPER_1065;PAPER_1066;PAPER_1069;PAPER_1070;PAPER_1072;PAPER_1078;PAPER_1079;PAPER_1080;PAPER_1081;PAPER_1318;PAPER_554;PAPER_642;PAPER_646;PAPER_656;PAPER_877
PAPER_1078,PAPER_1000;PAPER_1022;PAPER_1042;PAPER_1069;PAPER_1080
PAPER_1079,PAPER_1078;PAPER_412;PAPER_413
PAPER_108,PAPER_060;PAPER_063;PAPER_068;PAPER_088;PAPER_107;IceCube-2022;EP-11-fwd
PAPER_1080,PAPER_1000;PAPER_1022;PAPER_1042;PAPER_1069;PAPER_1078;PAPER_646
PAPER_1081,PAPER_1078;PAPER_1080;PAPER_418
PAPER_1086,PAPER_1076;PAPER_1087;PAPER_889;PAPER_890
PAPER_1087,PAPER_1076;PAPER_1086;PAPER_889
PAPER_109,PAPER_037;PAPER_063;PAPER_108;GW170817;AT2017gfo;Cowperthwaite-2017;validate_gw170817
PAPER_1092,PAPER_1093;PAPER_1094;PAPER_199;PAPER_202
PAPER_110,PAPER_048;PAPER_066;PAPER_073;PAPER_086;PAPER_092;PAPER_094;Gaia-DR3;GRAVITY-2022;PAPER_2156-xrepo
PAPER_1100,PAPER_1098;PAPER_579;PAPER_580;PAPER_581;PAPER_658
PAPER_111,PAPER_019;PAPER_067;PAPER_089;PAPER_102;RACS;Chandra;NavierStokesFluidJetCalculator
PAPER_112,PAPER_029;PAPER_030;PAPER_032;PAPER_043;PAPER_047;PAPER_089;PDG2024;EnergyLadderParticleCalculator
PAPER_1120,PAPER_1000;PAPER_1011;PAPER_1022;PAPER_1042;PAPER_1051;PAPER_1061;PAPER_1065;PAPER_1066;PAPER_1069;PAPER_1072;PAPER_1078;PAPER_1080;PAPER_1081;PAPER_1113;PAPER_1114;PAPER_1318;PAPER_639;PAPER_642;PAPER_877
PAPER_113,PAPER_063;PAPER_076;PAPER_086;PAPER_089;PAPER_094;4LAC-DR3;FermiLATBlazarEreactCalculator
PAPER_1136,LENR-validation-series (uploaded 2026-08-05)
PAPER_1138,LENR-validation-series (uploaded 2026-08-05)
PAPER_1139,LENR-validation-series (uploaded 2026-08-05)
PAPER_114,PAPER_049;PAPER_090;PAPER_091;PSP-CDAWeb;SolarWindHeliosheathCalculator;atomic_uqff_framework
PAPER_1140,LENR-validation-series (uploaded 2026-08-05)
PAPER_1141,PAPER_062;PAPER_1133;PAPER_1136;PAPER_1137;PAPER_1138;PAPER_1139;PAPER_1140;PAPER_643;PAPER_648
PAPER_1149,PAPER_1001;PAPER_1014;PAPER_1129;PAPER_196;PAPER_216;PAPER_224;PAPER_326;PAPER_348;PAPER_367;PAPER_486;PAPER_702;PAPER_710;PAPER_711;PAPER_779;PAPER_789;PAPER_800;PAPER_801;PAPER_802
PAPER_115,PAPER_001;PAPER_020;PAPER_067;PAPER_069;PAPER_111;MNRAS-3C273;QuasarJetAsymmetryCalculator
PAPER_1156,PAPER_1215;PAPER_1216
PAPER_1157,PAPER_1156;PAPER_592;PAPER_593
PAPER_1159,PAPER_1156;PAPER_1158;PAPER_585;PAPER_587;PAPER_592;PAPER_593
PAPER_116,PAPER_112;PAPER_117;ATLAS-CONF-2025-007;CMS-EXO-24-006;LHCVirtualQuarkValidator
PAPER_1160,PAPER_1156;PAPER_1158;PAPER_1159;PAPER_1165;PAPER_1166;PAPER_587
PAPER_1161,PAPER_1159;PAPER_1160;PAPER_1166;PAPER_593
PAPER_1162,PAPER_1151;PAPER_1159;PAPER_1160;PAPER_1161;PAPER_1164;PAPER_1166;PAPER_593;PAPER_902
PAPER_1164,PAPER_1142;PAPER_1144;PAPER_1159;PAPER_1160;PAPER_1161;PAPER_1162;PAPER_1163;PAPER_1166;PAPER_902
PAPER_1165,PAPER_1159;PAPER_1160;PAPER_1162;PAPER_1163;PAPER_1164;PAPER_1166
PAPER_1166,PAPER_1159;PAPER_1160;PAPER_1161;PAPER_1162;PAPER_1163;PAPER_1164;PAPER_1165
PAPER_117,PAPER_089;PAPER_112;PAPER_116;ENSDF-NNDC;AME2020;NuclearBindingLadderValidator
PAPER_118,PAPER_108;PAPER_110;PAPER_113;PAPER_117;Planck2018;JCAP2024;JCAPDarkMatterVacuumValidator
PAPER_1182,PAPER_1181
PAPER_1183,PAPER_001;PAPER_049;PAPER_1042;PAPER_1065;PAPER_1066;PAPER_1181;PAPER_877
PAPER_119,PAPER_064;PAPER_107-118;source2.cpp;add_uqff_to_8_models.py;MAIN_1_CoAnQi.cpp
PAPER_120,PAPER_002;PAPER_013;PAPER_094;PAPER_107-119;Gaia-DR4;4LAC;PSZ2;ENSDF
PAPER_1209HH,PAPER_1209;PAPER_1217
PAPER_121,PAPER_104;PAPER_107-120;d91b1f6c-thread;CP2_CALCULATORS
PAPER_122,PAPER_089;PAPER_112;PAPER_116;PAPER_121;PDG2025;d91b1f6c;PDGEnergyLadderCalculator
PAPER_1225,PAPER_1219
PAPER_1226,PAPER_1170;PAPER_1235;PAPER_2094;PAPER_2144;PAPER_2147;PAPER_2148
PAPER_123,PAPER_116;PAPER_117;PAPER_122;ATLAS-CONF-2025-007;d91b1f6c;LHCQuarkLevelCalculator
PAPER_1238,PAPER_1175
PAPER_124,PAPER_117;PAPER_121;PAPER_122;PAPER_123;ENSDF-NNDC;d91b1f6c;NuclearSeparationEnergyCalculator
PAPER_1248,PAPER_1167;PAPER_1170;PAPER_1203;PAPER_1216;PAPER_646
PAPER_1249,PAPER_1167;PAPER_1170;PAPER_1203;PAPER_1216;PAPER_646
PAPER_125,PAPER_107;PAPER_113;PAPER_121;4LAC-DR3;HEASARC;d91b1f6c;FermiLATEreactCalibrator
PAPER_1254,PAPER_1167;PAPER_1170;PAPER_1203;PAPER_1216;PAPER_1249;PAPER_1251;PAPER_1253;PAPER_646
PAPER_1255,PAPER_1167;PAPER_1170;PAPER_1203;PAPER_1216;PAPER_1249;PAPER_1251;PAPER_1253;PAPER_1254;PAPER_646
PAPER_1258,PAPER_1167;PAPER_1170;PAPER_1203;PAPER_1216;PAPER_646
PAPER_1259,PAPER_1167;PAPER_1170;PAPER_1203;PAPER_1216;PAPER_1249;PAPER_1254;PAPER_1255;PAPER_1261;PAPER_1267;PAPER_1268;PAPER_646
PAPER_126,PAPER_110;PAPER_121;PAPER_124;GRAVITY2022;GaiaDR3;EHT2022;d91b1f6c;GaiaSgrAstarMasterBuoyancyCalculator
PAPER_127,PAPER_109;PAPER_114;PAPER_121;PSP-CDAWeb;Kasper2021;d91b1f6c;ParkerSolarWindResonantCalculator
PAPER_1270,PAPER_1167;PAPER_1170;PAPER_1203;PAPER_1216;PAPER_646
PAPER_1271,PAPER_1167;PAPER_1170;PAPER_1203;PAPER_1216;PAPER_646
PAPER_1272,PAPER_1167;PAPER_1170;PAPER_1203;PAPER_1216;PAPER_646
PAPER_1273,PAPER_1167;PAPER_1170;PAPER_1203;PAPER_1216;PAPER_646
PAPER_1274,PAPER_1167;PAPER_1170;PAPER_1203;PAPER_1216;PAPER_646
PAPER_1275,PAPER_1167;PAPER_1170;PAPER_1203;PAPER_1216;PAPER_1266;PAPER_646
PAPER_1277,PAPER_1167;PAPER_1170;PAPER_1203;PAPER_1216;PAPER_646
PAPER_128,PAPER_114;PAPER_118;PAPER_121;JCAP2025;Read2014;Planck2018;d91b1f6c;DarkMatterVacuumCascadeCalculator
PAPER_1280,PAPER_1167;PAPER_1170;PAPER_1203;PAPER_1216;PAPER_646
PAPER_1281,PAPER_1167;PAPER_1170;PAPER_1203;PAPER_1216;PAPER_646
PAPER_1282,PAPER_1167;PAPER_1170;PAPER_1203;PAPER_1216;PAPER_646
PAPER_1284,PAPER_1167;PAPER_1170;PAPER_1203;PAPER_1216;PAPER_646
PAPER_1285,PAPER_1167;PAPER_1170;PAPER_1203;PAPER_1216;PAPER_646
PAPER_1286,PAPER_1167;PAPER_1170;PAPER_1203;PAPER_1216;PAPER_646
PAPER_1287,PAPER_1167;PAPER_1170;PAPER_1203;PAPER_1216;PAPER_646
PAPER_1289,PAPER_1167;PAPER_1170;PAPER_1203;PAPER_1216;PAPER_646
PAPER_129,PAPER_115;PAPER_119;PAPER_120;PAPER_121;Pearson1981;MNRAS;d91b1f6c;QuasarJetTriadicCalculator
PAPER_1292,PAPER_1167;PAPER_1170;PAPER_1203;PAPER_1216;PAPER_646
PAPER_1294,PAPER_1167;PAPER_1170;PAPER_1203;PAPER_1216;PAPER_646
PAPER_1295,PAPER_1167;PAPER_1170;PAPER_1203;PAPER_1216;PAPER_646
PAPER_1296,PAPER_1167;PAPER_1170;PAPER_1203;PAPER_1216;PAPER_646
PAPER_1297,PAPER_1167;PAPER_1170;PAPER_1203;PAPER_1216;PAPER_646
PAPER_1298,PAPER_1167;PAPER_1170;PAPER_1203;PAPER_1216;PAPER_646
PAPER_1299,PAPER_1167;PAPER_1170;PAPER_1203;PAPER_1216;PAPER_646
PAPER_130,PAPER_108;PAPER_111;PAPER_121;PAPER_124;IceCube2023;Gaisser2016;d91b1f6c;IceCubeNeutrinoFokkerPlanckCalculator
PAPER_1304,PAPER_1270
PAPER_1306,PAPER_1270
PAPER_1307,PAPER_1270
PAPER_1308,PAPER_1270
PAPER_131,PAPER_107;PAPER_109;PAPER_110;PAPER_111;PAPER_125;PAPER_130;LIGO2017;Kasen2017;RACS2020;d91b1f6c;SuperconductiveMergerJetCalculator
PAPER_1310,PAPER_1270
PAPER_1311,PAPER_1270
PAPER_1312,PAPER_1270
PAPER_1313,PAPER_1270
PAPER_1314,PAPER_1270
PAPER_1316,PAPER_1270
PAPER_1318,PAPER_1270
PAPER_1319,PAPER_1270
PAPER_132,PAPER_107;PAPER_117;PAPER_121;PAPER_128;Tohsaki2001;THSR;d91b1f6c;AlphaClusterBECCalculator
PAPER_1320,PAPER_1270
PAPER_133,3419da89-thread;PAPER_001;PAPER_1000;PAPER_1002;PAPER_1004;PAPER_1009;PAPER_1010;PAPER_1015;PAPER_1019;PAPER_1029;PAPER_1037;PAPER_1041;PAPER_1043;PAPER_1048;PAPER_1051;PAPER_1061;PAPER_1065;PAPER_1066;PAPER_1072;PAPER_1073;PAPER_1078;PAPER_1079;PAPER_1080;PAPER_1081;PAPER_119;PAPER_121;PAPER_1318;PAPER_134;PAPER_134-144;PAPER_1341;PAPER_144;PAPER_2152-provenance;PAPER_593;PAPER_642;PAPER_840;PAPER_877;StarMagic.md
PAPER_1332,PAPER_1026
PAPER_134,PAPER_133;PAPER_135;PAPER_139;SOHO-SDO;Voyager-LECP;Quemerais2013;3419da89-thread
PAPER_135,PAPER_102;PAPER_114;PAPER_133;PAPER_134;Fefferman2006;CygnusA-VLA;EHT2019;3419da89-thread
PAPER_136,PAPER_104;PAPER_133;PAPER_134;PAPER_137;Laskar1994;3419da89-thread
PAPER_137,PAPER_112;PAPER_122;PAPER_133;PAPER_139;PAPER_140;3419da89-thread
PAPER_138,PAPER_002;PAPER_094;PAPER_120;PAPER_133;PAPER_134;PAPER_135;Harayama2008;HST-WFC3;3419da89-thread
PAPER_139,PAPER_133;PAPER_140;PAPER_141;PAPER_143;Sandia-NIF;LBNL;Argonne;DARPA2024;3419da89-thread
PAPER_140,PAPER_128;PAPER_133;PAPER_137;PAPER_139;PAPER_143;Planck2018;Sandia-NIF;LBNL2023;3419da89-thread
PAPER_1404,PAPER_1156;PAPER_1203;PAPER_646
PAPER_1405,PAPER_1156;PAPER_1203;PAPER_646
PAPER_1406,PAPER_1156;PAPER_1203;PAPER_646
PAPER_1407,PAPER_1156;PAPER_1203;PAPER_646
PAPER_1408,PAPER_1156;PAPER_1203;PAPER_646
PAPER_141,PAPER_123;PAPER_133;PAPER_134;PAPER_139;NOAA-WOA23;TEOS-10;NREL;3419da89-thread
PAPER_1411,PAPER_1156;PAPER_1203;PAPER_646
PAPER_1412,PAPER_1156;PAPER_1203;PAPER_646
PAPER_1413,PAPER_1156;PAPER_1203;PAPER_646
PAPER_1416,PAPER_1156;PAPER_1203;PAPER_646
PAPER_1418,PAPER_1156;PAPER_1203;PAPER_646
PAPER_142,PAPER_117;PAPER_124;PAPER_137;PAPER_139;PAPER_140;AME2020;NUBASE2020;GSI;RIKEN;3419da89-thread
PAPER_1421,PAPER_1156;PAPER_1203;PAPER_646
PAPER_1429,PAPER_1156;PAPER_1203;PAPER_646
PAPER_143,PAPER_139;PAPER_140;PAPER_144;Pohl2010;Parker2018;Serebrov2011;3419da89-thread
PAPER_1430,PAPER_1156;PAPER_1203;PAPER_646
PAPER_1435,PAPER_1156;PAPER_1203;PAPER_646
PAPER_1436,PAPER_1156;PAPER_1203;PAPER_646
PAPER_1438,PAPER_1156;PAPER_1203;PAPER_646
PAPER_1439,PAPER_1156;PAPER_1203;PAPER_597;PAPER_646
PAPER_144,PAPER_133-143;StarMagic.md;3419da89-thread
PAPER_1441,PAPER_1156;PAPER_1203;PAPER_646
PAPER_1442,PAPER_1156;PAPER_1203;PAPER_646
PAPER_1443,PAPER_1156;PAPER_1203;PAPER_646
PAPER_145,PAPER_089-095;PAPER_133;PAPER_140;PAPER_146-156;07b7f7a6-thread;MUGEResonanceCalculator
PAPER_1450,PAPER_1156;PAPER_1203;PAPER_646
PAPER_1454,PAPER_1156;PAPER_1203;PAPER_646
PAPER_1456,PAPER_1156;PAPER_1203;PAPER_646
PAPER_1457,PAPER_1156;PAPER_1203;PAPER_646
PAPER_146,PAPER_089-095;PAPER_121;PAPER_139;PAPER_140;PAPER_143;PAPER_145;PAPER_147-156;07b7f7a6-thread;arXiv-2408.15233
PAPER_1460,PAPER_1156;PAPER_1203;PAPER_646
PAPER_1461,PAPER_1156;PAPER_1203;PAPER_646
PAPER_1462,PAPER_1156;PAPER_1203;PAPER_646
PAPER_1463,PAPER_1156;PAPER_1203;PAPER_646
PAPER_1466,PAPER_1156;PAPER_1203;PAPER_646
PAPER_1467,PAPER_1156;PAPER_1203;PAPER_646
PAPER_1469,PAPER_1156;PAPER_1203;PAPER_646
PAPER_147,PAPER_089;PAPER_145;PAPER_146;PAPER_148;PAPER_149;07b7f7a6-thread;SOURCE4
PAPER_148,PAPER_002;PAPER_146;PAPER_147;PAPER_149;McGill-Catalog;Mori2013;Eatough2013;07b7f7a6-thread
PAPER_149,PAPER_146;PAPER_147;PAPER_148;PAPER_155;EHT2022;Reid2019;Ghez2008;07b7f7a6-thread
PAPER_150,PAPER_120;PAPER_145;PAPER_146;PAPER_148;PAPER_149;PAPER_151;RCW49;WR20a;07b7f7a6-thread
PAPER_151,PAPER_136;PAPER_145;PAPER_146;PAPER_150;PAPER_152;Hester1996;JWST2022;07b7f7a6-thread
PAPER_1518,PAPER_1009;PAPER_1037;PAPER_1486;PAPER_1498;PAPER_1507;PAPER_1513;PAPER_817
PAPER_152,PAPER_146;PAPER_147;PAPER_149;PAPER_151;PAPER_153;Planck2018;07b7f7a6-thread
PAPER_1521,PAPER_1167;PAPER_1373;PAPER_1511;PAPER_1520;PAPER_1522
PAPER_153,PAPER_146;PAPER_148;PAPER_152;PAPER_154;PAPER_155;MorrisThorne1988;PAPER_901-predecessor;07b7f7a6-thread
PAPER_1539,PAPER_1209;PAPER_1373;PAPER_1483;PAPER_1506;PAPER_1518
PAPER_154,PAPER_067;PAPER_119;PAPER_133;PAPER_153;PAPER_155;PAPER_156;Stam1999;ClayInstitute;07b7f7a6-thread
PAPER_155,PAPER_139;PAPER_146;PAPER_152;PAPER_154;PAPER_156;GW170817;LLR;Turyshev2012;07b7f7a6-thread
PAPER_1550,PAPER_1209;PAPER_1216
PAPER_156,PAPER_103;PAPER_104;PAPER_145-155;ClayInstitute;Perelman2003;07b7f7a6-thread
PAPER_157,PAPER_094;PAPER_063;PAPER_148;PAPER_129;PAPER_154;PAPER_877;PAPER_1203-drift;PAPER_2155-drift;PAPER_2156-drift;7f9068-thread
PAPER_1573,PAPER_1209;PAPER_1537;PAPER_1553
PAPER_158,PAPER_090;PAPER_146;PAPER_155;PAPER_064;PAPER_152;PAPER_877;7f9068-thread
PAPER_159,PAPER_146;PAPER_153;PAPER_091;PAPER_877;7f9068-thread
PAPER_160,PAPER_086;PAPER_090;PAPER_106;PAPER_157;PAPER_2147-drift;7f9068-thread
PAPER_1600,PAPER_1209;PAPER_1494
PAPER_161,PAPER_047;PAPER_066;PAPER_157;PAPER_154;PAPER_129;7f9068-thread
PAPER_162,PAPER_157;PAPER_027;PAPER_086;7f9068-thread
PAPER_163,PAPER_090;PAPER_158;PAPER_164;PAPER_152;PAPER_1573-fork;7f9068-thread
PAPER_1636,PAPER_1209;PAPER_13;PAPER_1311;PAPER_1494
PAPER_164,PAPER_064;PAPER_146;PAPER_167;PAPER_154;PAPER_148;PAPER_158;PAPER_155;ATLAS-13TeV;GWOSC-O4a;GW231123;EHT-SgrA;Chandra-CSC2.1;CAST-ALP;7f9068-thread
PAPER_165,PAPER_063;PAPER_042;PAPER_066;PAPER_159;PAPER_161;7f9068-thread
PAPER_1650,PAPER_1209;PAPER_13;PAPER_1326;PAPER_1494;PAPER_1636
PAPER_1652,PAPER_1209;PAPER_13;PAPER_1331;PAPER_1373;PAPER_1494;PAPER_1505;PAPER_1537;PAPER_1573;PAPER_1636;PAPER_1650;PAPER_1655
PAPER_1655,PAPER_1209;PAPER_13;PAPER_1340;PAPER_1373;PAPER_1494;PAPER_1505;PAPER_1537;PAPER_1573;PAPER_1636;PAPER_1650;PAPER_1652
PAPER_166,PAPER_064;PAPER_086;PAPER_157;7f9068-thread
PAPER_1666,PAPER_136;PAPER_1361;PAPER_1636;PAPER_1646;PAPER_1656
PAPER_167,PAPER_164;PAPER_160;PAPER_113;PAPER_163;PAPER_156;PAPER_152;GW231123-LVK-O4;7f9068-thread
PAPER_1676,PAPER_14;PAPER_145;PAPER_1456;PAPER_1656;PAPER_1666
PAPER_168,PAPER_157;PAPER_158;PAPER_146;PAPER_152;7f9068-thread
PAPER_1686,PAPER_127;PAPER_1273;PAPER_1666;PAPER_1676
PAPER_169,PAPER_157;PAPER_158;PAPER_168;PAPER_196;Gadget-4-comparison;381a8fe7-thread
PAPER_1696,PAPER_115;PAPER_1156;PAPER_1676;PAPER_1686
PAPER_170,PAPER_171;PAPER_172;PAPER_157;PAPER_162;381a8fe7-thread
PAPER_1700,PAPER_115;PAPER_1161;PAPER_1676;PAPER_1686
PAPER_1706,PAPER_1196;PAPER_1686;PAPER_1696
PAPER_171,PAPER_170;PAPER_172;PAPER_175;PAPER_176;PAPER_166;PAPER_148;PAPER_2152-provenance;PAPER_1203-drift;381a8fe7-thread
PAPER_172,PAPER_171;PAPER_173;PAPER_174;PAPER_177;PAPER_152;PAPER_158;PAPER_165;PAPER_1203-drift;381a8fe7-thread
PAPER_173,PAPER_174;PAPER_090;PAPER_163;PAPER_172;PAPER_152;PAPER_138;SOURCE4-3e66d94;381a8fe7-thread
PAPER_1736,PAPER_1271;PAPER_1274;PAPER_1716;PAPER_1726
PAPER_174,PAPER_173;PAPER_172;PAPER_159;PAPER_165;PAPER_148;PAPER_152;SOURCE4;381a8fe7-thread
PAPER_1746,PAPER_1199;PAPER_1208;PAPER_1726
PAPER_175,PAPER_171;PAPER_176;PAPER_160;PAPER_1120-level18;381a8fe7-thread
PAPER_1750,PAPER_1199;PAPER_1208;PAPER_1726
PAPER_1756,PAPER_132;PAPER_1327;PAPER_1736;PAPER_1746
PAPER_176,PAPER_171;PAPER_175;PAPER_177;PAPER_161;PAPER_129;predecessor-PAPER_2153-tension;381a8fe7-thread
PAPER_1761,PAPER_132;PAPER_1333;PAPER_1736;PAPER_1746
PAPER_1766,PAPER_142;PAPER_1429;PAPER_1746;PAPER_1756
PAPER_177,PAPER_172;PAPER_174;PAPER_176;PAPER_168;PAPER_154;PAPER_152;Stam-1999-comparison;381a8fe7-thread
PAPER_1776,PAPER_1404;PAPER_1408;PAPER_1766
PAPER_178,PAPER_168;PAPER_169;PAPER_177;381a8fe7-thread
PAPER_179,PAPER_170;PAPER_171;PAPER_176;PAPER_177;PAPER_156;PAPER_167;GRAVITY-2022;381a8fe7-thread
PAPER_180,PAPER_173;PAPER_174;PAPER_177;PAPER_172;381a8fe7-thread
PAPER_1800,PAPER_050;PAPER_1066;PAPER_1080;PAPER_1156;PAPER_1162;PAPER_1163;PAPER_1166;PAPER_1167;PAPER_1168;PAPER_1170;PAPER_1171;PAPER_1227;PAPER_1761;PAPER_556;PAPER_898
PAPER_181,PAPER_172;381a8fe7-extended-audit
PAPER_182,PAPER_170;PAPER_171;PAPER_172;PAPER_176;PAPER_157;PAPER_165;381a8fe7-audit
PAPER_183,PAPER_171;PAPER_176;PAPER_165;PAPER_156;PAPER_167;PAPER_179;PAPER_182;381a8fe7-audit
PAPER_184,PAPER_177;PAPER_154;PAPER_176;PAPER_182;PAPER_183;Prodi-Serrin-comparison;381a8fe7-audit
PAPER_1842,PAPER_1113;PAPER_1114;PAPER_1120;PAPER_1154;PAPER_1156;PAPER_1209;PAPER_1802;PAPER_1810;PAPER_1815;PAPER_1820;PAPER_1821;PAPER_1823;PAPER_1824;PAPER_1826;PAPER_1830;PAPER_1836;PAPER_593;PAPER_646
PAPER_185,PAPER_156;PAPER_179;PAPER_183;S204.2-eta26;Montgomery-GUE-comparison;381a8fe7-audit
PAPER_1850,PAPER_1023;PAPER_1156;PAPER_1203;PAPER_1802;PAPER_1810;PAPER_1815;PAPER_1816;PAPER_1817;PAPER_1823;PAPER_1826;PAPER_1836;PAPER_1847;PAPER_1848;PAPER_1849;PAPER_646
PAPER_186,PAPER_157;PAPER_162;PAPER_170;PAPER_176;PAPER_182;IAU-2015;381a8fe7-v2-rewrite
PAPER_187,PAPER_174;PAPER_180;PAPER_158;PAPER_152;PAPER_186;381a8fe7-v2-rewrite
PAPER_188,PAPER_169;381a8fe7-audit
PAPER_189,PAPER_188;PAPER_169;PAPER_163;PAPER_165;381a8fe7-audit
PAPER_1893,PAPER_1160;PAPER_1841;PAPER_346;PAPER_626;PAPER_922
PAPER_1894,PAPER_040;PAPER_1156;PAPER_1522;PAPER_1653;PAPER_1855;PAPER_1862;PAPER_593
PAPER_1895,PAPER_051;PAPER_1124;PAPER_1156;PAPER_807
PAPER_1896,PAPER_1156;PAPER_1183;PAPER_589
PAPER_1897,PAPER_1863;PAPER_949;PAPER_986
PAPER_1898,PAPER_1068;PAPER_1080;PAPER_1130;PAPER_1521;PAPER_197;PAPER_202;PAPER_646
PAPER_1899,PAPER_1156;PAPER_1521;PAPER_1800;PAPER_1801
PAPER_190,PAPER_189;381a8fe7-audit
PAPER_1900,PAPER_134;PAPER_1868;PAPER_400
PAPER_1901,PAPER_1048;PAPER_597;PAPER_815
PAPER_1902,PAPER_1236;PAPER_208;PAPER_327;PAPER_337;PAPER_842
PAPER_1903,PAPER_1156;PAPER_1160;PAPER_1521;PAPER_1522;PAPER_1617;PAPER_1697;PAPER_592;PAPER_593
PAPER_1904,PAPER_1065;PAPER_1236;PAPER_1841;PAPER_1902;PAPER_646
PAPER_1905,PAPER_1160;PAPER_1522;PAPER_1783;PAPER_1868
PAPER_1906,PAPER_1065;PAPER_1141;PAPER_1841;PAPER_1855;PAPER_1860;PAPER_1884;PAPER_1904;PAPER_1905;PAPER_266;PAPER_593;PAPER_646
PAPER_1907,PAPER_1080;PAPER_1133;PAPER_1136;PAPER_1834
PAPER_1908,PAPER_1141;PAPER_1904;PAPER_1907
PAPER_1909,PAPER_1907;PAPER_228;PAPER_243;PAPER_434
PAPER_191,PAPER_189;PAPER_190;381a8fe7-audit
PAPER_1910,PAPER_1051;PAPER_1072;PAPER_1160;PAPER_1484;PAPER_1906;PAPER_1907;PAPER_1908;PAPER_266;PAPER_464;PAPER_703
PAPER_1911,PAPER_1160;PAPER_1521;PAPER_1907;PAPER_1909;PAPER_228;PAPER_243
PAPER_1912,PAPER_1041;PAPER_1160;PAPER_223;PAPER_259;PAPER_443;PAPER_703
PAPER_1913,PAPER_1051;PAPER_1160;PAPER_1912;PAPER_359;PAPER_361
PAPER_1914,PAPER_1156;PAPER_1203;PAPER_1521;PAPER_1883;PAPER_436;PAPER_583;PAPER_592;PAPER_593;PAPER_598;PAPER_657
PAPER_1915,PAPER_1156;PAPER_1203;PAPER_1488;PAPER_1497;PAPER_1521;PAPER_1845;PAPER_1854;PAPER_1905;PAPER_1906;PAPER_1909;PAPER_1912;PAPER_1913;PAPER_1914;PAPER_1916;PAPER_228;PAPER_243;PAPER_361;PAPER_436;PAPER_443;PAPER_598;PAPER_657
PAPER_1916,PAPER_1203;PAPER_1521;PAPER_1824;PAPER_1876;PAPER_1906;PAPER_1915;PAPER_598;PAPER_657
PAPER_1917,PAPER_1203;PAPER_1521;PAPER_1824;PAPER_1915;PAPER_1916;PAPER_598;PAPER_657
PAPER_1918,PAPER_1043;PAPER_1187;PAPER_1203;PAPER_1484;PAPER_1862;PAPER_1912;PAPER_1913;PAPER_1914;PAPER_1915;PAPER_1916;PAPER_1917;PAPER_464;PAPER_598;PAPER_657
PAPER_1919,PAPER_043;PAPER_070;PAPER_1056;PAPER_1078;PAPER_1160;PAPER_1180;PAPER_1677;PAPER_1754;PAPER_1823;PAPER_1824;PAPER_1835;PAPER_1838;PAPER_1850;PAPER_1855;PAPER_1869;PAPER_1873;PAPER_1876;PAPER_1880;PAPER_1913;PAPER_1914;PAPER_1915;PAPER_1917;PAPER_1918;PAPER_1942;PAPER_1981;PAPER_1985;PAPER_1986;PAPER_1989;PAPER_1990;PAPER_1991;PAPER_313;PAPER_436;PAPER_646
PAPER_192,PAPER_189;PAPER_191;381a8fe7-audit
PAPER_1920,PAPER_1156;PAPER_1203;PAPER_1318;PAPER_1522;PAPER_1845;PAPER_1854;PAPER_1856;PAPER_1915;PAPER_1916;PAPER_1917;PAPER_1919;PAPER_598;PAPER_657
PAPER_1921,PAPER_1203;PAPER_1855;PAPER_1862;PAPER_1915;PAPER_1916;PAPER_1917;PAPER_1920;PAPER_275
PAPER_1922,PAPER_1160;PAPER_1203;PAPER_1207;PAPER_1236;PAPER_1400;PAPER_1504;PAPER_173;PAPER_18;PAPER_1808;PAPER_1809;PAPER_1811;PAPER_1826;PAPER_1833;PAPER_1834;PAPER_1835;PAPER_1839;PAPER_1853;PAPER_1858;PAPER_1859;PAPER_1860;PAPER_1861;PAPER_1863;PAPER_1864;PAPER_1865;PAPER_1866;PAPER_1867;PAPER_1871;PAPER_1874;PAPER_1875;PAPER_1876;PAPER_1878;PAPER_1881;PAPER_1882;PAPER_1884;PAPER_1886;PAPER_1887;PAPER_1905;PAPER_1916;PAPER_1917;PAPER_1918
PAPER_1923,PAPER_1160;PAPER_1203;PAPER_147;PAPER_173;PAPER_1913;PAPER_1916;PAPER_1917;PAPER_1918;PAPER_1920;PAPER_1921;PAPER_1922;PAPER_408;PAPER_456;PAPER_598;PAPER_657
PAPER_193,PAPER_169;PAPER_171;PAPER_172;381a8fe7-audit
PAPER_1937,PAPER_1522;PAPER_1852;PAPER_1854;PAPER_1857;PAPER_1886;PAPER_1908;PAPER_1912;PAPER_1929;PAPER_1932;PAPER_1936
PAPER_194,PAPER_178;PAPER_193;381a8fe7-audit
PAPER_1940,PAPER_1927;PAPER_1936;PAPER_1939;PAPER_536;PAPER_541;PAPER_646
PAPER_1941,PAPER_1141;PAPER_1203;PAPER_1521;PAPER_1522;PAPER_1917;PAPER_228;PAPER_646;PAPER_756
PAPER_1942,PAPER_038;PAPER_1121;PAPER_1203;PAPER_1677;PAPER_1869;PAPER_1916;PAPER_1919;PAPER_1920;PAPER_260;PAPER_435;PAPER_536;PAPER_646
PAPER_1943,PAPER_1025;PAPER_1521;PAPER_1675;PAPER_1676;PAPER_1914;PAPER_1940;PAPER_1941;PAPER_242;PAPER_436;PAPER_592;PAPER_593;PAPER_646
PAPER_1944,PAPER_013;PAPER_066;PAPER_094;PAPER_1024;PAPER_1188;PAPER_1203;PAPER_1513;PAPER_1677;PAPER_1819;PAPER_1869;PAPER_1874;PAPER_1916;PAPER_1919;PAPER_1920;PAPER_1940;PAPER_1942;PAPER_1945;PAPER_266;PAPER_431;PAPER_536;PAPER_646
PAPER_1945,PAPER_1203;PAPER_1513;PAPER_1677;PAPER_1819;PAPER_1869;PAPER_1874;PAPER_1916;PAPER_1919;PAPER_1920;PAPER_1942;PAPER_1944;PAPER_1946;PAPER_1947;PAPER_226;PAPER_266;PAPER_430;PAPER_431;PAPER_536;PAPER_646
PAPER_1946,PAPER_013;PAPER_066;PAPER_1024;PAPER_1188;PAPER_1521;PAPER_1522;PAPER_1857;PAPER_1940;PAPER_1941;PAPER_1944;PAPER_1945;PAPER_1947;PAPER_226;PAPER_430;PAPER_431;PAPER_435;PAPER_536;PAPER_912;PAPER_913
PAPER_1947,PAPER_092;PAPER_1025;PAPER_1031;PAPER_1141;PAPER_1237;PAPER_1260;PAPER_1677;PAPER_1841;PAPER_1869;PAPER_1904;PAPER_1919;PAPER_1929;PAPER_1938;PAPER_1940;PAPER_1941;PAPER_1942;PAPER_1943;PAPER_1944;PAPER_1945;PAPER_1948;PAPER_228;PAPER_234;PAPER_344;PAPER_432;PAPER_595;PAPER_646;PAPER_754;PAPER_756
PAPER_1948,PAPER_1521;PAPER_1522;PAPER_1941;PAPER_1942;PAPER_1946;PAPER_1947;PAPER_219;PAPER_229;PAPER_260;PAPER_285;PAPER_435;PAPER_440;PAPER_442;PAPER_450;PAPER_646;PAPER_708;PAPER_744
PAPER_1949,PAPER_1203;PAPER_1521;PAPER_1522;PAPER_1677;PAPER_1821;PAPER_1829;PAPER_1869;PAPER_1880;PAPER_1916;PAPER_1919;PAPER_1920;PAPER_1929;PAPER_1938;PAPER_1941;PAPER_1942;PAPER_1944;PAPER_1945;PAPER_1947;PAPER_1950;PAPER_264;PAPER_266;PAPER_344;PAPER_536;PAPER_646
PAPER_195,PAPER_186;PAPER_170;PAPER_193;381a8fe7-audit
PAPER_1950,PAPER_093;PAPER_1237;PAPER_1841;PAPER_1876;PAPER_1879;PAPER_1904;PAPER_1929;PAPER_1941;PAPER_1947;PAPER_344;PAPER_346;PAPER_646
PAPER_1951,PAPER_1037;PAPER_1677;PAPER_1869;PAPER_1879;PAPER_1912;PAPER_1919;PAPER_1942;PAPER_1944;PAPER_1945;PAPER_1947;PAPER_1949;PAPER_264;PAPER_435;PAPER_440;PAPER_442;PAPER_443;PAPER_536;PAPER_646;PAPER_703
PAPER_1952,PAPER_038;PAPER_1037;PAPER_144;PAPER_1521;PAPER_1522;PAPER_1904;PAPER_1941;PAPER_1946;PAPER_1947;PAPER_1948;PAPER_435;PAPER_440;PAPER_442;PAPER_646
PAPER_1953,PAPER_1500;PAPER_1521;PAPER_1522;PAPER_1544;PAPER_1841;PAPER_1879;PAPER_1927;PAPER_1929;PAPER_1940;PAPER_1941;PAPER_1947;PAPER_1948;PAPER_1949;PAPER_1951;PAPER_1952;PAPER_346;PAPER_646
PAPER_1954,PAPER_1521;PAPER_1522;PAPER_1549;PAPER_1846;PAPER_1865;PAPER_1904;PAPER_1940;PAPER_1941;PAPER_1943;PAPER_1947;PAPER_1948;PAPER_1949;PAPER_1951;PAPER_1952;PAPER_1953;PAPER_646
PAPER_1955,PAPER_075;PAPER_148;PAPER_1919;PAPER_1922;PAPER_1941;PAPER_1944;PAPER_1946;PAPER_1948;PAPER_1949;PAPER_1951;PAPER_1952;PAPER_1953;PAPER_1954;PAPER_1972;PAPER_1976;PAPER_1982;PAPER_1985;PAPER_1987;PAPER_1988;PAPER_1989;PAPER_1990;PAPER_1991;PAPER_442;PAPER_646;PAPER_782;PAPER_797
PAPER_1956,PAPER_1157;PAPER_1235;PAPER_1500;PAPER_1675;PAPER_1676;PAPER_1740;PAPER_1841;PAPER_1856;PAPER_1867;PAPER_1940;PAPER_1941;PAPER_1947;PAPER_1948;PAPER_1949;PAPER_1951;PAPER_1953;PAPER_1954;PAPER_1955;PAPER_646
PAPER_1957,PAPER_067;PAPER_1125;PAPER_1141;PAPER_1521;PAPER_1522;PAPER_1846;PAPER_1848;PAPER_1946;PAPER_1947;PAPER_1949;PAPER_1954;PAPER_1955;PAPER_228;PAPER_346;PAPER_347;PAPER_627;PAPER_756
PAPER_1958,PAPER_038;PAPER_067;PAPER_1037;PAPER_1129;PAPER_129;PAPER_1521;PAPER_1522;PAPER_1930;PAPER_1941;PAPER_1947;PAPER_1949;PAPER_1953;PAPER_1954;PAPER_1955;PAPER_1957;PAPER_234;PAPER_346;PAPER_347;PAPER_627
PAPER_1959,PAPER_1020;PAPER_1521;PAPER_1522;PAPER_1618;PAPER_1927;PAPER_1930;PAPER_1949;PAPER_1953;PAPER_1954;PAPER_1955;PAPER_1957;PAPER_1958
PAPER_196,PAPER_171;PAPER_169;PAPER_187;PAPER_1154;7514fe-thread;UQFF-22Sept2025-PDF
PAPER_1960,PAPER_1080;PAPER_1141;PAPER_1507;PAPER_1521;PAPER_1522;PAPER_1823;PAPER_1824;PAPER_1835;PAPER_1838;PAPER_1850;PAPER_1851;PAPER_1852;PAPER_1869;PAPER_1919;PAPER_1935;PAPER_1949;PAPER_1953;PAPER_1954;PAPER_1955;PAPER_1957;PAPER_1958;PAPER_1959
PAPER_1961,PAPER_038;PAPER_1015;PAPER_1037;PAPER_1141;PAPER_129;PAPER_1336;PAPER_1507;PAPER_1521;PAPER_1522;PAPER_1618;PAPER_1803;PAPER_1842;PAPER_1845;PAPER_1846;PAPER_1848;PAPER_1849;PAPER_1919;PAPER_1926;PAPER_1954;PAPER_1955;PAPER_1957;PAPER_1958;PAPER_1959;PAPER_1960;PAPER_1962;PAPER_1963;PAPER_234;PAPER_347;PAPER_734
PAPER_1962,PAPER_1141;PAPER_1203;PAPER_144;PAPER_1507;PAPER_1521;PAPER_1522;PAPER_1803;PAPER_1917;PAPER_1927;PAPER_1954;PAPER_1955;PAPER_1957;PAPER_1958;PAPER_1959;PAPER_1960;PAPER_1961;PAPER_1963;PAPER_1964;PAPER_454;PAPER_466;PAPER_487;PAPER_692;PAPER_752
PAPER_1963,PAPER_001;PAPER_038;PAPER_1037;PAPER_129;PAPER_1521;PAPER_1522;PAPER_1652;PAPER_1810;PAPER_1811;PAPER_1812;PAPER_189;PAPER_1898;PAPER_191;PAPER_192;PAPER_1928;PAPER_1931;PAPER_1949;PAPER_1953;PAPER_1954;PAPER_1955;PAPER_1958;PAPER_1959;PAPER_1960;PAPER_1961;PAPER_1962;PAPER_1964;PAPER_234;PAPER_347
PAPER_1964,PAPER_1141;PAPER_1507;PAPER_1521;PAPER_1522;PAPER_1652;PAPER_1803;PAPER_1810;PAPER_189;PAPER_1917;PAPER_1919;PAPER_1927;PAPER_1928;PAPER_1931;PAPER_1937;PAPER_1953;PAPER_1954;PAPER_1955;PAPER_1957;PAPER_1958;PAPER_1959;PAPER_1960;PAPER_1961;PAPER_1962;PAPER_1963;PAPER_734
PAPER_1965,PAPER_1092;PAPER_1093;PAPER_1094;PAPER_1165;PAPER_1259;PAPER_1267;PAPER_1268;PAPER_1472;PAPER_1479;PAPER_1521;PAPER_1522;PAPER_1856;PAPER_1917;PAPER_1929;PAPER_1930;PAPER_1959;PAPER_1960;PAPER_1961;PAPER_1962;PAPER_1964
PAPER_1966,PAPER_100;PAPER_1065;PAPER_1160;PAPER_1165;PAPER_1167;PAPER_1168;PAPER_1169;PAPER_1190;PAPER_1203;PAPER_1512;PAPER_1521;PAPER_1522;PAPER_1900;PAPER_1909;PAPER_1919;PAPER_1930;PAPER_1952;PAPER_1953;PAPER_1955;PAPER_1960;PAPER_1961;PAPER_1962;PAPER_1964;PAPER_1965;PAPER_1967;PAPER_774;PAPER_784
PAPER_1967,PAPER_1065;PAPER_1165;PAPER_1167;PAPER_1168;PAPER_1169;PAPER_1203;PAPER_1512;PAPER_1521;PAPER_1522;PAPER_1885;PAPER_1953;PAPER_1960;PAPER_1966;PAPER_774;PAPER_784
PAPER_1968,PAPER_1065;PAPER_1224;PAPER_1521;PAPER_1522;PAPER_1841;PAPER_1855;PAPER_1860;PAPER_1884;PAPER_1905;PAPER_1906;PAPER_1955;PAPER_1960;PAPER_1965;PAPER_1966;PAPER_1967;PAPER_210;PAPER_266
PAPER_1969,PAPER_115;PAPER_1160;PAPER_1163;PAPER_1203;PAPER_1521;PAPER_1522;PAPER_161;PAPER_1677;PAPER_1856;PAPER_1869;PAPER_1893;PAPER_1908;PAPER_1916;PAPER_1919;PAPER_1920;PAPER_1942;PAPER_1944;PAPER_1945;PAPER_1947;PAPER_1949;PAPER_1957;PAPER_1960;PAPER_1965;PAPER_264;PAPER_347;PAPER_374;PAPER_646;PAPER_910;PAPER_922
PAPER_197,PAPER_196;PAPER_172;PAPER_063;PAPER_182;PAPER_193;7514fe-thread
PAPER_1970,PAPER_040;PAPER_1160;PAPER_1187;PAPER_1203;PAPER_1472;PAPER_1521;PAPER_1522;PAPER_1894;PAPER_1898;PAPER_1918;PAPER_1929;PAPER_1931;PAPER_1949;PAPER_1955;PAPER_1960;PAPER_1965;PAPER_251;PAPER_424;PAPER_646
PAPER_1971,PAPER_1373;PAPER_138;PAPER_1483;PAPER_150;PAPER_1506;PAPER_1518;PAPER_1521;PAPER_1522;PAPER_1536;PAPER_1856;PAPER_1887;PAPER_1918;PAPER_1955;PAPER_1960;PAPER_1964;PAPER_1965;PAPER_1969;PAPER_1970;PAPER_218;PAPER_308;PAPER_464;PAPER_824;PAPER_902
PAPER_1972,PAPER_055;PAPER_138;PAPER_150;PAPER_1521;PAPER_1522;PAPER_1909;PAPER_1911;PAPER_1913;PAPER_1955;PAPER_1960;PAPER_1965;PAPER_1969;PAPER_1970;PAPER_1971;PAPER_235;PAPER_774;PAPER_778;PAPER_784
PAPER_1973,PAPER_1521;PAPER_1522;PAPER_1855;PAPER_1884;PAPER_1906;PAPER_1913;PAPER_1942;PAPER_1948;PAPER_1955;PAPER_1960;PAPER_1968;PAPER_1969;PAPER_1970;PAPER_1971;PAPER_1972;PAPER_704;PAPER_759
PAPER_1974,PAPER_1521;PAPER_1522;PAPER_1536;PAPER_1887;PAPER_1918;PAPER_1955;PAPER_1960;PAPER_1968;PAPER_1969;PAPER_1970;PAPER_1971;PAPER_222;PAPER_704;PAPER_759;PAPER_902
PAPER_1975,PAPER_1160;PAPER_1521;PAPER_1522;PAPER_1828;PAPER_1857;PAPER_1908;PAPER_1911;PAPER_1937;PAPER_1938;PAPER_1960;PAPER_1968;PAPER_1969;PAPER_1970;PAPER_1972;PAPER_1974;PAPER_230;PAPER_262;PAPER_438
PAPER_1976,PAPER_1165;PAPER_1478;PAPER_1521;PAPER_1522;PAPER_1861;PAPER_1891;PAPER_1906;PAPER_1918;PAPER_1946;PAPER_1948;PAPER_1949;PAPER_1952;PAPER_1955;PAPER_1960;PAPER_1966;PAPER_1968;PAPER_1970;PAPER_1972;PAPER_1973;PAPER_1974;PAPER_1975;PAPER_231;PAPER_265;PAPER_266;PAPER_435;PAPER_440;PAPER_444
PAPER_1977,PAPER_1050;PAPER_1160;PAPER_1518;PAPER_1521;PAPER_1522;PAPER_1746;PAPER_1918;PAPER_1919;PAPER_1949;PAPER_1955;PAPER_1960;PAPER_1968;PAPER_1972;PAPER_278;PAPER_279
PAPER_1978,PAPER_1141;PAPER_140;PAPER_1521;PAPER_1522;PAPER_1917;PAPER_1918;PAPER_1919;PAPER_1920;PAPER_1936;PAPER_1941;PAPER_1960;PAPER_1965;PAPER_1968;PAPER_1970;PAPER_1971;PAPER_1972;PAPER_1977;PAPER_279
PAPER_1979,PAPER_1160;PAPER_140;PAPER_1521;PAPER_1522;PAPER_1677;PAPER_1869;PAPER_1918;PAPER_1919;PAPER_1942;PAPER_1944;PAPER_1945;PAPER_1946;PAPER_1960;PAPER_1968;PAPER_1972;PAPER_1977;PAPER_1978;PAPER_266;PAPER_277;PAPER_279;PAPER_431;PAPER_693;PAPER_763
PAPER_198,PAPER_196;PAPER_197;predecessor-PAPER_2151;BB_C_Equations-04Sept2025;7514fe-thread
PAPER_1980,PAPER_1521;PAPER_1522;PAPER_1677;PAPER_1869;PAPER_1918;PAPER_1919;PAPER_1942;PAPER_1948;PAPER_1953;PAPER_1960;PAPER_1977;PAPER_1978;PAPER_1979;PAPER_219;PAPER_260;PAPER_284;PAPER_285;PAPER_435;PAPER_744
PAPER_1981,PAPER_1160;PAPER_1486;PAPER_1521;PAPER_1522;PAPER_1906;PAPER_1907;PAPER_1908;PAPER_1911;PAPER_1918;PAPER_1919;PAPER_1938;PAPER_1942;PAPER_1960;PAPER_1972;PAPER_1974;PAPER_1975;PAPER_1976;PAPER_1977;PAPER_1978;PAPER_1979;PAPER_1980;PAPER_536;PAPER_646;PAPER_811
PAPER_1982,PAPER_055;PAPER_1522;PAPER_1948;PAPER_1952;PAPER_1955;PAPER_1960;PAPER_1976;PAPER_1980;PAPER_1981;PAPER_247;PAPER_265;PAPER_435;PAPER_440;PAPER_441;PAPER_442;PAPER_444;PAPER_811
PAPER_1983,PAPER_1009;PAPER_1010;PAPER_1041;PAPER_1160;PAPER_1823;PAPER_1824;PAPER_1835;PAPER_1850;PAPER_1869;PAPER_1877;PAPER_1880;PAPER_1918;PAPER_1919;PAPER_1942;PAPER_1960;PAPER_1972;PAPER_1974;PAPER_1975;PAPER_1976;PAPER_1977;PAPER_1978;PAPER_1979;PAPER_1980;PAPER_1981;PAPER_1982;PAPER_1985;PAPER_360;PAPER_592;PAPER_646
PAPER_1984,PAPER_1441;PAPER_1522;PAPER_1912;PAPER_1913;PAPER_1918;PAPER_1919;PAPER_1948;PAPER_1952;PAPER_1955;PAPER_1971;PAPER_1974;PAPER_1976;PAPER_1980;PAPER_1981;PAPER_1982;PAPER_1983;PAPER_361;PAPER_440;PAPER_646;PAPER_902
PAPER_1985,PAPER_1677;PAPER_1823;PAPER_1824;PAPER_1835;PAPER_1836;PAPER_1850;PAPER_1869;PAPER_1880;PAPER_1908;PAPER_1917;PAPER_1918;PAPER_1919;PAPER_1942;PAPER_1944;PAPER_1952;PAPER_1955;PAPER_1962;PAPER_1971;PAPER_1975;PAPER_1981;PAPER_1984;PAPER_438
PAPER_1986,PAPER_043;PAPER_049;PAPER_063;PAPER_066;PAPER_070;PAPER_1056;PAPER_1078;PAPER_1079;PAPER_1109;PAPER_1180;PAPER_1835;PAPER_1914;PAPER_1919;PAPER_1981;PAPER_1985;PAPER_292;PAPER_588;PAPER_646
PAPER_1987,PAPER_1080;PAPER_1203;PAPER_1267;PAPER_1406;PAPER_1512;PAPER_1521;PAPER_1822;PAPER_1828;PAPER_1857;PAPER_1885;PAPER_1908;PAPER_1911;PAPER_1914;PAPER_1918;PAPER_1927;PAPER_1929;PAPER_1936;PAPER_1937;PAPER_1938;PAPER_1939;PAPER_1940;PAPER_1972;PAPER_1975;PAPER_1984;PAPER_1985;PAPER_598;PAPER_657
PAPER_1988,PAPER_038;PAPER_090;PAPER_1067;PAPER_1203;PAPER_173;PAPER_1916;PAPER_1917;PAPER_1923;PAPER_1940;PAPER_1964;PAPER_1965;PAPER_377;PAPER_452
PAPER_1989,PAPER_001;PAPER_003;PAPER_006;PAPER_009;PAPER_011;PAPER_014;PAPER_1050;PAPER_1096;PAPER_1105;PAPER_1160;PAPER_1175;PAPER_1180;PAPER_1486;PAPER_1677;PAPER_1739;PAPER_1775;PAPER_1823;PAPER_1824;PAPER_1835;PAPER_1836;PAPER_1838;PAPER_1850;PAPER_1855;PAPER_186;PAPER_1869;PAPER_1880;PAPER_1911;PAPER_1914;PAPER_1919;PAPER_1942;PAPER_1944;PAPER_1952;PAPER_1955;PAPER_1976;PAPER_1981;PAPER_1985;PAPER_1986;PAPER_1987;PAPER_1988;PAPER_646
PAPER_199,PAPER_198;PAPER_196;PAPER_175;predecessor-PAPER_2151;BB_C_Equations-04Sept2025;7514fe-thread
PAPER_1990,PAPER_1202;PAPER_1919;PAPER_1922;PAPER_1938;PAPER_1946;PAPER_1948;PAPER_1952;PAPER_1955;PAPER_1976;PAPER_1984;PAPER_1985;PAPER_1986;PAPER_1987;PAPER_1988;PAPER_1989
PAPER_1991,PAPER_1677;PAPER_1852;PAPER_1869;PAPER_1911;PAPER_1919;PAPER_1942;PAPER_1944;PAPER_1952;PAPER_1955;PAPER_1972;PAPER_1979;PAPER_1985;PAPER_1989;PAPER_1990;PAPER_266;PAPER_313;PAPER_431;PAPER_763
PAPER_1992,PAPER_1154;PAPER_1522;PAPER_1917;PAPER_1937;PAPER_1958;PAPER_1975;PAPER_462;PAPER_463
PAPER_1993,PAPER_1202;PAPER_1869;PAPER_1880;PAPER_1919;PAPER_1938;PAPER_1942;PAPER_1955;PAPER_1985;PAPER_1986;PAPER_1989;PAPER_1990;PAPER_1991
PAPER_1994,PAPER_1868;PAPER_1908;PAPER_1919;PAPER_1938;PAPER_1945;PAPER_1952;PAPER_1955;PAPER_1976;PAPER_1985;PAPER_1990;PAPER_1991;PAPER_1993
PAPER_1995,PAPER_1823;PAPER_1824;PAPER_1869;PAPER_1919;PAPER_1945;PAPER_1946;PAPER_1948;PAPER_1979;PAPER_1980;PAPER_1981;PAPER_1983;PAPER_1991
PAPER_1996,PAPER_038;PAPER_1204;PAPER_1544;PAPER_1890;PAPER_1919;PAPER_1938;PAPER_1946;PAPER_1948;PAPER_1952;PAPER_1955;PAPER_1976;PAPER_300;PAPER_303
PAPER_1997,PAPER_1119;PAPER_1852;PAPER_1947;PAPER_1948;PAPER_1955;PAPER_1959;PAPER_1966;PAPER_1972;PAPER_1993;PAPER_1994;PAPER_266;PAPER_784
PAPER_1998,PAPER_1119;PAPER_1852;PAPER_1962;PAPER_1979;PAPER_1983;PAPER_1994;PAPER_1995;PAPER_1997
PAPER_1999,PAPER_1048;PAPER_1051;PAPER_1119;PAPER_1544;PAPER_1821;PAPER_1828;PAPER_1852;PAPER_1856;PAPER_1879;PAPER_1890;PAPER_1901;PAPER_1920;PAPER_1955;PAPER_1956;PAPER_1993;PAPER_1997;PAPER_1998;PAPER_390
PAPER_200,PAPER_198;PAPER_199;PAPER_171;predecessor-PAPER_1072;BB_C_Equations-04Sept2025;7514fe-thread
PAPER_2000,PAPER_001;PAPER_1677;PAPER_1823;PAPER_1824;PAPER_1869;PAPER_1919;PAPER_1938;PAPER_1945;PAPER_1948;PAPER_1972;PAPER_1979;PAPER_1981;PAPER_1983;PAPER_1986;PAPER_1988;PAPER_1991;PAPER_1994;PAPER_1995;PAPER_1997;PAPER_1998;PAPER_3000;PAPER_434;PAPER_784
PAPER_2001,PAPER_1845;PAPER_1856;PAPER_1863;PAPER_1920;PAPER_1922;PAPER_1927;PAPER_1931;PAPER_1944;PAPER_1945;PAPER_1958;PAPER_1979;PAPER_1985;PAPER_1995;PAPER_1999;PAPER_740
PAPER_2002,PAPER_1874;PAPER_1919;PAPER_1927;PAPER_1946;PAPER_1955;PAPER_1972;PAPER_1978;PAPER_1979;PAPER_1996;PAPER_1997;PAPER_2001;PAPER_266;PAPER_784
PAPER_2003,PAPER_1879;PAPER_1922;PAPER_1948;PAPER_1955;PAPER_1966;PAPER_1968;PAPER_1971;PAPER_1972;PAPER_1978;PAPER_2001;PAPER_2002
PAPER_2004,PAPER_1919;PAPER_1922;PAPER_1948;PAPER_1950;PAPER_1953;PAPER_1955;PAPER_1956;PAPER_1966;PAPER_1971;PAPER_1972;PAPER_1978;PAPER_2001;PAPER_2002;PAPER_2003
PAPER_2005,PAPER_1181;PAPER_1676;PAPER_1828;PAPER_1883;PAPER_1886;PAPER_1931;PAPER_1946;PAPER_1953;PAPER_1955;PAPER_1956;PAPER_1972;PAPER_1982;PAPER_1983;PAPER_1984;PAPER_2002;PAPER_2003;PAPER_2004;PAPER_784
PAPER_2006,PAPER_1845;PAPER_1879;PAPER_1885;PAPER_1919;PAPER_1923;PAPER_1948;PAPER_1951;PAPER_1953;PAPER_1956;PAPER_1958;PAPER_1982;PAPER_1983;PAPER_1989;PAPER_2001;PAPER_2002;PAPER_2003;PAPER_2004;PAPER_2005;PAPER_449
PAPER_2007,PAPER_1552;PAPER_1676;PAPER_1835;PAPER_1874;PAPER_1885;PAPER_1927;PAPER_1928;PAPER_1931;PAPER_1938;PAPER_1946;PAPER_1956;PAPER_1972;PAPER_1981;PAPER_1986;PAPER_2001;PAPER_2002;PAPER_2004;PAPER_2005;PAPER_2006
PAPER_2008,PAPER_1824;PAPER_1839;PAPER_1842;PAPER_1846;PAPER_1865;PAPER_1866;PAPER_1869;PAPER_1875;PAPER_1911;PAPER_1919;PAPER_1927;PAPER_1954;PAPER_1971;PAPER_1974;PAPER_1983;PAPER_1991;PAPER_2004;PAPER_2005;PAPER_2006;PAPER_2007;PAPER_646
PAPER_2009,PAPER_1521;PAPER_1849;PAPER_1852;PAPER_1909;PAPER_1919;PAPER_1930;PAPER_1948;PAPER_1955;PAPER_1958;PAPER_1981;PAPER_1989;PAPER_1992;PAPER_2004;PAPER_2005;PAPER_2006;PAPER_2007;PAPER_2008;PAPER_646
PAPER_201,PAPER_198;PAPER_200;PAPER_196;LIGO-GWTC-4.0;EHT-M87;PSR-B1913+16;AT2017gfo;7514fe-thread
PAPER_2010,PAPER_1885;PAPER_1911;PAPER_1927;PAPER_1930;PAPER_1946;PAPER_1955;PAPER_1962;PAPER_1971;PAPER_1972;PAPER_1978;PAPER_1989;PAPER_2002;PAPER_2003;PAPER_2004;PAPER_2005;PAPER_2006;PAPER_2007;PAPER_2008;PAPER_2009
PAPER_2011,PAPER_1521;PAPER_1849;PAPER_1852;PAPER_1885;PAPER_1919;PAPER_1927;PAPER_1955;PAPER_1962;PAPER_1972;PAPER_1984;PAPER_1985;PAPER_1994;PAPER_1997;PAPER_2002;PAPER_2009;PAPER_2010
PAPER_2012,PAPER_1268;PAPER_1404;PAPER_1521;PAPER_1919;PAPER_1927;PAPER_1949;PAPER_1955;PAPER_1960;PAPER_1972;PAPER_1979;PAPER_1982;PAPER_1983;PAPER_1984;PAPER_1985;PAPER_1989;PAPER_1990;PAPER_2004;PAPER_2010;PAPER_2011
PAPER_2013,PAPER_1919;PAPER_1946;PAPER_1955;PAPER_1958;PAPER_1970;PAPER_1972;PAPER_1979;PAPER_1985;PAPER_1990;PAPER_1997;PAPER_2004;PAPER_2010;PAPER_2011;PAPER_2012
PAPER_2014,PAPER_1253;PAPER_1399;PAPER_1552;PAPER_1943;PAPER_1948;PAPER_1952;PAPER_1955;PAPER_1972;PAPER_1982;PAPER_1985;PAPER_1989;PAPER_1991;PAPER_2003;PAPER_2004;PAPER_2005;PAPER_2010;PAPER_2011;PAPER_2012;PAPER_2013
PAPER_2015,PAPER_1253;PAPER_1399;PAPER_1552;PAPER_1852;PAPER_1955;PAPER_2003;PAPER_2004;PAPER_2012;PAPER_2014
PAPER_2016,PAPER_1911;PAPER_1955;PAPER_1970;PAPER_1972;PAPER_1982;PAPER_1984;PAPER_2005;PAPER_2011;PAPER_2014;PAPER_2015
PAPER_2017,PAPER_1885;PAPER_1946;PAPER_1948;PAPER_1955;PAPER_1976;PAPER_2004;PAPER_2011;PAPER_2012;PAPER_2013;PAPER_2014;PAPER_2015
PAPER_2018,PAPER_1080;PAPER_1919;PAPER_1928;PAPER_1931;PAPER_1978;PAPER_1992;PAPER_2014;PAPER_2015;PAPER_2016;PAPER_2017;PAPER_533;PAPER_535;PAPER_543;PAPER_598;PAPER_854
PAPER_2019,PAPER_1885;PAPER_1948;PAPER_1955;PAPER_1979;PAPER_1982;PAPER_1984;PAPER_1989;PAPER_1990;PAPER_1991;PAPER_2009;PAPER_2010;PAPER_2011;PAPER_2012;PAPER_2013;PAPER_2014;PAPER_2015;PAPER_2016;PAPER_2017;PAPER_2018;PAPER_282;PAPER_742;PAPER_763
PAPER_202,PAPER_199;PAPER_200;PAPER_196;predecessor-PAPER_1156;Planck-2018;7514fe-thread
PAPER_2020,PAPER_1911;PAPER_1919;PAPER_1948;PAPER_1979;PAPER_1995;PAPER_1998;PAPER_2011;PAPER_2013;PAPER_2014;PAPER_2017
PAPER_2021,PAPER_1648;PAPER_1885;PAPER_1919;PAPER_1955;PAPER_1956;PAPER_1962;PAPER_2013;PAPER_2015;PAPER_2019;PAPER_763
PAPER_2022,PAPER_1944;PAPER_1945;PAPER_1949;PAPER_1960;PAPER_1972;PAPER_1990;PAPER_1995;PAPER_2009;PAPER_2013;PAPER_2014;PAPER_2019;PAPER_2021
PAPER_2023,PAPER_1955;PAPER_1960;PAPER_1990;PAPER_1991;PAPER_1993;PAPER_1994;PAPER_2011;PAPER_2012;PAPER_2019;PAPER_2022
PAPER_2024,PAPER_1156;PAPER_1966;PAPER_1972;PAPER_1989;PAPER_1991;PAPER_2013;PAPER_2014;PAPER_2017;PAPER_2019;PAPER_2021;PAPER_2022;PAPER_2023;PAPER_763
PAPER_2025,PAPER_1960;PAPER_1991;PAPER_2000;PAPER_2004;PAPER_2007;PAPER_2014;PAPER_2017;PAPER_2019;PAPER_2022;PAPER_2023;PAPER_2024;PAPER_763
PAPER_2026,PAPER_029;PAPER_1156;PAPER_1330;PAPER_1651;PAPER_1731;PAPER_1960;PAPER_1989;PAPER_2002;PAPER_2013;PAPER_2022;PAPER_2024;PAPER_2025
PAPER_2027,PAPER_1966;PAPER_1989;PAPER_2002;PAPER_2009;PAPER_2017;PAPER_2019;PAPER_2022;PAPER_2023;PAPER_2024;PAPER_2025;PAPER_359;PAPER_379;PAPER_385
PAPER_2028,PAPER_1401;PAPER_1478;PAPER_1837;PAPER_1852;PAPER_1862;PAPER_1932;PAPER_1960;PAPER_1966;PAPER_1976;PAPER_1989;PAPER_2002;PAPER_2017;PAPER_2024;PAPER_291
PAPER_2029,PAPER_1922;PAPER_1990;PAPER_1991;PAPER_2013;PAPER_2014;PAPER_2019;PAPER_2021;PAPER_2022;PAPER_2024;PAPER_2025;PAPER_2027
PAPER_203,PAPER_202;PAPER_199;PAPER_200;predecessor-PAPER_1156;Planck-2018;BICEP-Keck-2021;7514fe-thread
PAPER_2030,PAPER_174;PAPER_180;PAPER_1965;PAPER_1968;PAPER_1972;PAPER_1978;PAPER_1990;PAPER_1993;PAPER_2000;PAPER_2013;PAPER_2014;PAPER_2019;PAPER_2021;PAPER_2022;PAPER_2023;PAPER_2024;PAPER_2025;PAPER_2026;PAPER_2027;PAPER_2029
PAPER_2031,PAPER_1946;PAPER_1948;PAPER_1989;PAPER_2002;PAPER_2004;PAPER_2009;PAPER_2013;PAPER_2017;PAPER_2019;PAPER_2024;PAPER_2025;PAPER_2027;PAPER_857
PAPER_2032,PAPER_1109;PAPER_1509;PAPER_1521;PAPER_174;PAPER_1964;PAPER_1978;PAPER_1991;PAPER_2013;PAPER_2019;PAPER_2021;PAPER_2025;PAPER_2029;PAPER_2030;PAPER_2031;PAPER_323
PAPER_2033,PAPER_145;PAPER_146;PAPER_147;PAPER_1891;PAPER_1911;PAPER_1956;PAPER_1972;PAPER_1980;PAPER_1981;PAPER_1989;PAPER_1991;PAPER_2004;PAPER_2017;PAPER_2019;PAPER_2022;PAPER_2023;PAPER_2025;PAPER_2029;PAPER_2032
PAPER_2034,PAPER_1880;PAPER_1919;PAPER_1993;PAPER_2022;PAPER_2025;PAPER_2026;PAPER_2030;PAPER_2032;PAPER_2033
PAPER_2035,PAPER_1922;PAPER_1972;PAPER_2004;PAPER_2019;PAPER_2022;PAPER_2025;PAPER_2026;PAPER_2029;PAPER_2032;PAPER_2033;PAPER_2034
PAPER_2036,PAPER_1929;PAPER_1931;PAPER_1936;PAPER_1948;PAPER_1952;PAPER_1989;PAPER_1991;PAPER_2011;PAPER_2016;PAPER_2032;PAPER_2033;PAPER_2034;PAPER_2035;PAPER_761
PAPER_2037,PAPER_1524;PAPER_1816;PAPER_1892;PAPER_1958;PAPER_1992;PAPER_2004;PAPER_2022;PAPER_2025;PAPER_2033;PAPER_2035;PAPER_463
PAPER_2038,PAPER_1924;PAPER_1960;PAPER_1972;PAPER_2009;PAPER_2013;PAPER_2014;PAPER_2019;PAPER_2021;PAPER_2022;PAPER_2023;PAPER_2024;PAPER_2025;PAPER_2027;PAPER_2029;PAPER_2030;PAPER_2031;PAPER_646
PAPER_2039,PAPER_1051;PAPER_1921;PAPER_1972;PAPER_2004;PAPER_2005;PAPER_2009;PAPER_2016;PAPER_2019;PAPER_2022;PAPER_2025;PAPER_2027;PAPER_2029;PAPER_2031;PAPER_2032;PAPER_2033;PAPER_2035;PAPER_2037;PAPER_2038;PAPER_463;PAPER_763
PAPER_204,PAPER_199;PAPER_200;predecessor-PAPER_1962;Bullet-Cluster;SDP.81-ALMA;Coma;7514fe-thread
PAPER_2040,PAPER_1270;PAPER_1311;PAPER_1331;PAPER_1354;PAPER_1355;PAPER_1423;PAPER_1521;PAPER_1918;PAPER_1922;PAPER_2004;PAPER_2022;PAPER_2025;PAPER_2029;PAPER_2033;PAPER_2035;PAPER_2037;PAPER_2039;PAPER_597
PAPER_2041,PAPER_062;PAPER_1849;PAPER_1862;PAPER_1869;PAPER_1919;PAPER_1942;PAPER_1944;PAPER_1972;PAPER_2013;PAPER_2016;PAPER_2021
PAPER_2042,PAPER_145;PAPER_1869;PAPER_1894;PAPER_1919;PAPER_1942;PAPER_1955;PAPER_1979;PAPER_1990;PAPER_1991;PAPER_2013;PAPER_2021;PAPER_2022;PAPER_2023;PAPER_2036;PAPER_2041
PAPER_2043,PAPER_1823;PAPER_1835;PAPER_1869;PAPER_1919;PAPER_1942;PAPER_1981;PAPER_1985;PAPER_1986;PAPER_1991;PAPER_2033;PAPER_2034;PAPER_2038;PAPER_2041;PAPER_2042
PAPER_2044,PAPER_1869;PAPER_1880;PAPER_1919;PAPER_1944;PAPER_1955;PAPER_1983;PAPER_1989;PAPER_1994;PAPER_2013;PAPER_2022;PAPER_2023;PAPER_2041;PAPER_2042;PAPER_2043
PAPER_2045,PAPER_102;PAPER_1200;PAPER_1918;PAPER_1955;PAPER_2023;PAPER_2042;PAPER_2043;PAPER_2044
PAPER_2046,PAPER_1955;PAPER_1990;PAPER_2013;PAPER_2022;PAPER_2026;PAPER_2033;PAPER_2034;PAPER_2043
PAPER_2047,PAPER_2004;PAPER_2022;PAPER_2025;PAPER_2033;PAPER_2035;PAPER_2037;PAPER_2038;PAPER_2039;PAPER_2040;PAPER_2043;PAPER_2046
PAPER_2048,PAPER_1141;PAPER_1862;PAPER_1894;PAPER_1914;PAPER_1918;PAPER_1922;PAPER_1956;PAPER_1985;PAPER_2000;PAPER_2004;PAPER_2020;PAPER_2022;PAPER_2025;PAPER_2033;PAPER_2035;PAPER_2037;PAPER_2040;PAPER_2047;PAPER_266
PAPER_2049,PAPER_1876;PAPER_1922;PAPER_1947;PAPER_1955;PAPER_1958;PAPER_1960;PAPER_1968;PAPER_2003;PAPER_2018;PAPER_2045
PAPER_205,PAPER_196;PAPER_175;PAPER_023;Hermite-polynomials;7514fe-thread
PAPER_2050,PAPER_1010;PAPER_102;PAPER_161;PAPER_174;PAPER_1918;PAPER_1919;PAPER_1922;PAPER_1955;PAPER_1960;PAPER_1994;PAPER_2004;PAPER_2005;PAPER_2022;PAPER_2023;PAPER_2025;PAPER_2026;PAPER_2033;PAPER_2034;PAPER_2035;PAPER_2037;PAPER_2039;PAPER_2040;PAPER_2043;PAPER_2045;PAPER_2046;PAPER_2047;PAPER_2048;PAPER_2049;PAPER_763
PAPER_2051,PAPER_174;PAPER_1946;PAPER_1950;PAPER_1990;PAPER_2004;PAPER_2013;PAPER_2017;PAPER_2023;PAPER_2031;PAPER_2042;PAPER_291
PAPER_2052,PAPER_1220;PAPER_1259;PAPER_1261;PAPER_1268;PAPER_1409;PAPER_2004;PAPER_2013;PAPER_2017;PAPER_2031;PAPER_2043;PAPER_2046;PAPER_2047;PAPER_2051
PAPER_2053,PAPER_1841;PAPER_1978;PAPER_2024;PAPER_2027;PAPER_2050;PAPER_298;PAPER_448;PAPER_740;PAPER_747
PAPER_2054,PAPER_019;PAPER_1021;PAPER_1536;PAPER_1887;PAPER_1971;PAPER_1978;PAPER_2043;PAPER_2046;PAPER_2047;PAPER_2052;PAPER_2053;PAPER_779;PAPER_783
PAPER_2055,PAPER_1537;PAPER_1573;PAPER_1887;PAPER_1927;PAPER_1931;PAPER_1971;PAPER_1978;PAPER_2013;PAPER_2037;PAPER_2043;PAPER_2046;PAPER_2047;PAPER_2052;PAPER_2053;PAPER_2054;PAPER_361
PAPER_2056,PAPER_1113;PAPER_1922;PAPER_1962;PAPER_1964;PAPER_1968;PAPER_1978;PAPER_2012;PAPER_2013;PAPER_2043;PAPER_2044;PAPER_2045;PAPER_2049;PAPER_2050;PAPER_2053;PAPER_2054;PAPER_2055
PAPER_2057,PAPER_1964;PAPER_1968;PAPER_1978;PAPER_2004;PAPER_2018;PAPER_2022;PAPER_2025;PAPER_2033;PAPER_2035;PAPER_2037;PAPER_2040;PAPER_2048;PAPER_2054;PAPER_646
PAPER_2058,PAPER_1922;PAPER_1963;PAPER_1968;PAPER_2002;PAPER_2003;PAPER_2043;PAPER_2045;PAPER_2049;PAPER_2050;PAPER_2054;PAPER_2055;PAPER_2056;PAPER_2057;PAPER_361
PAPER_2059,PAPER_1922;PAPER_1953;PAPER_1968;PAPER_2013;PAPER_2023;PAPER_2043;PAPER_2045;PAPER_2049;PAPER_2054;PAPER_2056;PAPER_2058
PAPER_206,PAPER_198;PAPER_196;PAPER_207;Melatos-2008;Antonopoulou-2018;7514fe-thread
PAPER_2060,PAPER_1010;PAPER_1922;PAPER_1968;PAPER_2004;PAPER_2022;PAPER_2043;PAPER_2045;PAPER_2047;PAPER_2049;PAPER_2052;PAPER_2054;PAPER_2055;PAPER_2056;PAPER_2058;PAPER_2059
PAPER_2061,PAPER_1010;PAPER_1931;PAPER_1968;PAPER_1971;PAPER_1978;PAPER_2004;PAPER_2013;PAPER_2037;PAPER_2039;PAPER_2040;PAPER_2043;PAPER_2044;PAPER_2048;PAPER_2050;PAPER_2053;PAPER_2054;PAPER_2055;PAPER_2056;PAPER_2057;PAPER_2058;PAPER_2059;PAPER_2060
PAPER_2062,PAPER_1931;PAPER_1979;PAPER_2004;PAPER_2021;PAPER_2025;PAPER_2054;PAPER_2057;PAPER_2060;PAPER_2061;PAPER_292
PAPER_2063,PAPER_1220;PAPER_1221;PAPER_1236;PAPER_1270;PAPER_1311;PAPER_1480;PAPER_1481;PAPER_1536;PAPER_1537;PAPER_1544;PAPER_1549;PAPER_1573;PAPER_1581;PAPER_1814;PAPER_1931;PAPER_2043;PAPER_2046;PAPER_2047;PAPER_2052;PAPER_2054;PAPER_2055;PAPER_2057;PAPER_2060;PAPER_2061;PAPER_2062;PAPER_872
PAPER_2064,PAPER_1254;PAPER_1270;PAPER_1311;PAPER_1842;PAPER_1843;PAPER_1859;PAPER_1862;PAPER_1968;PAPER_2043;PAPER_2046;PAPER_2047;PAPER_2052;PAPER_2054;PAPER_2060;PAPER_2061;PAPER_2062;PAPER_2063
PAPER_2065,PAPER_1922;PAPER_1953;PAPER_1968;PAPER_2004;PAPER_2005;PAPER_2022;PAPER_2025;PAPER_2026;PAPER_2033;PAPER_2035;PAPER_2037;PAPER_2039;PAPER_2040;PAPER_2043;PAPER_2045;PAPER_2048;PAPER_2049;PAPER_2050;PAPER_2054;PAPER_2056;PAPER_2057;PAPER_2058;PAPER_2059;PAPER_2060;PAPER_2061;PAPER_2062;PAPER_2063;PAPER_2064;PAPER_763
PAPER_2066,PAPER_2004;PAPER_2043;PAPER_2054;PAPER_2060;PAPER_2061;PAPER_2062;PAPER_2063;PAPER_2064;PAPER_2065
PAPER_2067,PAPER_1109;PAPER_1133;PAPER_1137;PAPER_1488;PAPER_1804;PAPER_1863;PAPER_1884;PAPER_1903;PAPER_1908;PAPER_1910;PAPER_1920;PAPER_1927;PAPER_1932;PAPER_1949;PAPER_1956;PAPER_2043;PAPER_2046;PAPER_2047;PAPER_2052;PAPER_2054;PAPER_2060;PAPER_2061;PAPER_2062;PAPER_2063;PAPER_2064;PAPER_2066
PAPER_2068,PAPER_1922;PAPER_1962;PAPER_2004;PAPER_2022;PAPER_2061;PAPER_2062;PAPER_2064;PAPER_2065;PAPER_2067
PAPER_2069,PAPER_1220;PAPER_1221;PAPER_1922;PAPER_1962;PAPER_2004;PAPER_2022;PAPER_2061;PAPER_2062;PAPER_2064;PAPER_2068
PAPER_207,PAPER_206;PAPER_198;PAPER_196;QuTiP;Ryu-Takayanagi;7514fe-thread
PAPER_2070,PAPER_1480;PAPER_1922;PAPER_1968;PAPER_2004;PAPER_2033;PAPER_2043;PAPER_2045;PAPER_2050;PAPER_2056;PAPER_2058;PAPER_2059;PAPER_2060;PAPER_2062;PAPER_2068;PAPER_2069
PAPER_2071,PAPER_007;PAPER_009;PAPER_1968;PAPER_2043;PAPER_2058;PAPER_2061;PAPER_2064
PAPER_2072,PAPER_2020;PAPER_2048;PAPER_2067;PAPER_646
PAPER_2073,PAPER_1070;PAPER_1109;PAPER_1479;PAPER_1907;PAPER_1920;PAPER_2043;PAPER_2046;PAPER_2047;PAPER_2052;PAPER_2063;PAPER_2064;PAPER_2067;PAPER_2072;PAPER_646
PAPER_2074,PAPER_2006;PAPER_2015;PAPER_2046
PAPER_2075,PAPER_1480;PAPER_2005;PAPER_2062;PAPER_2063;PAPER_2064;PAPER_2067;PAPER_2068;PAPER_2069;PAPER_2070;PAPER_2073
PAPER_2076,PAPER_1220;PAPER_1480;PAPER_2004;PAPER_2043;PAPER_2046;PAPER_2047;PAPER_2052;PAPER_2061;PAPER_2062;PAPER_2063;PAPER_2064;PAPER_2066;PAPER_2067;PAPER_2068;PAPER_2069;PAPER_2070;PAPER_2073;PAPER_2075
PAPER_2077,PAPER_1959;PAPER_1962;PAPER_2005;PAPER_2026;PAPER_2039;PAPER_2046;PAPER_2050;PAPER_2061;PAPER_2065;PAPER_2069;PAPER_2071;PAPER_2075;PAPER_2076
PAPER_2078,PAPER_2005;PAPER_2015;PAPER_2039;PAPER_2050;PAPER_2061;PAPER_2065;PAPER_2069;PAPER_2070;PAPER_2076;PAPER_2077;PAPER_763
PAPER_2079,PAPER_1968;PAPER_2004;PAPER_2033;PAPER_2035;PAPER_2061;PAPER_2071;PAPER_2077;PAPER_2078
PAPER_208,PAPER_196;PAPER_198;PAPER_1160;PAPER_1154;PAPER_182;arXiv-2506.09257;7514fe-thread
PAPER_2080,PAPER_1160;PAPER_1532;PAPER_1916;PAPER_1917;PAPER_1922;PAPER_2037;PAPER_2040;PAPER_2046;PAPER_2049;PAPER_2053;PAPER_2058;PAPER_2062;PAPER_2079
PAPER_2081,PAPER_2007;PAPER_2025;PAPER_2035;PAPER_2060;PAPER_2062;PAPER_2070;PAPER_2073;PAPER_2075;PAPER_2079;PAPER_2080
PAPER_2082,PAPER_1922;PAPER_1958;PAPER_2004;PAPER_2033;PAPER_2037;PAPER_2057;PAPER_2065;PAPER_2068;PAPER_2070;PAPER_2079;PAPER_2081
PAPER_2083,PAPER_1601;PAPER_1917;PAPER_1958;PAPER_1970;PAPER_2043;PAPER_2058;PAPER_2062;PAPER_2063;PAPER_2065;PAPER_2077;PAPER_2078;PAPER_2081;PAPER_2082
PAPER_2084,PAPER_1941;PAPER_1955;PAPER_1985;PAPER_2004;PAPER_2043;PAPER_2070;PAPER_2081;PAPER_2083
PAPER_2085,PAPER_1927;PAPER_1960;PAPER_1966;PAPER_2004;PAPER_2043;PAPER_2053;PAPER_2062;PAPER_2065;PAPER_2068;PAPER_2079;PAPER_2082;PAPER_2083;PAPER_2084;PAPER_774
PAPER_2086,PAPER_1203;PAPER_1971;PAPER_2004;PAPER_2033;PAPER_2081;PAPER_2083;PAPER_2084
PAPER_2087,PAPER_1953;PAPER_1978;PAPER_2004;PAPER_2059;PAPER_2062;PAPER_2079
PAPER_2088,PAPER_1203;PAPER_1539;PAPER_1842;PAPER_1978;PAPER_2004;PAPER_2043;PAPER_2062;PAPER_2081;PAPER_2084;PAPER_2087
PAPER_2089,PAPER_1203;PAPER_1978;PAPER_2079;PAPER_2082;PAPER_2084
PAPER_209,PAPER_1156;PAPER_1953;PAPER_1154;PAPER_2112;PAPER_1573;7514fe-thread
PAPER_2090,PAPER_1154;PAPER_1521;PAPER_1960;PAPER_2005;PAPER_2057;PAPER_2068;PAPER_2082;PAPER_2088;PAPER_2089
PAPER_2091,PAPER_1139;PAPER_1141;PAPER_1964;PAPER_1978;PAPER_2004;PAPER_2090
PAPER_2092,PAPER_1473;PAPER_1970;PAPER_2004;PAPER_2065;PAPER_2072;PAPER_2073;PAPER_2090;PAPER_2091
PAPER_2093,PAPER_1883;PAPER_1927;PAPER_1929;PAPER_1993;PAPER_2043
PAPER_2094,PAPER_1156;PAPER_1697;PAPER_1978;PAPER_2043;PAPER_2091;PAPER_2093
PAPER_2095,PAPER_1927;PAPER_1960;PAPER_1970;PAPER_1978;PAPER_2043;PAPER_2090;PAPER_2093;PAPER_2094
PAPER_2096,PAPER_1958;PAPER_1976;PAPER_2065;PAPER_2079;PAPER_2085;PAPER_2090;PAPER_2091;PAPER_2093;PAPER_2094;PAPER_2095
PAPER_2097,PAPER_1966;PAPER_2024;PAPER_2027;PAPER_2028;PAPER_2053;PAPER_2085;PAPER_2093;PAPER_2094;PAPER_2095;PAPER_2096
PAPER_2098,PAPER_2024;PAPER_2027;PAPER_2085;PAPER_2093;PAPER_2094;PAPER_2095;PAPER_2096;PAPER_2097
PAPER_2099,PAPER_1156;PAPER_2093;PAPER_2094;PAPER_2095;PAPER_2096;PAPER_2097;PAPER_2098
PAPER_210,PAPER_1573;PAPER_204;PAPER_196;PAPER_1039;PAPER_1046;7514fe-thread
PAPER_2100,PAPER_1156;PAPER_1919;PAPER_2045;PAPER_2093;PAPER_2094;PAPER_2098;PAPER_2099
PAPER_2101,PAPER_1958;PAPER_2093;PAPER_2097;PAPER_2098;PAPER_2099;PAPER_2100
PAPER_2102,PAPER_1956;PAPER_2093;PAPER_2094;PAPER_2095;PAPER_2096;PAPER_2097;PAPER_2098;PAPER_2099;PAPER_2100;PAPER_2101
PAPER_2103,PAPER_2045;PAPER_2093;PAPER_2094;PAPER_2097;PAPER_2098;PAPER_2099;PAPER_2100;PAPER_2101;PAPER_2102
PAPER_2104,PAPER_2093;PAPER_2094;PAPER_2095;PAPER_2096;PAPER_2097;PAPER_2098;PAPER_2099;PAPER_2100;PAPER_2101;PAPER_2102;PAPER_2103
PAPER_2105,PAPER_1919;PAPER_2093;PAPER_2094;PAPER_2098;PAPER_2099;PAPER_2100;PAPER_2101;PAPER_2102;PAPER_2103;PAPER_2104
PAPER_2106,PAPER_157;PAPER_2093;PAPER_2094;PAPER_2095;PAPER_2096;PAPER_2097;PAPER_2098;PAPER_2099;PAPER_2100;PAPER_2101;PAPER_2102;PAPER_2103;PAPER_2104;PAPER_2105
PAPER_2107,PAPER_163;PAPER_2093;PAPER_2094;PAPER_2095;PAPER_2096;PAPER_2097;PAPER_2098;PAPER_2099;PAPER_2100;PAPER_2101;PAPER_2102;PAPER_2103;PAPER_2104;PAPER_2105;PAPER_2106
PAPER_2108,PAPER_1080;PAPER_2072;PAPER_2073;PAPER_2093;PAPER_2105;PAPER_646
PAPER_2109,PAPER_2072;PAPER_2093;PAPER_2100;PAPER_2103;PAPER_2105;PAPER_2107
PAPER_211,PAPER_196;PAPER_208;PAPER_214;7514fe-thread
PAPER_2110,PAPER_1521;PAPER_1592;PAPER_1861;PAPER_2100;PAPER_2105;PAPER_2107;PAPER_2108;PAPER_2109;PAPER_463;PAPER_574;PAPER_610
PAPER_2111,PAPER_1855;PAPER_1916;PAPER_1919;PAPER_2100;PAPER_2103;PAPER_2109;PAPER_266;PAPER_452;PAPER_456
PAPER_2112,PAPER_1167;PAPER_1202;PAPER_1521;PAPER_1522;PAPER_2100;PAPER_2105;PAPER_2109
PAPER_2113,PAPER_1202;PAPER_1490;PAPER_1919;PAPER_1993;PAPER_2100;PAPER_2105;PAPER_2106;PAPER_2107;PAPER_2108;PAPER_2109;PAPER_590
PAPER_2114,PAPER_1521;PAPER_1522;PAPER_1919;PAPER_1927;PAPER_2107;PAPER_2110;PAPER_2112;PAPER_646
PAPER_2115,PAPER_1521;PAPER_1522;PAPER_1919;PAPER_1929;PAPER_1932;PAPER_1958;PAPER_2112;PAPER_2114;PAPER_646
PAPER_2116,PAPER_1270;PAPER_1331;PAPER_1521;PAPER_1522;PAPER_1927;PAPER_1954;PAPER_2069;PAPER_2114;PAPER_2115;PAPER_463
PAPER_2117,PAPER_1919;PAPER_2100;PAPER_2105;PAPER_2106;PAPER_2107;PAPER_2109;PAPER_2113;PAPER_2114;PAPER_2115
PAPER_2118,PAPER_1919;PAPER_2114;PAPER_2115;PAPER_2116;PAPER_2117
PAPER_2119,PAPER_1202;PAPER_1521;PAPER_1522;PAPER_1911;PAPER_1927;PAPER_2008;PAPER_2100;PAPER_2112;PAPER_2113;PAPER_2114;PAPER_2116;PAPER_2117;PAPER_590
PAPER_212,PAPER_208;PAPER_211;arXiv-2506.09257;7514fe-thread
PAPER_2120,PAPER_1156;PAPER_1521;PAPER_1522;PAPER_1920;PAPER_1978;PAPER_2100;PAPER_2112;PAPER_2115;PAPER_2116;PAPER_2117;PAPER_2119;PAPER_646
PAPER_2121,PAPER_1202;PAPER_1203;PAPER_2122;PAPER_592;PAPER_593;PAPER_646
PAPER_2122,PAPER_1065;PAPER_1202;PAPER_1203;PAPER_2109;PAPER_2117;PAPER_2121;PAPER_592;PAPER_646
PAPER_2123,PAPER_1051;PAPER_1203;PAPER_2121;PAPER_2122;PAPER_592;PAPER_593;PAPER_646
PAPER_2124,PAPER_1154;PAPER_1202;PAPER_1203;PAPER_2108;PAPER_2121;PAPER_2123;PAPER_2125;PAPER_592;PAPER_593;PAPER_646
PAPER_2125,PAPER_1051;PAPER_1156;PAPER_1202;PAPER_1203;PAPER_2093;PAPER_2094;PAPER_2121;PAPER_2126;PAPER_2127;PAPER_592;PAPER_593
PAPER_2126,PAPER_1922;PAPER_1927;PAPER_1960;PAPER_1978;PAPER_2029;PAPER_2093;PAPER_2095;PAPER_2119;PAPER_2120;PAPER_2125;PAPER_593
PAPER_2127,PAPER_1927;PAPER_1962;PAPER_1972;PAPER_1989;PAPER_2121;PAPER_2122;PAPER_2125;PAPER_2126;PAPER_593
PAPER_2128,PAPER_1203;PAPER_1922;PAPER_1978;PAPER_2095;PAPER_2115;PAPER_2119;PAPER_2120;PAPER_2125;PAPER_2126;PAPER_593;PAPER_646
PAPER_2129,PAPER_1203;PAPER_1209;PAPER_2004;PAPER_2108;PAPER_2119;PAPER_2128;PAPER_590
PAPER_213,PAPER_196;PAPER_203;PAPER_208;PAPER_1071;7514fe-thread
PAPER_2131,PAPER_1522;PAPER_2109;PAPER_2126;PAPER_2129
PAPER_2132,PAPER_1154;PAPER_1156;PAPER_1183;PAPER_1522;PAPER_2109;PAPER_2125;PAPER_2129;PAPER_2131
PAPER_2133,PAPER_1156;PAPER_1160;PAPER_1183;PAPER_1522;PAPER_1954;PAPER_2119;PAPER_2129;PAPER_2132
PAPER_2134,PAPER_1141;PAPER_1159;PAPER_1183;PAPER_1962;PAPER_2128;PAPER_2129;PAPER_2133;PAPER_597
PAPER_2135,PAPER_1156;PAPER_1160;PAPER_1522;PAPER_2132;PAPER_2133;PAPER_2134
PAPER_2137,PAPER_1521;PAPER_1962;PAPER_2126;PAPER_2136;PAPER_593;PAPER_832
PAPER_2138,PAPER_1154;PAPER_1202;PAPER_1337;PAPER_1521;PAPER_1885;PAPER_1930;PAPER_1953;PAPER_1958;PAPER_2116;PAPER_2119;PAPER_2126;PAPER_2136;PAPER_2137
PAPER_2139,PAPER_1203;PAPER_1927;PAPER_1955;PAPER_1958;PAPER_1962;PAPER_2099;PAPER_2100;PAPER_2105;PAPER_2108;PAPER_2109;PAPER_2113;PAPER_2117;PAPER_2126;PAPER_2137;PAPER_2138;PAPER_592;PAPER_593;PAPER_646
PAPER_214,PAPER_196;PAPER_198;PAPER_211;7514fe-thread
PAPER_2143,PAPER_1929;PAPER_1953;PAPER_1954;PAPER_1962;PAPER_2116;PAPER_2126;PAPER_2136;PAPER_2137;PAPER_2139
PAPER_2147,PAPER_1156;PAPER_1170;PAPER_1226;PAPER_1235;PAPER_1573;PAPER_2094;PAPER_2145;PAPER_2146;PAPER_2153;PAPER_2155;PAPER_2156;PAPER_890
PAPER_215,PAPER_020;PAPER_196;PAPER_209;7514fe-thread
PAPER_2150,PAPER_1203;PAPER_2121;PAPER_2129;PAPER_2145;PAPER_2147;PAPER_2148;PAPER_2149;PAPER_2151;PAPER_2152;PAPER_646
PAPER_2151,PAPER_1156;PAPER_1170;PAPER_1203;PAPER_1522;PAPER_1573;PAPER_2093;PAPER_2144;PAPER_2145;PAPER_2147;PAPER_2148;PAPER_2149;PAPER_2150;PAPER_2152;PAPER_646
PAPER_2152,PAPER_1156;PAPER_1160;PAPER_1203;PAPER_1521;PAPER_1522;PAPER_1573;PAPER_2093;PAPER_2094;PAPER_2144;PAPER_2145;PAPER_2147;PAPER_2148;PAPER_2150;PAPER_2151;PAPER_646
PAPER_2153,PAPER_1154;PAPER_1156;PAPER_1160;PAPER_1170;PAPER_1226;PAPER_140;PAPER_1978;PAPER_2094;PAPER_2112;PAPER_2144;PAPER_2145;PAPER_2146;PAPER_2147;PAPER_2148;PAPER_2149;PAPER_2150;PAPER_2152;PAPER_2154;PAPER_2155;PAPER_2156;PAPER_598;PAPER_877;PAPER_878;PAPER_879;PAPER_880;PAPER_881;PAPER_882;PAPER_883;PAPER_884;PAPER_885;PAPER_886;PAPER_887;PAPER_888;PAPER_889;PAPER_890;PAPER_891;PAPER_892;PAPER_893;PAPER_894;PAPER_895
PAPER_2154,PAPER_008;PAPER_1521;PAPER_1522;PAPER_1962;PAPER_2112;PAPER_2138;PAPER_2144;PAPER_2153;PAPER_878;PAPER_883;PAPER_884;PAPER_885;PAPER_888;PAPER_896;PAPER_900
PAPER_2155,PAPER_001;PAPER_002;PAPER_036;PAPER_1066;PAPER_1109;PAPER_145;PAPER_2147;PAPER_2148;PAPER_2153;PAPER_2156;PAPER_877;PAPER_878;PAPER_890
PAPER_2156,PAPER_001;PAPER_002;PAPER_003;PAPER_005;PAPER_006;PAPER_009;PAPER_010;PAPER_020;PAPER_033;PAPER_045;PAPER_051;PAPER_058;PAPER_1160;PAPER_140;PAPER_2147;PAPER_2148;PAPER_2153;PAPER_2154;PAPER_2155;PAPER_598;PAPER_878;PAPER_890;PAPER_899
PAPER_216,PAPER_196;PAPER_212;PAPER_215;7514fe-thread
PAPER_217,PAPER_196;PAPER_212;PAPER_216;7514fe-thread
PAPER_218,PAPER_196;PAPER_211;7514fe-thread
PAPER_219,PAPER_196;PAPER_216;PAPER_218;7514fe-thread
PAPER_220,PAPER_196;PAPER_206;PAPER_218;PAPER_219;7514fe-thread
PAPER_221,PAPER_196;PAPER_218;PAPER_219;PAPER_220;7514fe-thread
PAPER_221b,PAPER_221;PAPER_221c;backfill-2026-08-03
PAPER_221c,PAPER_221;PAPER_221b;backfill-2026-08-03
PAPER_222,PAPER_196;PAPER_219;PAPER_220;7514fe-thread
PAPER_223,PAPER_196;PAPER_220;PAPER_222;7514fe-thread
PAPER_224,PAPER_196;PAPER_223;7514fe-thread
PAPER_225,PAPER_217;PAPER_196;7514fe-thread
PAPER_226,PAPER_196;PAPER_213;8d951e12-thread
PAPER_227,PAPER_196;PAPER_226;PAPER_228;8d951e12-thread
PAPER_228,PAPER_196;PAPER_227;8d951e12-thread
PAPER_229,PAPER_196;PAPER_219;PAPER_221;8d951e12-thread
PAPER_230,PAPER_196;PAPER_1573;PAPER_229;8d951e12-thread
PAPER_231,PAPER_196;PAPER_1573;PAPER_230;8d951e12-thread
PAPER_232,PAPER_196;PAPER_227;PAPER_231;8d951e12-thread
PAPER_233,PAPER_196;PAPER_226;PAPER_230;8d951e12-thread
PAPER_234,PAPER_196;PAPER_233;PAPER_230;8d951e12-thread
PAPER_235,PAPER_196;PAPER_231;PAPER_232;8d951e12-thread
PAPER_236,PAPER_228;PAPER_229;PAPER_196;8d951e12-thread
PAPER_237,PAPER_217;8d951e12-thread
PAPER_238,PAPER_237;8d951e12-thread
PAPER_239,PAPER_237;8d951e12-thread
PAPER_240,PAPER_237;PAPER_239;8d951e12-thread
PAPER_241,PAPER_237;PAPER_239;PAPER_240;8d951e12-thread
PAPER_242,PAPER_237;Doc8-thread
PAPER_243,PAPER_242;Doc11-thread
PAPER_244,PAPER_243;PAPER_242;8d951e12-thread
PAPER_245,PAPER_244;8d951e12-thread
PAPER_246,PAPER_244;PAPER_245;8d951e12-thread
PAPER_247,PAPER_246;8d951e12-thread
PAPER_248,PAPER_240;PAPER_244;PAPER_237;8d951e12-thread
PAPER_249,PAPER_248;8d951e12-thread
PAPER_250,PAPER_217;PAPER_237;Session72c-thread
PAPER_251,PAPER_250;PAPER_248;Session72c-thread
PAPER_252,PAPER_250;PAPER_251;Session72c-thread
PAPER_253,PAPER_217;PAPER_252;Session72c-thread
PAPER_254,PAPER_250;PAPER_252;PAPER_253;Session72c-thread
PAPER_255,PAPER_251;PAPER_250;Session72d-thread
PAPER_256,PAPER_253;PAPER_255;Session72d-thread
PAPER_257,PAPER_252;PAPER_255;Session72d-thread
PAPER_258,PAPER_250;PAPER_253;PAPER_257;Session72d-thread
PAPER_259,PAPER_243;Session72f-thread
PAPER_260,PAPER_259;PAPER_229;Session72e-thread
PAPER_261,PAPER_243;PAPER_218;Session72-thread
PAPER_262,PAPER_253;Session71b-thread
PAPER_263,PAPER_259;PAPER_260;PAPER_261;PAPER_262;Session72f-thread
PAPER_264,PAPER_231;Session72g-thread
PAPER_265,PAPER_264;Session72g-thread
PAPER_266,PAPER_257;PAPER_264;Session72g-thread
PAPER_267,PAPER_232;PAPER_198;Session73-thread
PAPER_268,PAPER_267;PAPER_246;Session73-thread
PAPER_269,PAPER_267;Session73-thread
PAPER_270,PAPER_248;PAPER_240;PAPER_237;Session74-thread
PAPER_271,PAPER_239;Session74-thread
PAPER_272,PAPER_238;Session74-thread
PAPER_273,PAPER_272;Session75-thread
PAPER_274,PAPER_273;Session75-thread
PAPER_275,PAPER_273;Session75-thread
PAPER_276,PAPER_275;PAPER_273;Session76-thread
PAPER_277,PAPER_273;PAPER_276;Session77-thread
PAPER_278,PAPER_275;PAPER_279;Session77-thread
PAPER_279,PAPER_277;PAPER_278;Session77-thread
PAPER_280,PAPER_279;PAPER_281;Session78-thread
PAPER_281,PAPER_280;PAPER_278;PAPER_282;Session78-thread
PAPER_282,PAPER_280;PAPER_281;Session78-thread
PAPER_283,PAPER_280;PAPER_282;Session79-thread
PAPER_284,PAPER_283;Session80-thread
PAPER_285,PAPER_284;Session80-thread
PAPER_286,PAPER_284;PAPER_285;Session80-thread
PAPER_287,PAPER_286;Session81-thread
PAPER_288,PAPER_287;Session81-thread
PAPER_289,PAPER_287;PAPER_266;Session81-thread
PAPER_290,PAPER_287;PAPER_289;Session82-thread
PAPER_291,PAPER_290;Session82-thread
PAPER_292,PAPER_288;PAPER_290;Session82-thread
PAPER_293,PAPER_287;PAPER_289;PAPER_294;PAPER_295;Session83-thread
PAPER_294,PAPER_293;PAPER_289;Session83-thread
PAPER_295,PAPER_294
PAPER_296,PAPER_1573
PAPER_297,PAPER_296
PAPER_298,PAPER_296
PAPER_299,PAPER_301
PAPER_300,PAPER_299
PAPER_301,PAPER_299
PAPER_302,PAPER_300
PAPER_303,PAPER_302
PAPER_304,PAPER_302
PAPER_305,PAPER_284
PAPER_306,PAPER_284
PAPER_307,PAPER_299
PAPER_308,PAPER_310
PAPER_309,PAPER_308
PAPER_310,PAPER_308
PAPER_311,PAPER_305
PAPER_312,PAPER_311
PAPER_313,PAPER_312
PAPER_314,PAPER_316
PAPER_315,PAPER_314
PAPER_316,PAPER_315
PAPER_317,PAPER_311
PAPER_318,PAPER_317
PAPER_319,PAPER_317
PAPER_320,PAPER_295
PAPER_321,PAPER_295
PAPER_322,PAPER_305
PAPER_323,PAPER_295
PAPER_324,PAPER_323
PAPER_325,PAPER_324
PAPER_326,PAPER_1154
PAPER_327,PAPER_1154
PAPER_328,PAPER_1061
PAPER_351,PAPER_1000;PAPER_1002;PAPER_1004;PAPER_1009;PAPER_1010;PAPER_1022;PAPER_1027;PAPER_1037;PAPER_1041;PAPER_1043;PAPER_1048;PAPER_1049;PAPER_1051;PAPER_1060;PAPER_1061;PAPER_1065;PAPER_1066;PAPER_1069;PAPER_1072;PAPER_1079;PAPER_1080;PAPER_1081;PAPER_1318;PAPER_346;PAPER_352;PAPER_642;PAPER_840;PAPER_877
PAPER_400,PAPER_1000;PAPER_1042;PAPER_1069;PAPER_1072;PAPER_1073;PAPER_1078;PAPER_1080;PAPER_387;PAPER_393;PAPER_394;PAPER_593;PAPER_642;PAPER_840;PAPER_877
PAPER_401,PAPER_1000;PAPER_1002;PAPER_1009;PAPER_1010;PAPER_1022;PAPER_1037;PAPER_1041;PAPER_1048;PAPER_1072;PAPER_1073;PAPER_1078;PAPER_1079;PAPER_394;PAPER_404;PAPER_593;PAPER_642;PAPER_840;PAPER_877
PAPER_420,PAPER_1000;PAPER_1002;PAPER_1009;PAPER_1010;PAPER_1011;PAPER_1022;PAPER_1037;PAPER_1041;PAPER_1043;PAPER_1048;PAPER_1051;PAPER_1061;PAPER_1065;PAPER_1066;PAPER_1072;PAPER_1073;PAPER_1078;PAPER_1079;PAPER_1080;PAPER_1081;PAPER_1159;PAPER_1162;PAPER_1163;PAPER_1165;PAPER_1166;PAPER_1167;PAPER_1170;PAPER_1171;PAPER_1175;PAPER_1318;PAPER_409;PAPER_418;PAPER_421;PAPER_593;PAPER_642;PAPER_840;PAPER_877
PAPER_421,PAPER_1000;PAPER_1002;PAPER_1009;PAPER_1010;PAPER_1022;PAPER_1037;PAPER_1041;PAPER_1048;PAPER_1051;PAPER_1061;PAPER_1065;PAPER_1066;PAPER_1072;PAPER_1073;PAPER_1079;PAPER_1080;PAPER_1081;PAPER_1159;PAPER_1162;PAPER_1163;PAPER_1165;PAPER_1167;PAPER_1170;PAPER_1171;PAPER_1174;PAPER_1318;PAPER_409;PAPER_41;PAPER_420;PAPER_593;PAPER_642;PAPER_840;PAPER_877
PAPER_500,PAPER_1000;PAPER_1022;PAPER_1039;PAPER_1040;PAPER_1041;PAPER_1042;PAPER_1044;PAPER_1045;PAPER_1046;PAPER_1069;PAPER_1072;PAPER_1073;PAPER_1078;PAPER_1079;PAPER_1080;PAPER_496;PAPER_497;PAPER_498;PAPER_501;PAPER_593;PAPER_642;PAPER_840;PAPER_877
PAPER_512,PAPER_1000;PAPER_1022;PAPER_1033;PAPER_1042;PAPER_1051;PAPER_1061;PAPER_1065;PAPER_1066;PAPER_1069;PAPER_1072;PAPER_1078;PAPER_1080;PAPER_1081;PAPER_1318;PAPER_509;PAPER_642;PAPER_840;PAPER_877
PAPER_550,PAPER_1000;PAPER_1002;PAPER_1004;PAPER_1007;PAPER_1009;PAPER_1010;PAPER_1022;PAPER_1037;PAPER_1041;PAPER_1042;PAPER_1045;PAPER_1048;PAPER_1049;PAPER_1051;PAPER_1059;PAPER_1064;PAPER_1069;PAPER_1070;PAPER_1074;PAPER_1078;PAPER_1079;PAPER_1080;PAPER_1318;PAPER_642;PAPER_840;PAPER_877
PAPER_587,PAPER_1000;PAPER_1015;PAPER_1019;PAPER_1020;PAPER_1022;PAPER_1042;PAPER_1069;PAPER_1072;PAPER_1073;PAPER_1076;PAPER_1078;PAPER_1080;PAPER_583;PAPER_586;PAPER_589;PAPER_642;PAPER_840;PAPER_877
PAPER_589,PAPER_1000;PAPER_1004;PAPER_1015;PAPER_1019;PAPER_1022;PAPER_1037;PAPER_1043;PAPER_1049;PAPER_1065;PAPER_1069;PAPER_1073;PAPER_1076;PAPER_1079;PAPER_583;PAPER_586;PAPER_587;PAPER_642;PAPER_840;PAPER_877
PAPER_592,PAPER_1000;PAPER_1002;PAPER_1004;PAPER_1009;PAPER_1010;PAPER_1022;PAPER_1037;PAPER_1041;PAPER_1048;PAPER_1049;PAPER_1069;PAPER_1072;PAPER_1073;PAPER_1076;PAPER_1079;PAPER_535;PAPER_583;PAPER_589;PAPER_590;PAPER_591;PAPER_593;PAPER_642;PAPER_840;PAPER_877
PAPER_593,PAPER_1000;PAPER_1004;PAPER_1042;PAPER_1049;PAPER_1069;PAPER_1072;PAPER_1073;PAPER_1078;PAPER_1080;PAPER_590;PAPER_591;PAPER_592;PAPER_594;PAPER_642;PAPER_840;PAPER_877
PAPER_594,PAPER_1228
PAPER_599,PAPER_1000;PAPER_1002;PAPER_1006;PAPER_1009;PAPER_1010;PAPER_1022;PAPER_1037;PAPER_1041;PAPER_1042;PAPER_1043;PAPER_1048;PAPER_1051;PAPER_1052;PAPER_1061;PAPER_1065;PAPER_1066;PAPER_1069;PAPER_1072;PAPER_1078;PAPER_1079;PAPER_1080;PAPER_1081;PAPER_1318;PAPER_642;PAPER_840;PAPER_877
PAPER_600,PAPER_1000;PAPER_1004;PAPER_1007;PAPER_1022;PAPER_1051;PAPER_1059;PAPER_1061;PAPER_1064;PAPER_1065;PAPER_1066;PAPER_1070;PAPER_1072;PAPER_1080;PAPER_1081;PAPER_1318;PAPER_642;PAPER_840;PAPER_877
PAPER_642,PAPER_1000;PAPER_1004;PAPER_1006;PAPER_1007;PAPER_1013;PAPER_1020;PAPER_1022;PAPER_1033;PAPER_1037;PAPER_1043;PAPER_1049;PAPER_1059;PAPER_1064;PAPER_1065;PAPER_1069;PAPER_1070;PAPER_1072;PAPER_1073;PAPER_1074;PAPER_1076;PAPER_1079;PAPER_1159;PAPER_1162;PAPER_1163;PAPER_1165;PAPER_1167;PAPER_1170;PAPER_1171;PAPER_1175;PAPER_1179;PAPER_1318;PAPER_633;PAPER_634;PAPER_636;PAPER_637;PAPER_639;PAPER_640;PAPER_641;PAPER_840;PAPER_877
PAPER_646,PAPER_1000;PAPER_1004;PAPER_1020;PAPER_1022;PAPER_1037;PAPER_1043;PAPER_1049;PAPER_1051;PAPER_1052;PAPER_1061;PAPER_1065;PAPER_1066;PAPER_1069;PAPER_1072;PAPER_1073;PAPER_1079;PAPER_1080;PAPER_1081;PAPER_1318;PAPER_642;PAPER_647;PAPER_650;PAPER_840;PAPER_877
PAPER_648,PAPER_1000;PAPER_1004;PAPER_1022;PAPER_1039;PAPER_1040;PAPER_1041;PAPER_1042;PAPER_1044;PAPER_1045;PAPER_1046;PAPER_1060;PAPER_1061;PAPER_1069;PAPER_1072;PAPER_1078;PAPER_1079;PAPER_1080;PAPER_1081;PAPER_642;PAPER_643;PAPER_649;PAPER_840;PAPER_877
PAPER_652,PAPER_1000;PAPER_1002;PAPER_1009;PAPER_1010;PAPER_1022;PAPER_1037;PAPER_1041;PAPER_1048;PAPER_1079;PAPER_642;PAPER_649;PAPER_651;PAPER_840;PAPER_877
PAPER_700,PAPER_1000;PAPER_1002;PAPER_1004;PAPER_1009;PAPER_1010;PAPER_1022;PAPER_1030;PAPER_1037;PAPER_1041;PAPER_1042;PAPER_1043;PAPER_1048;PAPER_1049;PAPER_1050;PAPER_1051;PAPER_1061;PAPER_1065;PAPER_1066;PAPER_1068;PAPER_1069;PAPER_1072;PAPER_1073;PAPER_1074;PAPER_1075;PAPER_1078;PAPER_1079;PAPER_1080;PAPER_1081;PAPER_1318;PAPER_642;PAPER_840;PAPER_877
PAPER_763,PAPER_1000;PAPER_1002;PAPER_1009;PAPER_1010;PAPER_1011;PAPER_1022;PAPER_1037;PAPER_1039;PAPER_1040;PAPER_1041;PAPER_1044;PAPER_1045;PAPER_1046;PAPER_1048;PAPER_1072;PAPER_1073;PAPER_1079;PAPER_593;PAPER_642;PAPER_840;PAPER_877
PAPER_840,PAPER_1000;PAPER_1002;PAPER_1009;PAPER_1011;PAPER_1012;PAPER_1020;PAPER_1021;PAPER_1022;PAPER_1023;PAPER_1024;PAPER_1033;PAPER_1037;PAPER_1039;PAPER_1040;PAPER_1041;PAPER_1044;PAPER_1045;PAPER_1046;PAPER_1048;PAPER_1060;PAPER_1061;PAPER_1072;PAPER_1073;PAPER_1079;PAPER_1081;PAPER_1159;PAPER_1162;PAPER_1163;PAPER_1165;PAPER_1167;PAPER_1170;PAPER_1171;PAPER_1174;PAPER_1175;PAPER_642;PAPER_877;PAPER_878;PAPER_879;PAPER_880;PAPER_881
PAPER_872,PAPER_1000;PAPER_1002;PAPER_1004;PAPER_1007;PAPER_1009;PAPER_1010;PAPER_1022;PAPER_1036;PAPER_1037;PAPER_1041;PAPER_1048;PAPER_1049;PAPER_1051;PAPER_1059;PAPER_1061;PAPER_1064;PAPER_1065;PAPER_1066;PAPER_1068;PAPER_1070;PAPER_1072;PAPER_1073;PAPER_1074;PAPER_1079;PAPER_1080;PAPER_1081;PAPER_1318;PAPER_642;PAPER_840;PAPER_877
PAPER_877,PAPER_1000;PAPER_1002;PAPER_1004;PAPER_1009;PAPER_1010;PAPER_1022;PAPER_1036;PAPER_1037;PAPER_1041;PAPER_1048;PAPER_1049;PAPER_1051;PAPER_1061;PAPER_1065;PAPER_1066;PAPER_1069;PAPER_1072;PAPER_1073;PAPER_1074;PAPER_1078;PAPER_1079;PAPER_1080;PAPER_1081;PAPER_1159;PAPER_1162;PAPER_1163;PAPER_1165;PAPER_1167;PAPER_1170;PAPER_1171;PAPER_1176;PAPER_1179;PAPER_1318;PAPER_642;PAPER_840;PAPER_855;PAPER_856;PAPER_862;PAPER_870;PAPER_871
PAPER_883,PAPER_1000;PAPER_1001;PAPER_1011;PAPER_1012;PAPER_1014;PAPER_1022;PAPER_1037;PAPER_1043;PAPER_1065;PAPER_1078;PAPER_1079;PAPER_642;PAPER_757;PAPER_840;PAPER_877;PAPER_880;PAPER_884;PAPER_885
PAPER_901,PAPER_1000;PAPER_1020;PAPER_1021;PAPER_1022;PAPER_1023;PAPER_1024;PAPER_1033;PAPER_1037;PAPER_1042;PAPER_1043;PAPER_1051;PAPER_1061;PAPER_1065;PAPER_1066;PAPER_1069;PAPER_1072;PAPER_1073;PAPER_1078;PAPER_1079;PAPER_1080;PAPER_1081;PAPER_1318;PAPER_395;PAPER_554;PAPER_555;PAPER_642;PAPER_877;PAPER_905;PAPER_908
PAPER_914,PAPER_1000;PAPER_1001;PAPER_1002;PAPER_1009;PAPER_1010;PAPER_1011;PAPER_1012;PAPER_1014;PAPER_1020;PAPER_1021;PAPER_1022;PAPER_1023;PAPER_1024;PAPER_1037;PAPER_1042;PAPER_1043;PAPER_1048;PAPER_1065;PAPER_1069;PAPER_1072;PAPER_1073;PAPER_1078;PAPER_1079;PAPER_1080;PAPER_642;PAPER_877;PAPER_905;PAPER_908;PAPER_910;PAPER_911;PAPER_912;PAPER_913;PAPER_915;PAPER_916
PAPER_915,PAPER_1000;PAPER_1001;PAPER_1002;PAPER_1009;PAPER_1010;PAPER_1011;PAPER_1012;PAPER_1014;PAPER_1020;PAPER_1021;PAPER_1022;PAPER_1023;PAPER_1024;PAPER_1035;PAPER_1037;PAPER_1042;PAPER_1045;PAPER_1048;PAPER_1069;PAPER_1072;PAPER_1073;PAPER_1078;PAPER_1080;PAPER_642;PAPER_877;PAPER_905;PAPER_908;PAPER_910;PAPER_911;PAPER_912;PAPER_913;PAPER_914;PAPER_916
PAPER_961,PAPER_1000;PAPER_1002;PAPER_1009;PAPER_1010;PAPER_1020;PAPER_1021;PAPER_1022;PAPER_1023;PAPER_1024;PAPER_1037;PAPER_1043;PAPER_1048;PAPER_1050;PAPER_1051;PAPER_1061;PAPER_1065;PAPER_1066;PAPER_1072;PAPER_1073;PAPER_1075;PAPER_1079;PAPER_1080;PAPER_1081;PAPER_1318;PAPER_877;PAPER_949;PAPER_962;PAPER_963;PAPER_966
PAPER_962,PAPER_1000;PAPER_1001;PAPER_1011;PAPER_1012;PAPER_1014;PAPER_1020;PAPER_1021;PAPER_1022;PAPER_1023;PAPER_1024;PAPER_1033;PAPER_1035;PAPER_1037;PAPER_1043;PAPER_1047;PAPER_1051;PAPER_1060;PAPER_1061;PAPER_1065;PAPER_1066;PAPER_1072;PAPER_1073;PAPER_1079;PAPER_1080;PAPER_1081;PAPER_1318;PAPER_877;PAPER_955;PAPER_961;PAPER_963;PAPER_966
PAPER_963,PAPER_1000;PAPER_1037;PAPER_1043;PAPER_1051;PAPER_1061;PAPER_1065;PAPER_1066;PAPER_1072;PAPER_1073;PAPER_1079;PAPER_1080;PAPER_1081;PAPER_1318;PAPER_877;PAPER_954;PAPER_961;PAPER_962;PAPER_966
PAPER_S201,triadic-gravity/phaseH-series (uploaded 2026-08-05)
PAPER_S203,triadic-gravity/phaseH-series (uploaded 2026-08-05)
PAPER_S204,triadic-gravity/phaseH-series (uploaded 2026-08-05)
PAPER_S205,PAPER_001
