observable,target_geometry,route_formula,route_paper,status
tidal_deformability_Lambda,DPM-common-block,tidal_deformability_Lambda via _common_uqff_blocks + §B DVP,PAPER_007,XGEO_CAMPAIGN_ROUTED
f_SCm_suppression,DPM-common-block,f_SCm_suppression via _common_uqff_blocks + §B DVP,PAPER_007,XGEO_CAMPAIGN_ROUTED
gw_frequency_chirp_rate,DPM-common-block,gw_frequency_chirp_rate via _common_uqff_blocks + §B DVP,PAPER_008,XGEO_CAMPAIGN_ROUTED
waveform_phase_lag_full,DPM-common-block,waveform_phase_lag_full via _common_uqff_blocks + §B DVP,PAPER_008,XGEO_CAMPAIGN_ROUTED
gw_inspiral_frequency,DPM-common-block,gw_inspiral_frequency via _common_uqff_blocks + §B DVP,PAPER_008b,XGEO_CAMPAIGN_ROUTED
h_uqff_damped,DPM-common-block,h_uqff_damped via _common_uqff_blocks + §B DVP,PAPER_008b,XGEO_CAMPAIGN_ROUTED
D_aether_damping,DPM-common-block,D_aether_damping via _common_uqff_blocks + §B DVP,PAPER_009,XGEO_CAMPAIGN_ROUTED
D_total_4mech,DPM-common-block,D_total_4mech via _common_uqff_blocks + §B DVP,PAPER_009,XGEO_CAMPAIGN_ROUTED
gw_distance_bias_009b,DPM-common-block,gw_distance_bias_009b via _common_uqff_blocks + §B DVP,PAPER_009b,XGEO_CAMPAIGN_ROUTED
qnm_freq_uqff,DPM-common-block,qnm_freq_uqff via _common_uqff_blocks + §B DVP,PAPER_010,XGEO_CAMPAIGN_ROUTED
qnm_damping_time,DPM-common-block,qnm_damping_time via _common_uqff_blocks + §B DVP,PAPER_010,XGEO_CAMPAIGN_ROUTED
beta_model_density,DPM-common-block,beta_model_density via _common_uqff_blocks + §B DVP,PAPER_001,XGEO_CAMPAIGN_ROUTED
hydrostatic_bias_uqff,DPM-common-block,hydrostatic_bias_uqff via _common_uqff_blocks + §B DVP,PAPER_001,XGEO_CAMPAIGN_ROUTED
cooling_flow_uqff,DPM-common-block,cooling_flow_uqff via _common_uqff_blocks + §B DVP,PAPER_001,XGEO_CAMPAIGN_ROUTED
W_26,DPM-common-block,W_26 via _common_uqff_blocks + §B DVP,PAPER_001,XGEO_CAMPAIGN_ROUTED
ramanujan_R_n,DPM-common-block,ramanujan_R_n via _common_uqff_blocks + §B DVP,PAPER_001,XGEO_CAMPAIGN_ROUTED
s26_polylog,DPM-common-block,s26_polylog via _common_uqff_blocks + §B DVP,PAPER_001,XGEO_CAMPAIGN_ROUTED
A_SCm_activation,DPM-common-block,A_SCm_activation via _common_uqff_blocks + §B DVP,PAPER_001,XGEO_CAMPAIGN_ROUTED
kozima_neutron_static,DPM-common-block,kozima_neutron_static via _common_uqff_blocks + §B DVP,PAPER_001,XGEO_CAMPAIGN_ROUTED
kozima_cross_section_scm,DPM-common-block,kozima_cross_section_scm via _common_uqff_blocks + §B DVP,PAPER_001,XGEO_CAMPAIGN_ROUTED
kozima_buoyancy_coupled,DPM-common-block,kozima_buoyancy_coupled via _common_uqff_blocks + §B DVP,PAPER_001,XGEO_CAMPAIGN_ROUTED
kozima_s26_coupling,DPM-common-block,kozima_s26_coupling via _common_uqff_blocks + §B DVP,PAPER_001,XGEO_CAMPAIGN_ROUTED
L_cosmo,DPM-common-block,L_cosmo via _common_uqff_blocks + §B DVP,PAPER_001,XGEO_CAMPAIGN_ROUTED
V_phi_NS,DPM-common-block,V_phi_NS via _common_uqff_blocks + §B DVP,PAPER_001,XGEO_CAMPAIGN_ROUTED
euler_lagrange_eom_NS,DPM-common-block,euler_lagrange_eom_NS via _common_uqff_blocks + §B DVP,PAPER_001,XGEO_CAMPAIGN_ROUTED
dvp_primes,DPM-common-block,dvp_primes via _common_uqff_blocks + §B DVP,PAPER_001,XGEO_CAMPAIGN_ROUTED
bsh_saturation,DPM-common-block,bsh_saturation via _common_uqff_blocks + §B DVP,PAPER_001,XGEO_CAMPAIGN_ROUTED
stochastic_gw_omega,DPM-common-block,stochastic_gw_omega via _common_uqff_blocks + §B DVP,PAPER_011,XGEO_CAMPAIGN_ROUTED
peters_ecc_tau_extension,DPM-common-block,peters_ecc_tau_extension via _common_uqff_blocks + §B DVP,PAPER_012,XGEO_CAMPAIGN_ROUTED
magnetar_edot_suppression,DPM-common-block,magnetar_edot_suppression via _common_uqff_blocks + §B DVP,PAPER_013,XGEO_CAMPAIGN_ROUTED
braking_index_uqff,DPM-common-block,braking_index_uqff via _common_uqff_blocks + §B DVP,PAPER_013,XGEO_CAMPAIGN_ROUTED
pbh_mass_function,DPM-common-block,pbh_mass_function via _common_uqff_blocks + §B DVP,PAPER_014,XGEO_CAMPAIGN_ROUTED
modified_friedmann_uqff,DPM-common-block,modified_friedmann_uqff via _common_uqff_blocks + §B DVP,PAPER_014,XGEO_CAMPAIGN_ROUTED
gw_propagation_damping,DPM-common-block,gw_propagation_damping via _common_uqff_blocks + §B DVP,PAPER_015,XGEO_CAMPAIGN_ROUTED
H0_uqff_bias,DPM-common-block,H0_uqff_bias via _common_uqff_blocks + §B DVP,PAPER_015,XGEO_CAMPAIGN_ROUTED
f_isco_observer,DPM-common-block,f_isco_observer via _common_uqff_blocks + §B DVP,PAPER_013b,XGEO_CAMPAIGN_ROUTED
D_eff_beat,DPM-common-block,D_eff_beat via _common_uqff_blocks + §B DVP,PAPER_010b,XGEO_CAMPAIGN_ROUTED
chsh_suppression,DPM-common-block,chsh_suppression via _common_uqff_blocks + §B DVP,PAPER_016,XGEO_CAMPAIGN_ROUTED
f_combined_redshift,DPM-common-block,f_combined_redshift via _common_uqff_blocks + §B DVP,PAPER_017,XGEO_CAMPAIGN_ROUTED
phase_lag_trz,DPM-common-block,phase_lag_trz via _common_uqff_blocks + §B DVP,PAPER_017,XGEO_CAMPAIGN_ROUTED
aether_noise_spectrum,DPM-common-block,aether_noise_spectrum via _common_uqff_blocks + §B DVP,PAPER_018,XGEO_CAMPAIGN_ROUTED
pta_trz_resonance,DPM-common-block,pta_trz_resonance via _common_uqff_blocks + §B DVP,PAPER_019,XGEO_CAMPAIGN_ROUTED
cosmic_ray_aether_drag,DPM-common-block,cosmic_ray_aether_drag via _common_uqff_blocks + §B DVP,PAPER_020,XGEO_CAMPAIGN_ROUTED
charge_drag_scaling,DPM-common-block,charge_drag_scaling via _common_uqff_blocks + §B DVP,PAPER_020,XGEO_CAMPAIGN_ROUTED
lensing_rho_trz,DPM-common-block,lensing_rho_trz via _common_uqff_blocks + §B DVP,PAPER_021,XGEO_CAMPAIGN_ROUTED
d_string_composed,DPM-common-block,d_string_composed via _common_uqff_blocks + §B DVP,PAPER_022,XGEO_CAMPAIGN_ROUTED
kk_mass_scale,DPM-common-block,kk_mass_scale via _common_uqff_blocks + §B DVP,PAPER_022,XGEO_CAMPAIGN_ROUTED
g2_kk_loop,DPM-common-block,g2_kk_loop via _common_uqff_blocks + §B DVP,PAPER_023,XGEO_CAMPAIGN_ROUTED
g2_string_loop,DPM-common-block,g2_string_loop via _common_uqff_blocks + §B DVP,PAPER_023,XGEO_CAMPAIGN_ROUTED
dvp_prime_paper_015b,DPM-common-block,dvp_prime_paper_015b via _common_uqff_blocks + §B DVP,PAPER_015b,XGEO_CAMPAIGN_ROUTED
dvp_prime_paper_016,DPM-common-block,dvp_prime_paper_016 via _common_uqff_blocks + §B DVP,PAPER_016,XGEO_CAMPAIGN_ROUTED
dvp_prime_paper_016b,DPM-common-block,dvp_prime_paper_016b via _common_uqff_blocks + §B DVP,PAPER_016b,XGEO_CAMPAIGN_ROUTED
dvp_prime_paper_017,DPM-common-block,dvp_prime_paper_017 via _common_uqff_blocks + §B DVP,PAPER_017,XGEO_CAMPAIGN_ROUTED
dvp_prime_paper_018,DPM-common-block,dvp_prime_paper_018 via _common_uqff_blocks + §B DVP,PAPER_018,XGEO_CAMPAIGN_ROUTED
dvp_prime_paper_019,DPM-common-block,dvp_prime_paper_019 via _common_uqff_blocks + §B DVP,PAPER_019,XGEO_CAMPAIGN_ROUTED
dvp_prime_paper_020,DPM-common-block,dvp_prime_paper_020 via _common_uqff_blocks + §B DVP,PAPER_020,XGEO_CAMPAIGN_ROUTED
dvp_prime_paper_021,DPM-common-block,dvp_prime_paper_021 via _common_uqff_blocks + §B DVP,PAPER_021,XGEO_CAMPAIGN_ROUTED
dvp_prime_paper_022,DPM-common-block,dvp_prime_paper_022 via _common_uqff_blocks + §B DVP,PAPER_022,XGEO_CAMPAIGN_ROUTED
dvp_prime_paper_023,DPM-common-block,dvp_prime_paper_023 via _common_uqff_blocks + §B DVP,PAPER_023,XGEO_CAMPAIGN_ROUTED
dpm_cp_phase,DPM-common-block,dpm_cp_phase via _common_uqff_blocks + §B DVP,PAPER_024,XGEO_CAMPAIGN_ROUTED
dpm_trz_cp_phase,DPM-common-block,dpm_trz_cp_phase via _common_uqff_blocks + §B DVP,PAPER_024,XGEO_CAMPAIGN_ROUTED
ultralight_dm_mass_ev,DPM-common-block,ultralight_dm_mass_ev via _common_uqff_blocks + §B DVP,PAPER_025,XGEO_CAMPAIGN_ROUTED
heavy_dm_mass_tev,DPM-common-block,heavy_dm_mass_tev via _common_uqff_blocks + §B DVP,PAPER_025,XGEO_CAMPAIGN_ROUTED
sterile_mass_ladder,DPM-common-block,sterile_mass_ladder via _common_uqff_blocks + §B DVP,PAPER_026,XGEO_CAMPAIGN_ROUTED
lfv_temporal_suppression,DPM-common-block,lfv_temporal_suppression via _common_uqff_blocks + §B DVP,PAPER_027,XGEO_CAMPAIGN_ROUTED
ckm_vacuum_density,DPM-common-block,ckm_vacuum_density via _common_uqff_blocks + §B DVP,PAPER_028,XGEO_CAMPAIGN_ROUTED
cosmic_budget_fsm,DPM-common-block,cosmic_budget_fsm via _common_uqff_blocks + §B DVP,PAPER_029,XGEO_CAMPAIGN_ROUTED
dvp_prime_paper_024,DPM-common-block,dvp_prime_paper_024 via _common_uqff_blocks + §B DVP,PAPER_024,XGEO_CAMPAIGN_ROUTED
dvp_prime_paper_025,DPM-common-block,dvp_prime_paper_025 via _common_uqff_blocks + §B DVP,PAPER_025,XGEO_CAMPAIGN_ROUTED
dvp_prime_paper_025b,DPM-common-block,dvp_prime_paper_025b via _common_uqff_blocks + §B DVP,PAPER_025b,XGEO_CAMPAIGN_ROUTED
dvp_prime_paper_026,DPM-common-block,dvp_prime_paper_026 via _common_uqff_blocks + §B DVP,PAPER_026,XGEO_CAMPAIGN_ROUTED
dvp_prime_paper_026b,DPM-common-block,dvp_prime_paper_026b via _common_uqff_blocks + §B DVP,PAPER_026b,XGEO_CAMPAIGN_ROUTED
dvp_prime_paper_026c,DPM-common-block,dvp_prime_paper_026c via _common_uqff_blocks + §B DVP,PAPER_026c,XGEO_CAMPAIGN_ROUTED
dvp_prime_paper_027,DPM-common-block,dvp_prime_paper_027 via _common_uqff_blocks + §B DVP,PAPER_027,XGEO_CAMPAIGN_ROUTED
dvp_prime_paper_028,DPM-common-block,dvp_prime_paper_028 via _common_uqff_blocks + §B DVP,PAPER_028,XGEO_CAMPAIGN_ROUTED
dvp_prime_paper_029,DPM-common-block,dvp_prime_paper_029 via _common_uqff_blocks + §B DVP,PAPER_029,XGEO_CAMPAIGN_ROUTED
dvp_prime_paper_030,DPM-common-block,dvp_prime_paper_030 via _common_uqff_blocks + §B DVP,PAPER_030,XGEO_CAMPAIGN_ROUTED
flavor_RD_uqff,DPM-common-block,flavor_RD_uqff via _common_uqff_blocks + §B DVP,PAPER_031,XGEO_CAMPAIGN_ROUTED
vlq_tan_beta,DPM-common-block,vlq_tan_beta via _common_uqff_blocks + §B DVP,PAPER_032,XGEO_CAMPAIGN_ROUTED
oblique_T_param,DPM-common-block,oblique_T_param via _common_uqff_blocks + §B DVP,PAPER_033,XGEO_CAMPAIGN_ROUTED
kappa_18_level,DPM-common-block,kappa_18_level via _common_uqff_blocks + §B DVP,PAPER_034,XGEO_CAMPAIGN_ROUTED
higgs_cp_acp,DPM-common-block,higgs_cp_acp via _common_uqff_blocks + §B DVP,PAPER_035,XGEO_CAMPAIGN_ROUTED
dvp_prime_paper_031,DPM-common-block,dvp_prime_paper_031 via _common_uqff_blocks + §B DVP,PAPER_031,XGEO_CAMPAIGN_ROUTED
dvp_prime_paper_032,DPM-common-block,dvp_prime_paper_032 via _common_uqff_blocks + §B DVP,PAPER_032,XGEO_CAMPAIGN_ROUTED
dvp_prime_paper_033,DPM-common-block,dvp_prime_paper_033 via _common_uqff_blocks + §B DVP,PAPER_033,XGEO_CAMPAIGN_ROUTED
dvp_prime_paper_034,DPM-common-block,dvp_prime_paper_034 via _common_uqff_blocks + §B DVP,PAPER_034,XGEO_CAMPAIGN_ROUTED
dvp_prime_paper_035,DPM-common-block,dvp_prime_paper_035 via _common_uqff_blocks + §B DVP,PAPER_035,XGEO_CAMPAIGN_ROUTED
dvp_prime_paper_036,DPM-common-block,dvp_prime_paper_036 via _common_uqff_blocks + §B DVP,PAPER_036,XGEO_CAMPAIGN_ROUTED
dvp_prime_paper_037,DPM-common-block,dvp_prime_paper_037 via _common_uqff_blocks + §B DVP,PAPER_037,XGEO_CAMPAIGN_ROUTED
dvp_prime_paper_038,DPM-common-block,dvp_prime_paper_038 via _common_uqff_blocks + §B DVP,PAPER_038,XGEO_CAMPAIGN_ROUTED
dvp_prime_paper_039,DPM-common-block,dvp_prime_paper_039 via _common_uqff_blocks + §B DVP,PAPER_039,XGEO_CAMPAIGN_ROUTED
dvp_prime_paper_040,DPM-common-block,dvp_prime_paper_040 via _common_uqff_blocks + §B DVP,PAPER_040,XGEO_CAMPAIGN_ROUTED
layered_gravity_ug1,DPM-common-block,layered_gravity_ug1 via _common_uqff_blocks + §B DVP,PAPER_042,XGEO_CAMPAIGN_ROUTED
polynomial_energy_level,DPM-common-block,polynomial_energy_level via _common_uqff_blocks + §B DVP,PAPER_043,XGEO_CAMPAIGN_ROUTED
level_density,DPM-common-block,level_density via _common_uqff_blocks + §B DVP,PAPER_043,XGEO_CAMPAIGN_ROUTED
dpm_center_radius,DPM-common-block,dpm_center_radius via _common_uqff_blocks + §B DVP,PAPER_044,XGEO_CAMPAIGN_ROUTED
phase_transition_energy,DPM-common-block,phase_transition_energy via _common_uqff_blocks + §B DVP,PAPER_045,XGEO_CAMPAIGN_ROUTED
ug4_bh_pressure,DPM-common-block,ug4_bh_pressure via _common_uqff_blocks + §B DVP,PAPER_048,XGEO_CAMPAIGN_ROUTED
dvp_prime_paper_041,DPM-common-block,dvp_prime_paper_041 via _common_uqff_blocks + §B DVP,PAPER_041,XGEO_CAMPAIGN_ROUTED
dvp_prime_paper_042,DPM-common-block,dvp_prime_paper_042 via _common_uqff_blocks + §B DVP,PAPER_042,XGEO_CAMPAIGN_ROUTED
dvp_prime_paper_043,DPM-common-block,dvp_prime_paper_043 via _common_uqff_blocks + §B DVP,PAPER_043,XGEO_CAMPAIGN_ROUTED
dvp_prime_paper_044,DPM-common-block,dvp_prime_paper_044 via _common_uqff_blocks + §B DVP,PAPER_044,XGEO_CAMPAIGN_ROUTED
dvp_prime_paper_045,DPM-common-block,dvp_prime_paper_045 via _common_uqff_blocks + §B DVP,PAPER_045,XGEO_CAMPAIGN_ROUTED
dvp_prime_paper_046,DPM-common-block,dvp_prime_paper_046 via _common_uqff_blocks + §B DVP,PAPER_046,XGEO_CAMPAIGN_ROUTED
dvp_prime_paper_047,DPM-common-block,dvp_prime_paper_047 via _common_uqff_blocks + §B DVP,PAPER_047,XGEO_CAMPAIGN_ROUTED
dvp_prime_paper_048,DPM-common-block,dvp_prime_paper_048 via _common_uqff_blocks + §B DVP,PAPER_048,XGEO_CAMPAIGN_ROUTED
dvp_prime_paper_049,DPM-common-block,dvp_prime_paper_049 via _common_uqff_blocks + §B DVP,PAPER_049,XGEO_CAMPAIGN_ROUTED
dvp_prime_paper_050,DPM-common-block,dvp_prime_paper_050 via _common_uqff_blocks + §B DVP,PAPER_050,XGEO_CAMPAIGN_ROUTED
resonance_factor_ssq,DPM-common-block,resonance_factor_ssq via _common_uqff_blocks + §B DVP,PAPER_053,XGEO_CAMPAIGN_ROUTED
merger_compression,DPM-common-block,merger_compression via _common_uqff_blocks + §B DVP,PAPER_055,XGEO_CAMPAIGN_ROUTED
wind_velocity,DPM-common-block,wind_velocity via _common_uqff_blocks + §B DVP,PAPER_056,XGEO_CAMPAIGN_ROUTED
alpha_bec_prob,DPM-common-block,alpha_bec_prob via _common_uqff_blocks + §B DVP,PAPER_059,XGEO_CAMPAIGN_ROUTED
be_occupancy,DPM-common-block,be_occupancy via _common_uqff_blocks + §B DVP,PAPER_060,XGEO_CAMPAIGN_ROUTED
be_de_ladder,DPM-common-block,be_de_ladder via _common_uqff_blocks + §B DVP,PAPER_060,XGEO_CAMPAIGN_ROUTED
dvp_prime_paper_051,DPM-common-block,dvp_prime_paper_051 via _common_uqff_blocks + §B DVP,PAPER_051,XGEO_CAMPAIGN_ROUTED
dvp_prime_paper_052,DPM-common-block,dvp_prime_paper_052 via _common_uqff_blocks + §B DVP,PAPER_052,XGEO_CAMPAIGN_ROUTED
dvp_prime_paper_053,DPM-common-block,dvp_prime_paper_053 via _common_uqff_blocks + §B DVP,PAPER_053,XGEO_CAMPAIGN_ROUTED
dvp_prime_paper_054,DPM-common-block,dvp_prime_paper_054 via _common_uqff_blocks + §B DVP,PAPER_054,XGEO_CAMPAIGN_ROUTED
dvp_prime_paper_055,DPM-common-block,dvp_prime_paper_055 via _common_uqff_blocks + §B DVP,PAPER_055,XGEO_CAMPAIGN_ROUTED
dvp_prime_paper_056,DPM-common-block,dvp_prime_paper_056 via _common_uqff_blocks + §B DVP,PAPER_056,XGEO_CAMPAIGN_ROUTED
dvp_prime_paper_057,DPM-common-block,dvp_prime_paper_057 via _common_uqff_blocks + §B DVP,PAPER_057,XGEO_CAMPAIGN_ROUTED
dvp_prime_paper_058,DPM-common-block,dvp_prime_paper_058 via _common_uqff_blocks + §B DVP,PAPER_058,XGEO_CAMPAIGN_ROUTED
dvp_prime_paper_059,DPM-common-block,dvp_prime_paper_059 via _common_uqff_blocks + §B DVP,PAPER_059,XGEO_CAMPAIGN_ROUTED
dvp_prime_paper_060,DPM-common-block,dvp_prime_paper_060 via _common_uqff_blocks + §B DVP,PAPER_060,XGEO_CAMPAIGN_ROUTED
heavy_electron_mass_ratio,DPM-common-block,heavy_electron_mass_ratio via _common_uqff_blocks + §B DVP,PAPER_062,XGEO_CAMPAIGN_ROUTED
lenr_resonance_term,DPM-common-block,lenr_resonance_term via _common_uqff_blocks + §B DVP,PAPER_062,XGEO_CAMPAIGN_ROUTED
operational_mode_superposition,DPM-common-block,operational_mode_superposition via _common_uqff_blocks + §B DVP,PAPER_064,XGEO_CAMPAIGN_ROUTED
agn_ug4_concentration,DPM-common-block,agn_ug4_concentration via _common_uqff_blocks + §B DVP,PAPER_067,XGEO_CAMPAIGN_ROUTED
kepler_orbit_radius,DPM-common-block,kepler_orbit_radius via _common_uqff_blocks + §B DVP,PAPER_070,XGEO_CAMPAIGN_ROUTED
dvp_prime_paper_061,DPM-common-block,dvp_prime_paper_061 via _common_uqff_blocks + §B DVP,PAPER_061,XGEO_CAMPAIGN_ROUTED
dvp_prime_paper_062,DPM-common-block,dvp_prime_paper_062 via _common_uqff_blocks + §B DVP,PAPER_062,XGEO_CAMPAIGN_ROUTED
dvp_prime_paper_063,DPM-common-block,dvp_prime_paper_063 via _common_uqff_blocks + §B DVP,PAPER_063,XGEO_CAMPAIGN_ROUTED
dvp_prime_paper_064,DPM-common-block,dvp_prime_paper_064 via _common_uqff_blocks + §B DVP,PAPER_064,XGEO_CAMPAIGN_ROUTED
dvp_prime_paper_065,DPM-common-block,dvp_prime_paper_065 via _common_uqff_blocks + §B DVP,PAPER_065,XGEO_CAMPAIGN_ROUTED
dvp_prime_paper_066,DPM-common-block,dvp_prime_paper_066 via _common_uqff_blocks + §B DVP,PAPER_066,XGEO_CAMPAIGN_ROUTED
dvp_prime_paper_067,DPM-common-block,dvp_prime_paper_067 via _common_uqff_blocks + §B DVP,PAPER_067,XGEO_CAMPAIGN_ROUTED
dvp_prime_paper_068,DPM-common-block,dvp_prime_paper_068 via _common_uqff_blocks + §B DVP,PAPER_068,XGEO_CAMPAIGN_ROUTED
dvp_prime_paper_069,DPM-common-block,dvp_prime_paper_069 via _common_uqff_blocks + §B DVP,PAPER_069,XGEO_CAMPAIGN_ROUTED
dvp_prime_paper_070,DPM-common-block,dvp_prime_paper_070 via _common_uqff_blocks + §B DVP,PAPER_070,XGEO_CAMPAIGN_ROUTED
solar_surface_gravity,DPM-common-block,solar_surface_gravity via _common_uqff_blocks + §B DVP,PAPER_071,XGEO_CAMPAIGN_ROUTED
ug1_magnetic,DPM-common-block,ug1_magnetic via _common_uqff_blocks + §B DVP,PAPER_071,XGEO_CAMPAIGN_ROUTED
cop_reactor,DPM-common-block,cop_reactor via _common_uqff_blocks + §B DVP,PAPER_072,XGEO_CAMPAIGN_ROUTED
ssq_correction,DPM-common-block,ssq_correction via _common_uqff_blocks + §B DVP,PAPER_073,XGEO_CAMPAIGN_ROUTED
scm_multiplier_enhancement,DPM-common-block,scm_multiplier_enhancement via _common_uqff_blocks + §B DVP,PAPER_075,XGEO_CAMPAIGN_ROUTED
dvp_prime_paper_071,DPM-common-block,dvp_prime_paper_071 via _common_uqff_blocks + §B DVP,PAPER_071,XGEO_CAMPAIGN_ROUTED
dvp_prime_paper_072,DPM-common-block,dvp_prime_paper_072 via _common_uqff_blocks + §B DVP,PAPER_072,XGEO_CAMPAIGN_ROUTED
dvp_prime_paper_073,DPM-common-block,dvp_prime_paper_073 via _common_uqff_blocks + §B DVP,PAPER_073,XGEO_CAMPAIGN_ROUTED
dvp_prime_paper_074,DPM-common-block,dvp_prime_paper_074 via _common_uqff_blocks + §B DVP,PAPER_074,XGEO_CAMPAIGN_ROUTED
dvp_prime_paper_075,DPM-common-block,dvp_prime_paper_075 via _common_uqff_blocks + §B DVP,PAPER_075,XGEO_CAMPAIGN_ROUTED
dvp_prime_paper_076,DPM-common-block,dvp_prime_paper_076 via _common_uqff_blocks + §B DVP,PAPER_076,XGEO_CAMPAIGN_ROUTED
dvp_prime_paper_077,DPM-common-block,dvp_prime_paper_077 via _common_uqff_blocks + §B DVP,PAPER_077,XGEO_CAMPAIGN_ROUTED
dvp_prime_paper_078,DPM-common-block,dvp_prime_paper_078 via _common_uqff_blocks + §B DVP,PAPER_078,XGEO_CAMPAIGN_ROUTED
dvp_prime_paper_079,DPM-common-block,dvp_prime_paper_079 via _common_uqff_blocks + §B DVP,PAPER_079,XGEO_CAMPAIGN_ROUTED
dvp_prime_paper_080,DPM-common-block,dvp_prime_paper_080 via _common_uqff_blocks + §B DVP,PAPER_080,XGEO_CAMPAIGN_ROUTED
_register,DPM-common-block,_register via _common_uqff_blocks + §B DVP,PAPER_011,XGEO_CAMPAIGN_ROUTED
beta_i_of,DPM-common-block,beta_i_of via _common_uqff_blocks + §B DVP,PAPER_001,XGEO_CAMPAIGN_ROUTED
apparent_distance,DPM-common-block,apparent_distance via _common_uqff_blocks + §B DVP,PAPER_003,XGEO_CAMPAIGN_ROUTED
b0_qcd,DPM-common-block,b0_qcd via _common_uqff_blocks + §B DVP,PAPER_011,XGEO_CAMPAIGN_ROUTED
alpha_s_running,DPM-common-block,alpha_s_running via _common_uqff_blocks + §B DVP,PAPER_011,XGEO_CAMPAIGN_ROUTED
tidal_deformability,DPM-common-block,tidal_deformability via _common_uqff_blocks + §B DVP,PAPER_007,XGEO_CAMPAIGN_ROUTED
_common_uqff_blocks,DPM-common-block,_common_uqff_blocks via _common_uqff_blocks + §B DVP,PAPER_011,XGEO_CAMPAIGN_ROUTED
stochastic_omega_energy_density,DPM-common-block,stochastic_omega_energy_density via _common_uqff_blocks + §B DVP,PAPER_011,XGEO_CAMPAIGN_ROUTED
stochastic_omega_powerlaw,DPM-common-block,stochastic_omega_powerlaw via _common_uqff_blocks + §B DVP,PAPER_011,XGEO_CAMPAIGN_ROUTED
stochastic_omega_mixed_population,DPM-common-block,stochastic_omega_mixed_population via _common_uqff_blocks + §B DVP,PAPER_011,XGEO_CAMPAIGN_ROUTED
gw_cross_correlation_estimator,DPM-common-block,gw_cross_correlation_estimator via _common_uqff_blocks + §B DVP,PAPER_011,XGEO_CAMPAIGN_ROUTED
gw_network_snr,DPM-common-block,gw_network_snr via _common_uqff_blocks + §B DVP,PAPER_011,XGEO_CAMPAIGN_ROUTED
omega_relative_error,DPM-common-block,omega_relative_error via _common_uqff_blocks + §B DVP,PAPER_011,XGEO_CAMPAIGN_ROUTED
peters_eccentricity_evolution,DPM-common-block,peters_eccentricity_evolution via _common_uqff_blocks + §B DVP,PAPER_012,XGEO_CAMPAIGN_ROUTED
residual_eccentricity,DPM-common-block,residual_eccentricity via _common_uqff_blocks + §B DVP,PAPER_012,XGEO_CAMPAIGN_ROUTED
eccentric_harmonic_amplitude,DPM-common-block,eccentric_harmonic_amplitude via _common_uqff_blocks + §B DVP,PAPER_012,XGEO_CAMPAIGN_ROUTED
magnetar_spindown_age,DPM-common-block,magnetar_spindown_age via _common_uqff_blocks + §B DVP,PAPER_013,XGEO_CAMPAIGN_ROUTED
pbh_mass_function_modifier,DPM-common-block,pbh_mass_function_modifier via _common_uqff_blocks + §B DVP,PAPER_014,XGEO_CAMPAIGN_ROUTED
pbh_collapse_fraction,DPM-common-block,pbh_collapse_fraction via _common_uqff_blocks + §B DVP,PAPER_014,XGEO_CAMPAIGN_ROUTED
gw_luminosity_distance_bias,DPM-common-block,gw_luminosity_distance_bias via _common_uqff_blocks + §B DVP,PAPER_015,XGEO_CAMPAIGN_ROUTED
gw_dark_energy_eos,DPM-common-block,gw_dark_energy_eos via _common_uqff_blocks + §B DVP,PAPER_015,XGEO_CAMPAIGN_ROUTED
decoherence_length,DPM-common-block,decoherence_length via _common_uqff_blocks + §B DVP,PAPER_016,XGEO_CAMPAIGN_ROUTED
entanglement_energy_scaling,DPM-common-block,entanglement_energy_scaling via _common_uqff_blocks + §B DVP,PAPER_016,XGEO_CAMPAIGN_ROUTED
teleport_fidelity,DPM-common-block,teleport_fidelity via _common_uqff_blocks + §B DVP,PAPER_016,XGEO_CAMPAIGN_ROUTED
snr_ratio_redshift,DPM-common-block,snr_ratio_redshift via _common_uqff_blocks + §B DVP,PAPER_017,XGEO_CAMPAIGN_ROUTED
strain_reduction_pct,DPM-common-block,strain_reduction_pct via _common_uqff_blocks + §B DVP,PAPER_017,XGEO_CAMPAIGN_ROUTED
aether_comb_envelope,DPM-common-block,aether_comb_envelope via _common_uqff_blocks + §B DVP,PAPER_018,XGEO_CAMPAIGN_ROUTED
sgwb_inspiral_slope,DPM-common-block,sgwb_inspiral_slope via _common_uqff_blocks + §B DVP,PAPER_018,XGEO_CAMPAIGN_ROUTED
pta_amplitude,DPM-common-block,pta_amplitude via _common_uqff_blocks + §B DVP,PAPER_019,XGEO_CAMPAIGN_ROUTED
pta_spectral_index,DPM-common-block,pta_spectral_index via _common_uqff_blocks + §B DVP,PAPER_019,XGEO_CAMPAIGN_ROUTED
gzk_cutoff_shift,DPM-common-block,gzk_cutoff_shift via _common_uqff_blocks + §B DVP,PAPER_020,XGEO_CAMPAIGN_ROUTED
sigma8_suppression,DPM-common-block,sigma8_suppression via _common_uqff_blocks + §B DVP,PAPER_021,XGEO_CAMPAIGN_ROUTED
lensing_shear_suppression,DPM-common-block,lensing_shear_suppression via _common_uqff_blocks + §B DVP,PAPER_021,XGEO_CAMPAIGN_ROUTED
string_polarization_ladder,DPM-common-block,string_polarization_ladder via _common_uqff_blocks + §B DVP,PAPER_022,XGEO_CAMPAIGN_ROUTED
g2_ratio_tau_mu,DPM-common-block,g2_ratio_tau_mu via _common_uqff_blocks + §B DVP,PAPER_023,XGEO_CAMPAIGN_ROUTED
dm_de_broglie_wavelength,DPM-common-block,dm_de_broglie_wavelength via _common_uqff_blocks + §B DVP,PAPER_025,XGEO_CAMPAIGN_ROUTED
dm_self_interaction,DPM-common-block,dm_self_interaction via _common_uqff_blocks + §B DVP,PAPER_025,XGEO_CAMPAIGN_ROUTED
yukawa_ladder,DPM-common-block,yukawa_ladder via _common_uqff_blocks + §B DVP,PAPER_026,XGEO_CAMPAIGN_ROUTED
ckm_unitarity_deficit,DPM-common-block,ckm_unitarity_deficit via _common_uqff_blocks + §B DVP,PAPER_028,XGEO_CAMPAIGN_ROUTED
cosmic_dark_energy_fraction,DPM-common-block,cosmic_dark_energy_fraction via _common_uqff_blocks + §B DVP,PAPER_029,XGEO_CAMPAIGN_ROUTED
dark_mediator_survivor,DPM-common-block,dark_mediator_survivor via _common_uqff_blocks + §B DVP,PAPER_030,XGEO_CAMPAIGN_ROUTED
vlq_sin2_alpha,DPM-common-block,vlq_sin2_alpha via _common_uqff_blocks + §B DVP,PAPER_032,XGEO_CAMPAIGN_ROUTED
composite_scale,DPM-common-block,composite_scale via _common_uqff_blocks + §B DVP,PAPER_032,XGEO_CAMPAIGN_ROUTED
oblique_rho_param,DPM-common-block,oblique_rho_param via _common_uqff_blocks + §B DVP,PAPER_033,XGEO_CAMPAIGN_ROUTED
kappa_t_bracket,DPM-common-block,kappa_t_bracket via _common_uqff_blocks + §B DVP,PAPER_034,XGEO_CAMPAIGN_ROUTED
higgs_cp_oneloop,DPM-common-block,higgs_cp_oneloop via _common_uqff_blocks + §B DVP,PAPER_035,XGEO_CAMPAIGN_ROUTED
volume_level,DPM-common-block,volume_level via _common_uqff_blocks + §B DVP,PAPER_043,XGEO_CAMPAIGN_ROUTED
dpm_quantum_numbers,DPM-common-block,dpm_quantum_numbers via _common_uqff_blocks + §B DVP,PAPER_044,XGEO_CAMPAIGN_ROUTED
dpm_center_energy,DPM-common-block,dpm_center_energy via _common_uqff_blocks + §B DVP,PAPER_044,XGEO_CAMPAIGN_ROUTED
yinyang_coupling,DPM-common-block,yinyang_coupling via _common_uqff_blocks + §B DVP,PAPER_046,XGEO_CAMPAIGN_ROUTED
semf_binding_observed,DPM-common-block,semf_binding_observed via _common_uqff_blocks + §B DVP,PAPER_047,XGEO_CAMPAIGN_ROUTED
vacuum_sum_n2,DPM-common-block,vacuum_sum_n2 via _common_uqff_blocks + §B DVP,PAPER_049,XGEO_CAMPAIGN_ROUTED
compactification_partition,DPM-common-block,compactification_partition via _common_uqff_blocks + §B DVP,PAPER_050,XGEO_CAMPAIGN_ROUTED
page_curve_unitarity,DPM-common-block,page_curve_unitarity via _common_uqff_blocks + §B DVP,PAPER_052,XGEO_CAMPAIGN_ROUTED
tidal_tail_length,DPM-common-block,tidal_tail_length via _common_uqff_blocks + §B DVP,PAPER_054,XGEO_CAMPAIGN_ROUTED
suite_g_grav_ratio,DPM-common-block,suite_g_grav_ratio via _common_uqff_blocks + §B DVP,PAPER_055,XGEO_CAMPAIGN_ROUTED
alpha_fragment_velocity,DPM-common-block,alpha_fragment_velocity via _common_uqff_blocks + §B DVP,PAPER_059,XGEO_CAMPAIGN_ROUTED
bec_order_parameter,DPM-common-block,bec_order_parameter via _common_uqff_blocks + §B DVP,PAPER_061,XGEO_CAMPAIGN_ROUTED
bec_tc_shift,DPM-common-block,bec_tc_shift via _common_uqff_blocks + §B DVP,PAPER_061,XGEO_CAMPAIGN_ROUTED
ensemble_master_integral,DPM-common-block,ensemble_master_integral via _common_uqff_blocks + §B DVP,PAPER_063,XGEO_CAMPAIGN_ROUTED
globular_virial_sigma,DPM-common-block,globular_virial_sigma via _common_uqff_blocks + §B DVP,PAPER_068,XGEO_CAMPAIGN_ROUTED
magnetar_spindown_field,DPM-common-block,magnetar_spindown_field via _common_uqff_blocks + §B DVP,PAPER_079,XGEO_CAMPAIGN_ROUTED
fubii_terminal_velocity,DPM-common-block,fubii_terminal_velocity via _common_uqff_blocks + §B DVP,PAPER_037,XGEO_CAMPAIGN_ROUTED
fubii_kilonova,DPM-common-block,fubii_kilonova via _common_uqff_blocks + §B DVP,PAPER_037,XGEO_CAMPAIGN_ROUTED
fubii_fermi,DPM-common-block,fubii_fermi via _common_uqff_blocks + §B DVP,PAPER_038,XGEO_CAMPAIGN_ROUTED
fubii_knee_stationary,DPM-common-block,fubii_knee_stationary via _common_uqff_blocks + §B DVP,PAPER_038,XGEO_CAMPAIGN_ROUTED
fubii_hawking,DPM-common-block,fubii_hawking via _common_uqff_blocks + §B DVP,PAPER_039,XGEO_CAMPAIGN_ROUTED
icm_thermostat,DPM-common-block,icm_thermostat via _common_uqff_blocks + §B DVP,PAPER_041,XGEO_CAMPAIGN_ROUTED
icm_entropy_floor,DPM-common-block,icm_entropy_floor via _common_uqff_blocks + §B DVP,PAPER_041,XGEO_CAMPAIGN_ROUTED
sfe_runaway,DPM-common-block,sfe_runaway via _common_uqff_blocks + §B DVP,PAPER_041,XGEO_CAMPAIGN_ROUTED
layered_gravity_span,DPM-common-block,layered_gravity_span via _common_uqff_blocks + §B DVP,PAPER_042,XGEO_CAMPAIGN_ROUTED
fermi_null_modulation,DPM-common-block,fermi_null_modulation via _common_uqff_blocks + §B DVP,PAPER_076,XGEO_CAMPAIGN_ROUTED
ringdown_correction,DPM-common-block,ringdown_correction via _common_uqff_blocks + §B DVP,PAPER_077,XGEO_CAMPAIGN_ROUTED
hubble_ua_correction,DPM-common-block,hubble_ua_correction via _common_uqff_blocks + §B DVP,PAPER_078,XGEO_CAMPAIGN_ROUTED
suite_completeness,DPM-common-block,suite_completeness via _common_uqff_blocks + §B DVP,PAPER_065,XGEO_CAMPAIGN_ROUTED
phonon_modulation_Phi,DPM-common-block,phonon_modulation_Phi via _common_uqff_blocks + §B DVP,PAPER_001,XGEO_CAMPAIGN_ROUTED
L_Edd_classical,DPM-common-block,L_Edd_classical via _common_uqff_blocks + §B DVP,PAPER_001,XGEO_CAMPAIGN_ROUTED
F_buoy,DPM-common-block,F_buoy via _common_uqff_blocks + §B DVP,PAPER_001,XGEO_CAMPAIGN_ROUTED
U_b_seed,DPM-common-block,U_b_seed via _common_uqff_blocks + §B DVP,PAPER_877,XGEO_CAMPAIGN_ROUTED
oblique_S_param,DPM-common-block,oblique_S_param via _common_uqff_blocks + §B DVP,PAPER_033,XGEO_CAMPAIGN_ROUTED
delta_mW_shift,DPM-common-block,delta_mW_shift via _common_uqff_blocks + §B DVP,PAPER_033,XGEO_CAMPAIGN_ROUTED
globular_delta_G,DPM-common-block,globular_delta_G via _common_uqff_blocks + §B DVP,PAPER_068,XGEO_CAMPAIGN_ROUTED
hellings_downs_curve,DPM-common-block,hellings_downs_curve via _common_uqff_blocks + §B DVP,PAPER_019,XGEO_CAMPAIGN_ROUTED
characteristic_strain_powerlaw,DPM-common-block,characteristic_strain_powerlaw via _common_uqff_blocks + §B DVP,PAPER_019,XGEO_CAMPAIGN_ROUTED
D_aether_freq,DPM-common-block,D_aether_freq via _common_uqff_blocks + §B DVP,PAPER_019,XGEO_CAMPAIGN_ROUTED
D_scm_gaussian,DPM-common-block,D_scm_gaussian via _common_uqff_blocks + §B DVP,PAPER_019,XGEO_CAMPAIGN_ROUTED
D_string_freq,DPM-common-block,D_string_freq via _common_uqff_blocks + §B DVP,PAPER_019,XGEO_CAMPAIGN_ROUTED
D_trz_freq,DPM-common-block,D_trz_freq via _common_uqff_blocks + §B DVP,PAPER_019,XGEO_CAMPAIGN_ROUTED
omega_gw_from_strain,DPM-common-block,omega_gw_from_strain via _common_uqff_blocks + §B DVP,PAPER_019,XGEO_CAMPAIGN_ROUTED
chirp_mass_modification,DPM-common-block,chirp_mass_modification via _common_uqff_blocks + §B DVP,PAPER_019,XGEO_CAMPAIGN_ROUTED
gw_angular_power_spectrum,DPM-common-block,gw_angular_power_spectrum via _common_uqff_blocks + §B DVP,PAPER_019,XGEO_CAMPAIGN_ROUTED
binary_number_density,DPM-common-block,binary_number_density via _common_uqff_blocks + §B DVP,PAPER_019,XGEO_CAMPAIGN_ROUTED
gw_inspiral_strain_pta,DPM-common-block,gw_inspiral_strain_pta via _common_uqff_blocks + §B DVP,PAPER_019,XGEO_CAMPAIGN_ROUTED
cosmic_baryonic_density,DPM-common-block,cosmic_baryonic_density via _common_uqff_blocks + §B DVP,PAPER_029,XGEO_CAMPAIGN_ROUTED
cosmic_fsm_corrected,DPM-common-block,cosmic_fsm_corrected via _common_uqff_blocks + §B DVP,PAPER_029,XGEO_CAMPAIGN_ROUTED
cosmic_fdm,DPM-common-block,cosmic_fdm via _common_uqff_blocks + §B DVP,PAPER_029,XGEO_CAMPAIGN_ROUTED
cosmic_flambda,DPM-common-block,cosmic_flambda via _common_uqff_blocks + §B DVP,PAPER_029,XGEO_CAMPAIGN_ROUTED
kk_mass_planck,DPM-common-block,kk_mass_planck via _common_uqff_blocks + §B DVP,PAPER_029,XGEO_CAMPAIGN_ROUTED
cross_section_enhancement,DPM-common-block,cross_section_enhancement via _common_uqff_blocks + §B DVP,PAPER_029,XGEO_CAMPAIGN_ROUTED
bsm_energy_threshold,DPM-common-block,bsm_energy_threshold via _common_uqff_blocks + §B DVP,PAPER_029,XGEO_CAMPAIGN_ROUTED
bsm_fraction,DPM-common-block,bsm_fraction via _common_uqff_blocks + §B DVP,PAPER_029,XGEO_CAMPAIGN_ROUTED
relic_dilution,DPM-common-block,relic_dilution via _common_uqff_blocks + §B DVP,PAPER_026,XGEO_CAMPAIGN_ROUTED
relic_abundance,DPM-common-block,relic_abundance via _common_uqff_blocks + §B DVP,PAPER_026,XGEO_CAMPAIGN_ROUTED
seesaw_mass,DPM-common-block,seesaw_mass via _common_uqff_blocks + §B DVP,PAPER_026,XGEO_CAMPAIGN_ROUTED
