name,value,class,uses,hybrid_role,note
HBAR_OBSERVED,1.054571817e-34,SI_DEFINED,56,comparison+hybrid,"SI 2019 defined - exact by definition, not a measurement"
KB_OBSERVED,1.380649e-23,SI_DEFINED,53,comparison+hybrid,SI 2019 defined
H_PLANCK_OBSERVED,6.62607015e-34,SI_DEFINED,27,comparison+hybrid,SI 2019 defined
E_CHARGE_OBSERVED,1.602176634e-19,SI_DEFINED,26,comparison+hybrid,SI 2019 defined
G_NEWTON_OBSERVED,6.674e-11,OBSERVED,39,comparison (UQFF G = P593 0.08%),CODATA rounded; in-corpus convention
MU_0_OBSERVED,1.25663706212e-06,OBSERVED,13,comparison (P2108 4pi*F_TRZ^7 float-exact),"CODATA 2018; named separately, NOT unified"
M_PROTON_OBSERVED_KG,1.673e-27,OBSERVED,9,hybrid input (Route B counts),3-digit paper precision
M_ELECTRON_OBSERVED_KG,9.109e-31,OBSERVED,5,hybrid input,4-digit paper precision
M_TAU_OBSERVED_GEV,1.77686,OBSERVED,9,comparison (P1209HH residuals),PDG
M_W_OBSERVED_GEV,80.379,OBSERVED,6,comparison (P1209HH residuals),PDG
T_CMB_OBSERVED_K,2.725,OBSERVED,8,comparison+hybrid,observed
H0_PLANCK_OBSERVED,67.4,OBSERVED,23,comparison (UQFF H0 = 70 = A_5+SO_5),Planck 2018; the tension's other pole
T_UNIVERSE_GYR,13.8,OBSERVED,12,hybrid input (chi = pi/13.8 P300),observed age
LAMBDA_LEDGER,0.00729735,OBSERVED,57,hybrid reservoir (alpha_obs; UQFF chain 0.0072873 at 0.14%),observed fine-structure constant as ledger saturation
M_SUN_OBSERVED,1.989e30,ASTRO_CONVENTION,84,hybrid input (most-used astro anchor),IAU-class solar mass
R_SUN_OBSERVED,6.96e8,ASTRO_CONVENTION,22,hybrid input (V_sun; the rho_SCm birth arithmetic P2240),solar radius
L_SUN_OBSERVED_W,3.828e26,ASTRO_CONVENTION,5,hybrid input,IAU nominal
M_SUN_OBSERVED_R3,1.99e30,PRECISION_VARIANT,4,paper-precision twin,BOARD ITEM: rounded-constant unification ruling pending
C_OBSERVED_R4,2.998e8,PRECISION_VARIANT,36,paper-precision twin of observed c,BOARD ITEM: pending ruling; NOT unified per c precedent
MPC_TO_M_R4,3.086e22,PRECISION_VARIANT,9,paper-precision twin,BOARD ITEM: pending ruling
MPC_TO_M,3.0857e22,UNIT_DEFINITION,16,n/a (definition),registry convention
KPC_TO_M,3.086e19,UNIT_DEFINITION,19,n/a,definition
LY_TO_M,9.461e15,UNIT_DEFINITION,12,n/a,definition
AU_TO_M,1.496e11,UNIT_DEFINITION,10,n/a,definition
YEAR_S,3.156e7,UNIT_DEFINITION,36,n/a,paper convention
DAYS_PER_YEAR,365.25,UNIT_DEFINITION,21,n/a,Julian
SECONDS_PER_DAY,86400.0,UNIT_DEFINITION,18,n/a,definition
C_LIGHT_CONVENTION,3e8,CONVENTION,57,consumer numerics (sec-6.2 dual-exposure),C_UQFF_DERIVED spotlighted first per Daniel's ruling; 3e8 = compatibility exposure
H0_SI_PAPER_R5,2.2685e-18,UQFF_DERIVED,22,UQFF H0 = 70 in SI,NOT an observation - the P1573 identity in SI units
YM_GAP_GEV,1.736,UQFF_DERIVED,12,UQFF canonical (P1318),NOT an observation
GAMMA_SCM_PER_DAY,5e-5,UQFF_DERIVED,15,UQFF canonical (= kappa*F_TRZ; origin P2246),NOT an observation
Q_WAVE_STD_J_M3,6.33e4,UQFF_DERIVED,7,corpus-derived mean (P337),NOT an observation
D_CRIT_F,26.0,PRIMITIVE_FLOAT,233,"n/a (the primitive itself, float-typed)",NOT an anchor - semantic-pass artifact of the 26.0 promotion
