observable,route_1_formula,route_1_value,route_2_formula,route_2_value,target,route_1_residual_pct,route_2_residual_pct,classification,sources
dvp_prime_paper_015b,whitepaper §B.2,53,_DVP_LADDER_LOCKED gate pin,53,53,0.0,0.0,XGEO_CONFIRMED_EXACT,PAPER_015b
dvp_prime_paper_016,whitepaper §B.2,59,_DVP_LADDER_LOCKED gate pin,59,59,0.0,0.0,XGEO_CONFIRMED_EXACT,PAPER_016
dvp_prime_paper_016b,whitepaper §B.2,59,_DVP_LADDER_LOCKED gate pin,59,59,0.0,0.0,XGEO_CONFIRMED_EXACT,PAPER_016b
dvp_prime_paper_017,whitepaper §B.2,61,_DVP_LADDER_LOCKED gate pin,61,61,0.0,0.0,XGEO_CONFIRMED_EXACT,PAPER_017
dvp_prime_paper_018,whitepaper §B.2,67,_DVP_LADDER_LOCKED gate pin,67,67,0.0,0.0,XGEO_CONFIRMED_EXACT,PAPER_018
dvp_prime_paper_019,whitepaper §B.2,71,_DVP_LADDER_LOCKED gate pin,71,71,0.0,0.0,XGEO_CONFIRMED_EXACT,PAPER_019
dvp_prime_paper_020,whitepaper §B.2,73,_DVP_LADDER_LOCKED gate pin,73,73,0.0,0.0,XGEO_CONFIRMED_EXACT,PAPER_020
dvp_prime_paper_021,whitepaper §B.2,79,_DVP_LADDER_LOCKED gate pin,79,79,0.0,0.0,XGEO_CONFIRMED_EXACT,PAPER_021
dvp_prime_paper_022,whitepaper §B.2,83,_DVP_LADDER_LOCKED gate pin,83,83,0.0,0.0,XGEO_CONFIRMED_EXACT,PAPER_022
dvp_prime_paper_023,whitepaper §B.2,89,_DVP_LADDER_LOCKED gate pin,89,89,0.0,0.0,XGEO_CONFIRMED_EXACT,PAPER_023
dvp_prime_paper_024,whitepaper §B.2,97,_DVP_LADDER_LOCKED gate pin,97,97,0.0,0.0,XGEO_CONFIRMED_EXACT,PAPER_024
dvp_prime_paper_025,whitepaper §B.2,101,_DVP_LADDER_LOCKED gate pin,101,101,0.0,0.0,XGEO_CONFIRMED_EXACT,PAPER_025
dvp_prime_paper_025b,whitepaper §B.2,101,_DVP_LADDER_LOCKED gate pin,101,101,0.0,0.0,XGEO_CONFIRMED_EXACT,PAPER_025b
dvp_prime_paper_026,whitepaper §B.2,103,_DVP_LADDER_LOCKED gate pin,103,103,0.0,0.0,XGEO_CONFIRMED_EXACT,PAPER_026
dvp_prime_paper_026b,whitepaper §B.2,103,_DVP_LADDER_LOCKED gate pin,103,103,0.0,0.0,XGEO_CONFIRMED_EXACT,PAPER_026b
dvp_prime_paper_026c,whitepaper §B.2,103,_DVP_LADDER_LOCKED gate pin,103,103,0.0,0.0,XGEO_CONFIRMED_EXACT,PAPER_026c
dvp_prime_paper_027,whitepaper §B.2,107,_DVP_LADDER_LOCKED gate pin,107,107,0.0,0.0,XGEO_CONFIRMED_EXACT,PAPER_027
dvp_prime_paper_028,whitepaper §B.2,109,_DVP_LADDER_LOCKED gate pin,109,109,0.0,0.0,XGEO_CONFIRMED_EXACT,PAPER_028
dvp_prime_paper_029,whitepaper §B.2,113,_DVP_LADDER_LOCKED gate pin,113,113,0.0,0.0,XGEO_CONFIRMED_EXACT,PAPER_029
dvp_prime_paper_030,whitepaper §B.2,2,_DVP_LADDER_LOCKED gate pin,2,2,0.0,0.0,XGEO_CONFIRMED_EXACT,PAPER_030
dvp_prime_paper_031,whitepaper §B.2,3,_DVP_LADDER_LOCKED gate pin,3,3,0.0,0.0,XGEO_CONFIRMED_EXACT,PAPER_031
dvp_prime_paper_032,whitepaper §B.2,5,_DVP_LADDER_LOCKED gate pin,5,5,0.0,0.0,XGEO_CONFIRMED_EXACT,PAPER_032
dvp_prime_paper_033,whitepaper §B.2,7,_DVP_LADDER_LOCKED gate pin,7,7,0.0,0.0,XGEO_CONFIRMED_EXACT,PAPER_033
dvp_prime_paper_034,whitepaper §B.2,11,_DVP_LADDER_LOCKED gate pin,11,11,0.0,0.0,XGEO_CONFIRMED_EXACT,PAPER_034
dvp_prime_paper_035,whitepaper §B.2,13,_DVP_LADDER_LOCKED gate pin,13,13,0.0,0.0,XGEO_CONFIRMED_EXACT,PAPER_035
dvp_prime_paper_036,whitepaper §B.2,17,_DVP_LADDER_LOCKED gate pin,17,17,0.0,0.0,XGEO_CONFIRMED_EXACT,PAPER_036
dvp_prime_paper_037,whitepaper §B.2,19,_DVP_LADDER_LOCKED gate pin,19,19,0.0,0.0,XGEO_CONFIRMED_EXACT,PAPER_037
dvp_prime_paper_038,whitepaper §B.2,23,_DVP_LADDER_LOCKED gate pin,23,23,0.0,0.0,XGEO_CONFIRMED_EXACT,PAPER_038
dvp_prime_paper_039,whitepaper §B.2,29,_DVP_LADDER_LOCKED gate pin,29,29,0.0,0.0,XGEO_CONFIRMED_EXACT,PAPER_039
dvp_prime_paper_040,whitepaper §B.2,31,_DVP_LADDER_LOCKED gate pin,31,31,0.0,0.0,XGEO_CONFIRMED_EXACT,PAPER_040
dvp_prime_paper_041,whitepaper §B.2,37,_DVP_LADDER_LOCKED gate pin,37,37,0.0,0.0,XGEO_CONFIRMED_EXACT,PAPER_041
dvp_prime_paper_042,whitepaper §B.2,41,_DVP_LADDER_LOCKED gate pin,41,41,0.0,0.0,XGEO_CONFIRMED_EXACT,PAPER_042
dvp_prime_paper_043,whitepaper §B.2,43,_DVP_LADDER_LOCKED gate pin,43,43,0.0,0.0,XGEO_CONFIRMED_EXACT,PAPER_043
dvp_prime_paper_044,whitepaper §B.2,47,_DVP_LADDER_LOCKED gate pin,47,47,0.0,0.0,XGEO_CONFIRMED_EXACT,PAPER_044
dvp_prime_paper_045,whitepaper §B.2,53,_DVP_LADDER_LOCKED gate pin,53,53,0.0,0.0,XGEO_CONFIRMED_EXACT,PAPER_045
dvp_prime_paper_046,whitepaper §B.2,59,_DVP_LADDER_LOCKED gate pin,59,59,0.0,0.0,XGEO_CONFIRMED_EXACT,PAPER_046
dvp_prime_paper_047,whitepaper §B.2,61,_DVP_LADDER_LOCKED gate pin,61,61,0.0,0.0,XGEO_CONFIRMED_EXACT,PAPER_047
dvp_prime_paper_048,whitepaper §B.2,67,_DVP_LADDER_LOCKED gate pin,67,67,0.0,0.0,XGEO_CONFIRMED_EXACT,PAPER_048
dvp_prime_paper_049,whitepaper §B.2,71,_DVP_LADDER_LOCKED gate pin,71,71,0.0,0.0,XGEO_CONFIRMED_EXACT,PAPER_049
dvp_prime_paper_050,whitepaper §B.2,73,_DVP_LADDER_LOCKED gate pin,73,73,0.0,0.0,XGEO_CONFIRMED_EXACT,PAPER_050
