quantity,origin,kind,canonical_route,formula,value,reference,residual_pct,sector,phi_variant,paper_source,confirmations,py_sites,cpp_sites,lean_sites,corpus_citations,status
gw170817_D_total,PAPER_001 S1,derived,PAPER_001 sec 2.2.5,D_Aether*D_SCm*(1-F_TRZ)*D_String = 1*1*0.9*0.37,0.333,1/3 primitive identity (PAPER_2154),0.100,gw,n/a,PAPER_001,PAPER_1011;PAPER_2154,1,0,0,19,WIRED
gw170817_h_uqff_strain,PAPER_001 S1,derived,PAPER_001 sec 3.3,D_total * h_GR,1.8041e-22,LIGO GR 5.4176e-22,n/a,gw,n/a,PAPER_001,PAPER_1011,1,0,0,19,WIRED
gw170817_snr_uqff,PAPER_001 S1,derived,PAPER_001 sec 3.4,D_total * SNR_GR,10.79,detection threshold 8,n/a,gw,n/a,PAPER_001,,1,0,0,19,WIRED
gw170817_mismatch,PAPER_001 S1,derived,PAPER_001 sec 4.1,1 - D_total ~ D_GW_EROSION,0.667,2/3 EXACT (PAPER_2154),0.050,gw,n/a,PAPER_001,PAPER_2154,1,0,0,19,WIRED
gw190425_F_uqff,PAPER_002 S0,derived,PAPER_002 sec 2,A_aether*A_SCm(B)*A_TRZ*A_string (paper headline 0.5297; chain gives 0.333 - Q-001),0.5297,none,n/a,gw,n/a,PAPER_002,PAPER_1012,1,0,0,8,OPEN_RULING
gw190425_a_scm_function,PAPER_002 S0,derived,PAPER_002 sec 2,"A_SCm(B) = exp[-(B/B_crit)^2], B_crit=4.4e13 G (unit vs PAPER_001 T - Q-002)",threshold fn,5-scenario table sec 4,n/a,gw,n/a,PAPER_002,PAPER_001,1,0,0,8,OPEN_RULING
gw190425_mass_gap_classification,PAPER_002 S0,derived,PAPER_002 sec 5,"P(NS)=0.49, P(BH)=0.51 for m1=2.52 Msun",0.51 BH,no kilonova observed,n/a,gw,n/a,PAPER_002,,1,0,0,8,WIRED
gw150914_D_total,PAPER_003 S0,derived,PAPER_003 sec 2,1*1*(1-F_TRZ)*0.37 universal BBH chain,0.333,1/3 primitive identity (PAPER_2154),0.100,gw,n/a,PAPER_003,PAPER_001;PAPER_2154,1,0,0,8,WIRED
gw150914_distance_bias,PAPER_003 S0,derived,PAPER_003 sec 5,D_apparent = D_true/D_total = 410/0.333,1231 Mpc (3.0x),true 410 Mpc (host galaxy),n/a,gw,n/a,PAPER_003,,1,0,0,8,WIRED
gw150914_phase_lag,PAPER_003 S0,derived,PAPER_003 sec 4,kappa*D*f*SSq (formula evaluates 17.53 vs paper 0.126 - Q-004),0.126 rad,none,n/a,gw,n/a,PAPER_003,,1,0,0,8,OPEN_RULING
