quantity,kind,detail
phase_lag_gw150914,open_ruling,Q-004: kappa*D*f*SSq=17.53 vs paper 0.126 (PAPER_003)
F_uqff_gw190425,open_ruling,Q-001: 0.5297=1-0.47 phonon vs 0.333 chain (PAPER_002)
chirp_phase_q005,open_ruling,Q-005: chirp phase evolution convention (PAPER_004)
energy_retention_q006,open_ruling,Q-006: F_combined=(1-F_TRZ)^2=0.81 BBH (PAPER_005)
tidal_bcrit_q007,open_ruling,Q-007: B_crit unit T vs G family (PAPER_007)
waveform_dsq_q008,open_ruling,Q-008: D^2 power convention vs PAPER_005 linear (PAPER_008)
aether_scale_q009,open_ruling,Q-009: 17 Gpc aether scale from kappa unit (PAPER_009)
magnetar_tsd_q010,open_ruling,Q-010: t_sd=3x abstract vs t_GR/D^2 sec2.3 (PAPER_013)
pbh_deltac_q011,open_ruling,Q-011: delta_c 0.333 key-results vs 0.45 sec2.2 (PAPER_014)
h0_direction_q012,open_ruling,Q-012: H0 70->75 correction vs PAPER_1573 canonical 70 (PAPER_015)
wd_foreground_q013,open_ruling,Q-013: LISA SNR direction conflict (PAPER_016b)
redshift_fum_q014,open_ruling,Q-014: F_Um exp(-1)=0.368 vs printed 0.6907 (PAPER_017)
aether_um_q015,open_ruling,Q-015: U_m=1.0 sec1 vs 1e-4 key-results (PAPER_018)
pta_param_q016,open_ruling,Q-016: A/D^2 vs D*A parameterization (PAPER_019)
cosmic_ray_units_q017,open_ruling,Q-017: 100^0.37 + L_aether Mpc unit (PAPER_020)
lensing_suppress_q018,open_ruling,Q-018: 0.917 vs 0.940 suppression factor (PAPER_021)
string_bbh_q019,open_ruling,Q-019: D_String BBH 0.82 vs 0.81 vs 1.0 (PAPER_022)
g2_component_q020,open_ruling,Q-020: component sum 3.386e-6 vs headline 3.42e-6 (PAPER_023)
tau_edm_q021,open_ruling,Q-021: component sum 1.807e-20 vs headline 1.84e-20 (PAPER_024)
dm_relic_q022,open_ruling,Q-022: mass-fraction 98.8/1.2 vs relic 61/39 (PAPER_025)
sterile_q023,open_ruling,Q-023: GUT seesaw triple sum + M_N1 exponent (PAPER_026)
sterile_dup_q024,open_ruling,Q-024: duplicate PAPER_026 5.4 keV variant unit issue (PAPER_026/026c)
lfv_density_q026,open_ruling,Q-026: Ug4 denom 0.9*rho_UA not RHO_SCM (PAPER_027)
ckm_density_q027,open_ruling,Q-027: 2nd 0.9*rho_UA density-pattern instance (PAPER_028)
budget_q028,open_ruling,Q-028: f_SM SSq^6 vs 0.0485; M_KK exponent (PAPER_029)
flavor_dstar_q030,open_ruling,Q-030: D* extra F_TRZ factor + K_CKM=0.65 (PAPER_031)
scalar_unit_q031,open_ruling,Q-031: M_scalar 1000x unit slip; 845 GeV S0 vs 026b VLQ (PAPER_032)
ew_abstract_q032,open_ruling,Q-032: delta_T abstract vs text /alpha_EM (PAPER_033)
kappa_c_q033,open_ruling,Q-033: kappa_c 42.0 vs derived 18.8; 028 cross-lock V_cb (PAPER_034)
higgs_tn_q034,open_ruling,Q-034: t_n 0.353 arccos slip + decomposition artifact (PAPER_035)
fubii_moji_q035,open_ruling,Q-035..038: F_UBii exponent mojibake in worked examples (PAPER_037-040)
