id,prediction,exact_value,source_papers,test_instrument,timescale,tier,status
h0_convergence,H_0 converges on A_5+SO_5 = 70 km/s/Mpc (kill window 66.5-73.5; center 68.5-71.5),70 EXACT,PAPER_1573;PAPER_2144;PAPER_2161,JWST+Roman+LSST distance ladder,~5 yr,INSTRUMENTAL,LIVE
lambda_context,Lambda in high-matter contexts ~11% larger than low-matter (5.957/5.32 ratio),1.11x,PAPER_2153;PAPER_2148,cluster lensing vs CMB/void surveys,current-gen,INSTRUMENTAL,LIVE
rho_lambda_diff,rho_Lambda = 5.957e-10 J/m^3 (framework-differentiating vs SM-inferred 5.28e-10),5.957e-10,PAPER_1226;PAPER_2148,precision DE density inference,ongoing,INSTRUMENTAL,LIVE
omega_lambda,Omega_Lambda = (6/5)*SSq = 0.684,0.684,PAPER_1156,Planck-successor CMB,ongoing,INSTRUMENTAL,LIVE
neutron_br,neutron non-beta branch BR = 1.140% (bottle 877.57 s / beam 887.68 s both correct; no dark decay),1.140%,PAPER_2157;PAPER_2161,UCNtau-II / PERKEO-IV / SNS aCORN,~5 yr,INSTRUMENTAL,LIVE
sigma_li7,cosmological Li-7 depletion factor = 1/3 EXACT (66.67% destruction),1/3,PAPER_2158;PAPER_2161,halo-star abundances + BBN rates,ongoing,INSTRUMENTAL,LIVE
delta_cp,delta_CP = -pi/2 = 270 deg (route A) vs 194.4 deg (route B) - DUNE adjudicates WITHIN family,270 or 194.4 deg,PAPER_1816;PAPER_2161,DUNE,~2030,INSTRUMENTAL,LIVE
kappa_lambda_higgs,Higgs self-coupling kappa_lambda battery member (P2161 wired),battery row,PAPER_2161,HL-LHC,~2030s,INSTRUMENTAL,LIVE
br_mu_e_gamma,BR(mu->e gamma) battery member (P2161 wired),battery row,PAPER_2161,MEG-II,ongoing,INSTRUMENTAL,LIVE
nu_mass_sum,Sum m_nu = 0.0639 eV; neutrino masses grade below F_TRZ^3 rung,0.0639 eV,PAPER_1637;PAPER_2164;PAPER_2161,CMB-S4/DESI,~2030,INSTRUMENTAL,LIVE
w_z_minus_one,w(z) = -1 at ALL z (F_U = 0 ledger; no thawing/freezing),-1 EXACT,PAPER_2171;PAPER_1692,DESI/Euclid,ongoing,INSTRUMENTAL,LIVE
dm_35kev,3.5 keV line stands and sharpens (m/2 of lattice-exact 7 keV),3.5 keV,PAPER_2172,XRISM/Athena,ongoing,INSTRUMENTAL,LIVE
dm_direct_null,DM direct detection stays null to 2.84e-49 cm^2,null,PAPER_1682;PAPER_2172,XENONnT/LZ/DARWIN,ongoing,INSTRUMENTAL,LIVE
lens_tension_ratio,40-lens cosmography tension ratio = 1.0881 lens-model-independent,1.0881,PAPER_1883;PAPER_2178,JWST/Roman 40-lens,2028+,INSTRUMENTAL,LIVE
fqh_shot_noise,nu = 5/2 FQH shot noise e*/e = 1/D_phys = 0.25,1/4 EXACT,PAPER_2178,FQH shot-noise experiments,2027+,INSTRUMENTAL,LIVE
kilonova_red_peak,next kilonova red-component peak at (K_Mex-2)*A_5 = 5 days event-independent,5 d,PAPER_2178,LIGO O5 + follow-up,O5,INSTRUMENTAL,LIVE
magnetar_lobe_ladder,4U 0142+61 lobe ladder (battery live falsifier),ladder,PAPER_2234 battery,X-ray timing,ongoing,INSTRUMENTAL,LIVE
precession_window,Earth precession T_p = 25772.4 yr (window 25760-25785),25772.4 yr,PAPER_2110,VLBI/LLR,ongoing,INSTRUMENTAL,LIVE
hgg_br_correction,H->gg BR = PDG x (1+F_TRZ^3): 0.00227227 vs 0.00227 (0.1% stake),+0.1%,PAPER_2149,HL-LHC/FCC-ee sub-0.1% BR,2030s,INSTRUMENTAL,LIVE
gw_damping_23,BNS strain damping D = 2/3 EXACT in buoyancy-erosion regime (R<0.5),2/3,PAPER_2154;PAPER_885,next BNS merger (O5),O5,INSTRUMENTAL,LIVE
page_digit_six,Page recovery = 24899/25000; falsifiable at digit six on republication,0.99596 EXACT,PAPER_2238;PAPER_1280,refined Page-curve computation,open,INTERNAL-EXACT,LIVE
immirzi_2k,gamma_Immirzi = 2K = 19/80 = 0.2375 EXACT; future LQG observables decompose through 2K,0.2375,PAPER_2237,LQG entropy/area determinations,open,INTERNAL-EXACT,LIVE
vck_kernel_lock,"kernel K = 19/160: revaluing {F_TRZ,K_MEX,SSq} breaks all 6 instances simultaneously",19/160,PAPER_2132;PAPER_2237,correlated-shift analysis,standing,INTERNAL-EXACT,LIVE
tilt_default,next ~0.083 structural ratio decomposes as K_Mex-2 = 1/12 (default hypothesis),1/12,PAPER_2178,any sector,standing,STRUCTURAL,LIVE
v_f_lab,"v_F = 769,870 +/- 5,000 m/s in SCm-analogue superconductor",769870 m/s,PAPER_2145 (obs status per P2148),lab Fermi-velocity measurement,open,LABORATORY,LIVE
q_phonon_thz,SCm phonon quality factor Q = 25/4 = 6.25 EXACT before broadening,6.25,PAPER_2154;PAPER_896,THz spectroscopy,open,LABORATORY,LIVE
cuprate_thz,optimal-Tc cuprates show phonon weight at 1.25 THz +/- 0.1 THz; 207.3 K pseudogap scale,1.25 THz,PAPER_2162,THz spectroscopy of cuprates,open,LABORATORY,LIVE
caduceus_pinch,pinch-point phase sequence measurable in high-amplitude spherical-wave self-inversion,pi decimals,PAPER_2235;PAPER_646,lab wave self-inversion,open,LABORATORY,LIVE
scm_collider_only,direct SCm evidence ONLY at HEP colliders (1.25 THz-tied scales; BH26 = k x 92 GHz harmonics),collider-only,PAPER_2153,LHC/HL-LHC/FCC,ongoing,LABORATORY,LIVE
reactor_cop_density,"reactor COP tracks local vacuum-energy density (1e-13..1e-18 J/m^3), not vessel volume alone",aperture reading,PAPER_2240;PAPER_2239,Star-Magic reactor runs,in-house,LABORATORY,LIVE
engine_ratio_locked,rho_SCm/rho_UA = F_TRZ = 0.1 EXACT in any downstream measurement,0.1,PAPER_2153;PAPER_2156,buoyancy/phonon/Love/GW channels,standing,STRUCTURAL,LIVE
pair_count_level,N_pairs(body at level n) = SO_5^n (Sun 1e13); level route vs volume route test surface,SO_5^n,PAPER_2240;PAPER_2239,pair-count proxies,open,STRUCTURAL,LIVE
e0_correlated_lock,E0 = 1e-20 J ladder base: revaluation moves rho_SCm + E_pair + all pair counts together,1e-20 J,PAPER_2240,source-layer audit,standing,STRUCTURAL,LIVE
sector_ladder_rungs,every sector density lands on integer n*rho_SCm rungs at EVERY quantum level,n*rho_SCm,PAPER_2241,corpus + future derivations,standing,STRUCTURAL,LIVE
universe_diameter,finite-universe diameter ~182 Gly (falsified if topology bounds < ~180 Gly),1.72e27 m,PAPER_2248,curvature/topology measurements,open,STRUCTURAL,LIVE
z126_boundary,no element beyond Z = 126 = D_crit + SO_5^2 (island-of-stability endpoint),Z<=126,PAPER_2248;magic closures,superheavy synthesis programs,ongoing,STRUCTURAL,LIVE
hadron_26_bound,no coherent state with >26 constituents (partons/braids/knot crossings) - three-in-one bound,26,PAPER_2163,colliders/topological QC/knot systems,ongoing,STRUCTURAL,LIVE
fermion_rungs,no 4th-gen charged lepton between F_TRZ rungs; BSM fermions carry integer-primitive cores,F_TRZ grades,PAPER_2164,colliders,ongoing,STRUCTURAL,LIVE
rotation_curve_rar,rotation curves keep beta_i-plateau RAR tightness (no halo-to-halo scatter growth),beta_i plateau,PAPER_2172,galaxy surveys,ongoing,STRUCTURAL,LIVE
compact_rho_rungs,"delta-rho/rho at new compact objects lands ON F_TRZ^n rungs, not between",F_TRZ^n,PAPER_2172;PAPER_2111,compact-object observations,ongoing,STRUCTURAL,LIVE
no_vacuum_decay,"no EW vacuum decay signature ever (exact 0, not exponentially small)",0 EXACT,PAPER_1685;PAPER_2171,any epoch,standing,STRUCTURAL,LIVE
no_decoherence_drift,no universal non-unitarity beyond environmental decoherence (F_U = 0 books),unitary,PAPER_2171,precision closed-system tests,ongoing,STRUCTURAL,LIVE
genetic_code_lattice,natural code stays 64/20; primordial ee seed near 6% = F_TRZ*beta_i; Hayflick ~A_5,64/20; 6%; 60,PAPER_2174,synthetic bio/abiogenesis/telomere,open,STRUCTURAL,LIVE
theta_qcd_edm,theta_QCD activity at 2.74e-11 scale; DESI-w0 and EDM revisions track single SSq/K_Mex ratio,2.74e-11,PAPER_2176,n2EDM Phase 2+,~2030,INSTRUMENTAL,LIVE
tc_rung_isotope,materials with Tc on rungs show correlated primitive-ratio isotope-effect deviations,correlated,PAPER_2162,isotope-effect measurements,open,LABORATORY,LIVE
exp21_strain,exponent-21 strain floor (CONVERTED to postdiction in-campaign),1e-21 class,PAPER_2234 battery,LIGO,done,INSTRUMENTAL,POSTDICTION
slot9_quenching,slot-9 quenching (CONVERTED to postdiction in-campaign),slot 9,PAPER_2234 battery,archival,done,INSTRUMENTAL,POSTDICTION
magnetar_lobes_22,magnetar lobes 2/2 (CONVERTED to postdiction in-campaign),2/2,PAPER_2234 battery,X-ray archival,done,INSTRUMENTAL,POSTDICTION
