class,constant,status,closure_role
gw_damping,D_TRZ,CLOSED,1-F_TRZ primitive identity (PAPER_001)
gw_damping,D_total_gw,CLOSED,1-D_GW_erosion=1/3 (PAPER_2154)
vacuum,VDS_ratio,CLOSED,F_TRZ drift-fix (PAPER_2156)
yang_mills,Delta_YM,CLOSED,1.736 GeV integer-primitive (PAPER_1318)
gw_tidal,tidal_Lambda_NS,CLOSED,(2/3)k2(R/M)^5 + f_SCm(B) suppression (PAPER_007)
gw_postmerger,qnm_freq_uqff,CLOSED,f_GR(1+alpha_Q-beta_damp) QNM shift (PAPER_010)
gw_stochastic,stochastic_Omega,CLOSED,D^2*Omega_GR energy scaling (PAPER_011)
gw_eccentric,peters_tau_ext,CLOSED,modified Peters 1/D^2 (PAPER_012)
gw_magnetar,magnetar_edot_supp,CLOSED,D_SCm^2 dipole suppression (PAPER_013)
gw_pbh,pbh_mass_function,CLOSED,exp[-(M/M_Q)^g] + A_damp=(D_phys-1)/SO_5 (PAPER_014)
gw_cosmology,H0_uqff_bias,CLOSED,"1.07 standard-siren bias + Gamma(f,z) (PAPER_015)"
gw_lisa_emri,f_isco_observer,CLOSED,c^3/(6^1.5 pi G M(1+z)) (PAPER_013b/014b)
common_blocks,_common_uqff_blocks,CLOSED,Session-225+Production+Cosmogenesis+VDS/DVP/BSH+Kozima K.1-K.6 (all GW papers)
entanglement,chsh_suppression,CLOSED,S_QM(1-eps) Tsirelson (PAPER_016)
redshift_gw,f_combined_redshift,CLOSED,F_TRZ*F_aether*F_Um=0.622 (PAPER_017)
aether_noise,aether_noise_spectrum,CLOSED,S_GR[1+P_aether]F_TRZ (PAPER_018)
pta,pta_trz_resonance,CLOSED,1+SSq*Phi resonance inversion (PAPER_019)
cosmic_ray,cosmic_ray_aether_drag,CLOSED,kappa(E/E_ref)^0.37 (PAPER_020)
lensing,lensing_rho_trz,CLOSED,SSq^2 f_TRZ rho_crit sigma8 (PAPER_021)
string_compact,d_string_composed,CLOSED,1-SSq^2 N_eff=0.37 origin (PAPER_022)
bsm_g2,g2_kk_loop,CLOSED,KK+string tau g-2 loops (PAPER_023)
tau_edm,dpm_cp_phase,CLOSED,SSq*pi CP phase (PAPER_024)
dark_matter,ultralight_dm_mass_ev,CLOSED,kappa*hbar (PAPER_025)
sterile_nu,sterile_mass_ladder,CLOSED,"SSq*M_W, M_KK/SSq (PAPER_026)"
lfv,lfv_temporal_suppression,CLOSED,exp(-SSq) (PAPER_027)
bsm_ckm,ckm_vacuum_density,CLOSED,|V_cb|^2 (PAPER_028)
tev_np,cosmic_budget_fsm,CLOSED,SSq^4 (PAPER_029)
dark_med,dark_mediator_suppression,CLOSED,cos^2(pi t_n) (PAPER_030)
flavor,flavor_RD_uqff,CLOSED,R(D) anomaly (PAPER_031)
bsm_scalar,vlq_tan_beta,CLOSED,2HDM (PAPER_032)
ew_precision,oblique_T_param,CLOSED,oblique T (PAPER_033)
higgs_kt,kappa_18_level,CLOSED,18^(-SSq) (PAPER_034)
higgs_cp,higgs_cp_acp,CLOSED,cos(pi t_n) (PAPER_035)
fubii,_fubii_virx,CLOSED,F_UBii=F_U-F_Bi-F_i virial (PAPER_036-040)
