DEPTH,OrigDepth,CORE_NO,SAMPLE,CKHG,CKHL,CKVG,CKVL,CPOR,CPORV,So,Sw,CGD,CGDV
3838.6,3837,1,1,13.8,11.5,,,17,,,,2.66,
3838.85,3837.25,1,2,,,,,14.8,,,,2.67,
3839.15,3837.55,1,3,25.2,21.4,3.94,3.16,10.8,,,,2.69,
3839.4,3837.8,1,4,1.02,0.694,,,12.8,,,,2.7,
3839.48,3837.88,1,5,,,,,,18.8,52.9,36.4,,2.68
3839.6,3838,1,6,524,491,,,16.4,,,,2.69,
3839.85,3838.25,1,7,274,253,,,16.5,,,,2.66,
3840.1,3838.5,1,8,1130,1080,1100,1040,17.2,,,,2.66,
3840.35,3838.75,1,9,442,412,,,16.9,,,,2.66,
3840.52,3838.92,1,10,,,,,,19.5,72.5,11,,2.68
3840.6,3839,1,11,19.3,16.3,,,20.1,,,,2.66,
3840.8,3839.2,1,12,0.298,0.189,,,10.3,,,,2.93,
3841,3839.4,1,13,6.54,5.36,1200,1140,12.7,,,,3.03,
3841.35,3839.75,1,14,593,557,,,19,,,,2.66,
3841.52,3839.92,1,15,,,,,,8.6,23.9,52.4,,2.74
3841.6,3840,1,16,0.151,0.092,,,9.9,,,,2.91,
3841.8,3840.2,1,17,260,238,,,20.6,,,,2.63,
3842.05,3840.45,1,18,168,152,17.6,14.8,21,,,,2.66,
3842.35,3840.75,1,19,317,293,,,22.7,,,,2.64,
3842.54,3840.94,1,20,,,,,,24.4,61.6,21.7,,2.64
3842.6,3841,1,21,44.8,38.9,,,21.9,,,,2.69,
3842.8,3841.2,1,22,207,189,,,20,,,,2.63,
3843.05,3841.45,1,23,65,57,19.4,16.4,22.1,,,,2.62,
3843.35,3841.75,1,24,50.4,43.7,,,17.7,,,,2.63,
3843.53,3841.93,1,25,,,,,,13.9,31.7,43.4,,2.63
3843.6,3842,1,26,0.994,0.675,,,11.6,,,,2.67,
3843.85,3842.25,1,27,14.5,12.1,,,19.6,,,,2.63,
3844.1,3842.5,1,28,171,156,18.3,15.5,24.4,,,,2.67,
3844.35,3842.75,1,29,136,122,,,25.8,,,,2.62,
3844.51,3842.91,1,30,,,,,,26.1,62.2,23.9,,2.63
3844.6,3843,1,31,131,118,,,26.4,,,,2.64,
3844.8,3843.2,1,32,125,112,,,24.9,,,,2.62,
3845.05,3843.45,1,33,121,108,111,98.9,25.1,,,,2.63,
3845.35,3843.75,1,34,86.5,76.6,,,25,,,,2.62,
3845.54,3843.94,1,35,,,,,,24.2,59.8,23.3,,2.63
3845.6,3844,1,36,74.6,65.8,,,24.3,,,,2.63,
3845.85,3844.25,1,37,70.1,61.6,,,23.5,,,,2.62,
3846.1,3844.5,1,38,102,90.5,92.8,82.4,36,,,,2.63,
3846.35,3844.75,1,39,94.1,83.6,,,24,,,,2.63,
3846.53,3844.93,1,40,,,,,,25,78.4,9.7,,2.63
3846.6,3845,1,41,138,124,,,25,,,,2.63,
3846.85,3845.25,1,42,175,159,,,24.9,,,,2.63,
3847.1,3845.5,1,43,133,120,61.9,54.3,23.6,,,,2.63,
3847.35,3845.75,1,44,123,110,56.6,49.4,22.6,,,,2.63,
3847.51,3845.91,1,45,,,,,,19.8,67.4,18.1,,2.66
3847.6,3846,1,46,30.4,26,,,18.3,,,,2.67,
3847.85,3846.25,1,47,1.06,0.725,,,8.7,,,,2.71,
3848.1,3846.5,1,48,17.8,14.8,5.7,4.7,15,,,,2.68,
3848.35,3846.75,1,49,15.9,13.1,,,16.9,,,,2.72,
3848.53,3846.93,1,50,,,,,,23.5,67.2,18.3,,2.64
3848.6,3847,1,51,140,126,,,24,,,,2.63,
3848.85,3847.25,1,52,142,128,,,24.4,,,,2.62,
3849.1,3847.5,1,53,111,99.3,95.3,84.7,24.1,,,,2.62,
3849.35,3847.75,1,54,157,142,,,24.9,,,,2.62,
3849.5,3847.9,1,55,,,,,,25,68.1,15.3,,2.64
3849.6,3848,1,56,138,124,,,24.6,,,,2.64,
3849.85,3848.25,1,57,57.2,50,,,22.5,,,,2.62,
3850.1,3848.5,1,58,38,32.5,50.9,44.4,22,,,,2.62,
3850.35,3848.75,1,59,61,53.3,,,29.3,,,,2.62,
3850.5,3848.9,1,60,,,,,,23.8,58.5,22.4,,2.64
3850.6,3849,1,61,53.8,47.1,,,23.8,,,,2.64,
3850.8,3849.2,1,62,57.4,50.2,,,23.2,,,,2.64,
3851,3849.4,1,63,53.7,46.7,37.8,32.7,23.1,,,,2.63,
3851.35,3849.75,1,64,44.8,38.6,,,23.6,,,,2.63,
3851.51,3849.91,1,65,,,,,,23.2,57.2,26.6,,2.64
3851.6,3850,1,66,41.2,35.7,,,23.9,,,,2.66,
3851.85,3850.25,1,67,104,93.2,,,22.5,,,,2.64,
3852.1,3850.5,1,68,119,106,107,95.4,22,,,,2.65,
3852.35,3850.75,1,69,127,114,,,21.9,,,,2.65,
3852.51,3850.91,1,70,,,,,,23.5,62.4,20.9,,2.65
3852.6,3851,1,71,229,209,,,25.1,,,,2.65,
3853.05,3851.45,1,72,21.6,18.2,2.07,1.56,17.6,,,,2.62,
3853.35,3851.75,1,73,,,,,14.7,,,,2.66,
3853.5,3851.9,1,74,,,,,,20.9,53.1,29.8,,2.66
3853.6,3852,1,75,3.99,3.2,,,16.1,,,,2.68,
3853.8,3852.2,1,76,1.3,0.9,,,9.2,,,,2.71,
3860.2,3860,2,107,20800,20500,,,23.6,,,,2.64,
3860.35,3860.15,2,108,20400,20100,,,22.9,,,,2.64,
3861.5,3861.3,2,109,2480,2390,,,23.5,,,,2.64,
3861.9,3861.7,2,110,5230,5090,,,33.8,,,,2.64,
3862.1,3861.9,2,111,,,,,,23.3,77,8.5,,2.63
3862.2,3862,2,112,3780,3660,,,25,,,,2.65,
3862.4,3862.2,2,113,6260,6100,,,24.4,,,,2.63,
3862.6,3862.4,2,114,6930,6760,3690,3580,33.1,,,,2.63,
3862.85,3862.65,2,115,4950,4820,,,24.1,,,,2.64,
3863.02,3862.82,2,116,,,,,,24.6,80,5.9,,2.65
3863.2,3863,2,117,2270,2180,,,24.8,,,,2.63,
