DATEPRD,WELL_BORE_CODE,NPD_WELL_BORE_CODE,NPD_WELL_BORE_NAME,NPD_FIELD_CODE,NPD_FIELD_NAME,NPD_FACILITY_CODE,NPD_FACILITY_NAME,ON_STREAM_HRS,AVG_DOWNHOLE_PRESSURE,AVG_DOWNHOLE_TEMPERATURE,AVG_DP_TUBING,AVG_ANNULUS_PRESS,AVG_CHOKE_SIZE_P,AVG_CHOKE_UOM,AVG_WHP_P,AVG_WHT_P,DP_CHOKE_SIZE,BORE_OIL_VOL,BORE_GAS_VOL,BORE_WAT_VOL,BORE_WI_VOL,FLOW_KIND,WELL_TYPE,TOTAL_LIQUID,WATER_CUT,GOR,ON_STREAM_PCT,YEAR,MONTH,DAY_OF_WEEK,DAY_OF_YEAR,QUARTER
2008-02-12,NO 15/9-F-12 H,5599,15/9-F-12,3420717,VOLVE,369304,MÆRSK INSPIRER,11.5,308.0559395652174,104.41809,201.2500004347826,18.63955695652174,14.484431304347826,%,106.80593913043478,16.294718260869566,92.47510695652174,284.65,38888.67,385.01,0.0,production,OP,669.66,0.5749335483678285,136.61925171262956,0.4791666666666667,2008,2,1,43,1
2008-02-13,NO 15/9-F-12 H,5599,15/9-F-12,3420717,VOLVE,369304,MÆRSK INSPIRER,24.0,303.033518125,105.40269583333334,182.14494208333332,16.466641041666666,22.832986458333334,%,120.88857604166667,53.37432979166667,89.6201475,1869.7,285246.16,7.13,0.0,production,OP,1876.8300000000002,0.0037989588827970562,152.56252874792744,1.0,2008,2,2,44,1
2008-02-14,NO 15/9-F-12 H,5599,15/9-F-12,3420717,VOLVE,369304,MÆRSK INSPIRER,22.5,295.58606133333336,105.77548622222223,181.86788666666666,12.659589111111112,31.249966444444443,%,113.71817466666667,72.73763088888889,80.12046511111112,3124.09,509954.88,1.16,0.0,production,OP,3125.25,0.00037117030637548996,163.2330950772865,0.9375,2008,2,3,45,1
2008-02-15,NO 15/9-F-12 H,5599,15/9-F-12,3420717,VOLVE,369304,MÆRSK INSPIRER,23.15,297.66270211663067,105.75187535637149,180.8320604535637,5.264051706263499,28.51893021276596,%,116.83064166306696,69.99594339092873,84.25099043196545,2608.28,383426.67,0.97,0.0,production,OP,2609.25,0.0003717543355370317,147.00364608094222,0.9645833333333332,2008,2,4,46,1
2008-02-16,NO 15/9-F-12 H,5599,15/9-F-12,3420717,VOLVE,369304,MÆRSK INSPIRER,24.0,295.9355189583333,105.811114375,180.50104479166666,12.384633541666666,30.227902291666666,%,115.43447416666666,71.51834708333334,82.35902625,3051.8,418474.0,4.89,0.0,production,OP,3056.69,0.0015997696855094888,137.12366472245887,1.0,2008,2,5,47,1
2008-02-17,NO 15/9-F-12 H,5599,15/9-F-12,3420717,VOLVE,369304,MÆRSK INSPIRER,24.0,295.5516572916667,105.83129916666667,180.34578083333332,14.384565208333333,29.974052083333333,%,115.20587645833334,73.64180020833334,82.16850104166667,2982.63,422763.0,1.85,0.0,production,OP,2984.48,0.0006198734787969764,141.7416843524004,1.0,2008,2,6,48,1
2008-02-18,NO 15/9-F-12 H,5599,15/9-F-12,3420717,VOLVE,369304,MÆRSK INSPIRER,23.0,294.21106282608696,105.86646695652173,180.92924760869565,15.980444130434783,30.30840304347826,%,113.2818152173913,74.16015652173913,80.26304456521738,2980.52,413831.0,6.48,0.0,production,OP,2987.0,0.0021694007365249414,138.84523505965402,0.9583333333333334,2008,2,0,49,1
2008-02-19,NO 15/9-F-12 H,5599,15/9-F-12,3420717,VOLVE,369304,MÆRSK INSPIRER,24.0,293.829243125,105.86795833333333,180.06011520833334,18.811254375,30.486976666666667,%,113.76912791666666,74.90183854166666,81.27494916666667,3046.19,429218.0,0.73,0.0,production,OP,3046.92,0.00023958620508579155,140.90322665362305,1.0,2008,2,1,50,1
2008-02-20,NO 15/9-F-12 H,5599,15/9-F-12,3420717,VOLVE,369304,MÆRSK INSPIRER,24.0,293.0614802083333,105.87933021276596,179.66174354166668,19.740757234042555,29.907024375,%,113.39973666666667,73.03901723404255,80.77392092198582,3057.18,442982.75,0.46,0.0,production,OP,3057.64,0.00015044282518543716,144.89913907588038,1.0,2008,2,2,51,1
2008-02-21,NO 15/9-F-12 H,5599,15/9-F-12,3420717,VOLVE,369304,MÆRSK INSPIRER,24.0,292.5402470833333,105.88343395833333,179.433895,19.431675208333335,30.49301125,%,113.10635208333333,71.7374875,79.975169375,3030.33,423809.16,0.45,0.0,production,OP,3030.7799999999997,0.0001484766297784729,139.85577808357505,1.0,2008,2,3,52,1
2008-02-22,NO 15/9-F-12 H,5599,15/9-F-12,3420717,VOLVE,369304,MÆRSK INSPIRER,23.66666,292.36155884690953,105.88229316314596,179.2822295892872,1.0385930394233913,29.634476666666668,%,113.07932925762232,72.32731583740164,79.94799810529665,2907.56,397808.0,0.44,0.0,production,OP,2908.0,0.0001513067400275103,136.81850073601234,0.9861108333333334,2008,2,4,53,1
2008-02-23,NO 15/9-F-12 H,5599,15/9-F-12,3420717,VOLVE,369304,MÆRSK INSPIRER,15.14167,292.0884239965605,105.84901334553587,179.4856978094028,11.010839879967005,28.957179677419354,%,112.60272618715769,69.59702344933551,79.1622193134641,1851.72,252078.0,0.28,0.0,production,OP,1852.0,0.00015118790496760262,136.13181258505605,0.6309029166666666,2008,2,5,54,1
2008-02-24,NO 15/9-F-12 H,5599,15/9-F-12,3420717,VOLVE,369304,MÆRSK INSPIRER,24.0,290.54162541666665,105.90578958333333,179.35469375,8.582714375,30.799615416666665,%,111.18693166666667,73.19259291666667,77.93204895833334,3126.7,442808.0,0.47,0.0,production,OP,3127.1699999999996,0.0001502956347112565,141.62151789426554,1.0,2008,2,6,55,1
2008-02-25,NO 15/9-F-12 H,5599,15/9-F-12,3420717,VOLVE,369304,MÆRSK INSPIRER,24.0,290.2081439583333,105.8956975,178.758408125,12.3043675,30.683435208333332,%,111.44973583333334,73.10786583333334,78.256700625,3045.54,439178.0,0.46,0.0,production,OP,3046.0,0.0001510177281680893,144.2036551810188,1.0,2008,2,0,56,1
2008-02-26,NO 15/9-F-12 H,5599,15/9-F-12,3420717,VOLVE,369304,MÆRSK INSPIRER,24.0,289.53618458333335,105.90156645833333,178.60267479166666,12.506407083333333,30.923040416666666,%,110.93350979166667,72.30784145833333,77.72319291666666,3046.54,446905.0,0.46,0.0,production,OP,3047.0,0.00015096816540859862,146.69264148837698,1.0,2008,2,1,57,1
2008-02-27,NO 15/9-F-12 H,5599,15/9-F-12,3420717,VOLVE,369304,MÆRSK INSPIRER,24.0,288.93326291666665,105.90246333333333,178.60774625,12.375716666666667,30.849319375,%,110.32551666666667,74.70248166666667,77.12799333333334,3035.54,445616.0,0.46,0.0,production,OP,3036.0,0.00015151515151515152,146.79958096417772,1.0,2008,2,2,58,1
2008-02-28,NO 15/9-F-12 H,5599,15/9-F-12,3420717,VOLVE,369304,MÆRSK INSPIRER,23.66666,288.8482654034959,105.89608038428321,178.21955504262536,10.149501590093406,29.900441458333333,%,110.62871036087053,73.45067011961976,77.46549030672685,2971.55,424674.0,0.45,0.0,production,OP,2972.0,0.00015141318977119784,142.91329440864195,0.9861108333333334,2008,2,3,59,1
2008-02-29,NO 15/9-F-12 H,5599,15/9-F-12,3420717,VOLVE,369304,MÆRSK INSPIRER,24.0,287.5143464583333,105.906833125,178.06743958333334,11.423948541666666,31.0238775,%,109.446906875,73.39583479166667,76.21154791666666,3070.54,450348.0,0.46,0.0,production,OP,3071.0,0.0001497883425594269,146.66736144131,1.0,2008,2,4,60,1
2008-03-01,NO 15/9-F-12 H,5599,15/9-F-12,3420717,VOLVE,369304,MÆRSK INSPIRER,24.0,286.89159270833335,105.90908916666666,178.06476229166665,11.15552625,31.061881458333332,%,108.82683041666667,74.60420416666666,75.57316458333334,3068.48,447584.12,0.46,0.0,production,OP,3068.94,0.00014988888671658618,145.8650928146835,1.0,2008,3,5,61,1
2008-03-02,NO 15/9-F-12 H,5599,15/9-F-12,3420717,VOLVE,369304,MÆRSK INSPIRER,24.0,286.2646760416667,105.91060979166667,177.943628125,11.222632708333334,31.087440625,%,108.32104791666667,75.21838166666667,74.76162354166667,3066.54,446144.0,0.46,0.0,production,OP,3067.0,0.00014998369742419304,145.48774840699943,1.0,2008,3,6,62,1
2008-03-03,NO 15/9-F-12 H,5599,15/9-F-12,3420717,VOLVE,369304,MÆRSK INSPIRER,24.0,285.7278645833333,105.91012166666667,177.66862104166665,10.866487916666667,30.964471666666668,%,108.05924354166666,75.12426770833333,74.36059666666667,3043.54,443726.0,0.46,0.0,production,OP,3044.0,0.00015111695137976348,145.7927282046564,1.0,2008,3,0,63,1
2008-03-04,NO 15/9-F-12 H,5599,15/9-F-12,3420717,VOLVE,369304,MÆRSK INSPIRER,24.0,285.38199645833333,105.90365333333334,177.30688125,9.828944791666666,30.60221479166667,%,108.07511520833333,74.28098166666666,74.440533125,2983.19,430246.72,0.45,0.0,production,OP,2983.64,0.00015082248528642866,144.22370683731174,1.0,2008,3,1,64,1
2008-03-05,NO 15/9-F-12 H,5599,15/9-F-12,3420717,VOLVE,369304,MÆRSK INSPIRER,24.0,284.82887520833333,105.901836875,176.95958916666666,9.322769583333333,30.576489375,%,107.86928604166667,72.50000458333334,74.26244208333334,2967.05,437688.2,0.45,0.0,production,OP,2967.5,0.00015164279696714406,147.5162872213141,1.0,2008,3,2,65,1
2008-03-06,NO 15/9-F-12 H,5599,15/9-F-12,3420717,VOLVE,369304,MÆRSK INSPIRER,24.0,284.29474416666665,105.89892395833333,176.98435708333332,9.113609583333334,30.588812291666667,%,107.31038708333334,75.002263125,73.37481875,2950.88,432727.0,1.74,0.0,production,OP,2952.62,0.0005893071238425534,146.64337417990566,1.0,2008,3,3,66,1
2008-03-07,NO 15/9-F-12 H,5599,15/9-F-12,3420717,VOLVE,369304,MÆRSK INSPIRER,22.83333,284.4236820464207,105.87815328384866,176.6699935935582,6.275873780184494,28.82495914893617,%,107.75368845286255,71.04161479623866,73.56844323040923,2656.62,391264.6,1.57,0.0,production,OP,2658.19,0.0005906274570290311,147.27909900550324,0.95138875,2008,3,4,67,1
2008-03-08,NO 15/9-F-12 H,5599,15/9-F-12,3420717,VOLVE,369304,MÆRSK INSPIRER,23.0,284.41314560476957,105.87122208381739,176.38169897861303,4.590883575517391,27.948245625,%,108.03144662615652,69.25238060082174,73.79513616954348,2578.48,365769.0,1.52,0.0,production,OP,2580.0,0.0005891472868217054,141.8545034283764,0.9583333333333334,2008,3,5,68,1
2008-03-09,NO 15/9-F-12 H,5599,15/9-F-12,3420717,VOLVE,369304,MÆRSK INSPIRER,24.0,282.38606708333333,105.90461208333333,176.45656520833333,8.581735625,31.159112291666666,%,105.929501875,73.13843854166667,71.56222083333333,2996.83,427791.0,1.77,0.0,production,OP,2998.6,0.0005902754618822118,142.7478368809709,1.0,2008,3,6,69,1
2008-03-10,NO 15/9-F-12 H,5599,15/9-F-12,3420717,VOLVE,369304,MÆRSK INSPIRER,24.0,281.52225791666666,105.90640479166667,176.232611875,9.011776458333333,31.305012916666666,%,105.28964604166667,73.336445625,71.062263125,3021.4,440679.0,0.6,0.0,production,OP,3022.0,0.0001985440105890139,145.8525848944198,1.0,2008,3,0,70,1
2008-03-11,NO 15/9-F-12 H,5599,15/9-F-12,3420717,VOLVE,369304,MÆRSK INSPIRER,24.0,280.89443895833335,105.90751458333334,176.083680625,8.933146041666667,31.370029791666667,%,104.81075833333334,73.97056604166667,71.28340645833333,3010.4,450972.0,0.6,0.0,production,OP,3011.0,0.00019926934573231484,149.80467711931968,1.0,2008,3,1,71,1
2008-03-12,NO 15/9-F-12 H,5599,15/9-F-12,3420717,VOLVE,369304,MÆRSK INSPIRER,23.775,281.0849126182965,105.89505798107255,176.0320423449001,6.6953580757097795,29.858670416666666,%,105.05287027339642,73.8896192849632,71.86801609884333,2794.44,418887.0,0.56,0.0,production,OP,2795.0,0.00020035778175313062,149.90015888693262,0.990625,2008,3,2,72,1
2008-03-13,NO 15/9-F-12 H,5599,15/9-F-12,3420717,VOLVE,369304,MÆRSK INSPIRER,24.0,279.48820041666664,105.91619208333333,176.04687916666666,8.6407475,31.642544791666666,%,103.44132125,75.30865770833333,70.45069875,3058.89,458524.0,0.61,0.0,production,OP,3059.5,0.00019937898349403496,149.89881950642226,1.0,2008,3,3,73,1
2008-03-14,NO 15/9-F-12 H,5599,15/9-F-12,3420717,VOLVE,369304,MÆRSK INSPIRER,23.83334,279.1117827797153,105.911560155358,175.89233934565613,7.824437615869198,30.926781875,%,103.21944343405917,75.17220465653996,70.39306300246629,2964.81,428015.0,0.59,0.0,production,OP,2965.4,0.00019896135428609967,144.3650689251588,0.9930558333333334,2008,3,4,74,1
2008-03-15,NO 15/9-F-12 H,5599,15/9-F-12,3420717,VOLVE,369304,MÆRSK INSPIRER,24.0,277.9511014583333,105.91543125,175.81110125,8.8183275,32.074124166666664,%,102.14000020833333,76.26216916666667,69.867086875,3131.37,454137.0,0.63,0.0,production,OP,3132.0,0.00020114942528735632,145.0282144875885,1.0,2008,3,5,75,1
2008-03-16,NO 15/9-F-12 H,5599,15/9-F-12,3420717,VOLVE,369304,MÆRSK INSPIRER,24.0,277.2925220833333,105.91714041666667,175.553445,8.410489375,32.051666041666664,%,101.73907708333333,76.00387541666667,69.81334354166667,3135.37,454798.0,0.63,0.0,production,OP,3136.0,0.00020089285714285714,145.0540127640438,1.0,2008,3,6,76,1
2008-03-17,NO 15/9-F-12 H,5599,15/9-F-12,3420717,VOLVE,369304,MÆRSK INSPIRER,24.0,276.5644272916667,105.92080104166666,175.26535958333332,8.006294583333334,32.07361645833333,%,101.29906770833334,75.24527354166666,69.32178916666666,3143.37,470240.0,0.63,0.0,production,OP,3144.0,0.00020038167938931297,149.5974066050131,1.0,2008,3,0,77,1
2008-03-18,NO 15/9-F-12 H,5599,15/9-F-12,3420717,VOLVE,369304,MÆRSK INSPIRER,24.0,275.9827633333333,105.91885083333334,175.07195041666665,7.753214375,32.04643958333333,%,100.91081291666667,75.37564625,69.07361270833333,3132.37,425284.44,0.63,0.0,production,OP,3133.0,0.0002010852218321098,135.7708189007046,1.0,2008,3,1,78,1
2008-03-19,NO 15/9-F-12 H,5599,15/9-F-12,3420717,VOLVE,369304,MÆRSK INSPIRER,24.0,275.36289,105.91795270833333,174.90306375,7.4758997916666665,32.04521979166667,%,100.45982625,75.592860625,69.104665625,3139.62,454093.33,0.63,0.0,production,OP,3140.25,0.00020062096966802007,144.6332135736172,1.0,2008,3,2,79,1
2008-03-20,NO 15/9-F-12 H,5599,15/9-F-12,3420717,VOLVE,369304,MÆRSK INSPIRER,24.0,274.79269416666665,105.91529458333333,174.668426875,6.968092708333334,32.01249270833333,%,100.12426729166667,74.67778979166667,68.91775583333333,3156.67,467465.72,0.63,0.0,production,OP,3157.3,0.0001995375795774871,148.08824489097688,1.0,2008,3,3,80,1
2008-03-21,NO 15/9-F-12 H,5599,15/9-F-12,3420717,VOLVE,369304,MÆRSK INSPIRER,24.0,274.07213145833333,105.91596291666667,174.49839833333334,6.696183541666667,32.087249791666665,%,99.573733125,75.35609145833334,68.25330854166667,3192.14,458447.4,0.64,0.0,production,OP,3192.7799999999997,0.00020045227043516937,143.6175731640843,1.0,2008,3,4,81,1
2008-03-22,NO 15/9-F-12 H,5599,15/9-F-12,3420717,VOLVE,369304,MÆRSK INSPIRER,24.0,273.4561072916667,105.91546583333333,174.28361125,6.462107916666667,32.078392083333334,%,99.17249604166666,75.31876208333334,67.79460145833333,3172.12,458028.49,0.63,0.0,production,OP,3172.75,0.00019856591285162713,144.39191770803123,1.0,2008,3,5,82,1
2008-03-23,NO 15/9-F-12 H,5599,15/9-F-12,3420717,VOLVE,369304,MÆRSK INSPIRER,24.0,272.8807791666667,105.91282166666667,174.087919375,6.287791041666667,32.060703333333336,%,98.79285979166666,75.35283,67.40523645833333,3160.26,466335.26,0.63,0.0,production,OP,3160.8900000000003,0.0001993109535605478,147.5623081645181,1.0,2008,3,6,83,1
2008-03-24,NO 15/9-F-12 H,5599,15/9-F-12,3420717,VOLVE,369304,MÆRSK INSPIRER,24.0,272.2367566666667,105.91278583333333,173.83483,4.956670833333333,32.128393958333334,%,98.40192666666667,74.81191020833333,67.01133229166666,3153.35,468479.65,0.63,0.0,production,OP,3153.98,0.00019974762046683873,148.56569996987332,1.0,2008,3,0,84,1
2008-03-25,NO 15/9-F-12 H,5599,15/9-F-12,3420717,VOLVE,369304,MÆRSK INSPIRER,24.0,271.6835775,105.910075,173.644271875,14.906444166666667,32.04209770833333,%,98.039305625,74.95929104166666,66.66065520833334,3130.58,406562.1,0.63,0.0,production,OP,3131.21,0.00020120017501221572,129.8679797353845,1.0,2008,3,1,85,1
2008-03-26,NO 15/9-F-12 H,5599,15/9-F-12,3420717,VOLVE,369304,MÆRSK INSPIRER,7.475,271.41853888346486,105.90749495601338,173.52183289901004,14.794454681926421,30.925418125,%,97.89670598445485,75.25957300271573,66.57849645505017,960.26,113341.21,1.64,0.0,production,OP,961.9,0.0017049589354402744,118.03179347260118,0.31145833333333334,2008,3,2,86,1
2008-03-28,NO 15/9-F-12 H,5599,15/9-F-12,3420717,VOLVE,369304,MÆRSK INSPIRER,1.19167,279.416225172489,104.7140106968372,187.17502917636594,0.41165334522141195,21.333333333333332,%,92.24119599612308,24.1,68.20676057045995,73.44,48936.44,0.13,0.0,production,OP,73.57,0.0017670246024194646,666.3458605664489,0.049652916666666665,2008,3,4,88,1
2008-03-29,NO 15/9-F-12 H,5599,15/9-F-12,3420717,VOLVE,369304,MÆRSK INSPIRER,24.0,271.4679408510638,105.87037574468086,174.19106978723406,6.743923191489362,32.0,%,97.27687106382979,69.26225104166667,65.74240063829787,3137.26,509074.88,3.39,0.0,production,OP,3140.65,0.0010793943928804547,162.26735431554923,1.0,2008,3,5,89,1
2008-03-30,NO 15/9-F-12 H,5599,15/9-F-12,3420717,VOLVE,369304,MÆRSK INSPIRER,10.975,270.7423821963645,105.90239513398633,173.3729498223417,10.981093497694761,30.682608695652174,%,97.36943237402278,73.10559218599545,66.01919978432802,1430.95,137396.4,1.55,0.0,production,OP,1432.5,0.001082024432809773,96.01761067822075,0.45729166666666665,2008,3,6,90,1
2008-03-31,NO 15/9-F-12 H,5599,15/9-F-12,3420717,VOLVE,369304,MÆRSK INSPIRER,14.025,271.55701546581884,105.86170087728651,173.43549109522365,7.145541217789279,31.0,%,98.1215243705952,70.45153593680591,67.12907305714603,1950.58,378532.95,1.93,0.0,production,OP,1952.51,0.0009884712498271456,194.0617406104851,0.584375,2008,3,0,91,1
2008-04-01,NO 15/9-F-12 H,5599,15/9-F-12,3420717,VOLVE,369304,MÆRSK INSPIRER,24.0,270.35961895833333,105.88914770833334,172.92823479166665,11.469455,29.812026875,%,97.43138416666666,73.53712708333333,66.38622729166667,3060.6,457837.18,2.82,0.0,production,OP,3063.42,0.0009205397888634271,149.59066196170684,1.0,2008,4,1,92,2
2008-04-02,NO 15/9-F-12 H,5599,15/9-F-12,3420717,VOLVE,369304,MÆRSK INSPIRER,24.0,269.64498145833335,105.8938425,172.98649104166665,12.749728541666666,31.818380416666667,%,96.65849041666667,75.81015104166667,65.59519354166666,3053.67,461808.99,2.81,0.0,production,OP,3056.48,0.0009193582159870178,151.2308107948796,1.0,2008,4,2,93,2
2008-04-03,NO 15/9-F-12 H,5599,15/9-F-12,3420717,VOLVE,369304,MÆRSK INSPIRER,24.0,268.861676875,105.89730333333333,172.74514458333334,13.189178125,32.000954166666666,%,96.11653229166667,75.9211225,65.052414375,3103.12,372985.57,2.86,0.0,production,OP,3105.98,0.0009208043838015698,120.19695338884736,1.0,2008,4,3,94,2
2008-04-04,NO 15/9-F-12 H,5599,15/9-F-12,3420717,VOLVE,369304,MÆRSK INSPIRER,24.0,268.1804975,105.89705395833333,172.48991145833332,13.2729475,32.081197708333335,%,95.69058604166666,75.217224375,64.618748125,3110.68,463717.13,2.86,0.0,production,OP,3113.54,0.0009185685746770556,149.07259184486995,1.0,2008,4,4,95,2
2008-04-05,NO 15/9-F-12 H,5599,15/9-F-12,3420717,VOLVE,369304,MÆRSK INSPIRER,24.0,267.456426875,105.894669375,172.31615729166666,13.266147291666666,32.20087375,%,95.14026958333334,75.46119354166666,63.91880625,3303.3,463529.9,3.04,0.0,production,OP,3306.34,0.0009194456710441152,140.32328277782824,1.0,2008,4,5,96,2
2008-04-06,NO 15/9-F-12 H,5599,15/9-F-12,3420717,VOLVE,369304,MÆRSK INSPIRER,24.0,266.85520041666666,105.88659041666666,172.066815625,13.261453333333334,32.21080020833333,%,94.78838479166667,75.40590875,63.12111875,3028.41,440906.09,153.36,0.0,production,OP,3181.77,0.04819958702231777,145.5899597478545,1.0,2008,4,6,97,2
2008-04-07,NO 15/9-F-12 H,5599,15/9-F-12,3420717,VOLVE,369304,MÆRSK INSPIRER,24.0,266.4763933333333,105.87188041666667,171.73653541666667,13.148674791666666,32.033210625,%,94.73985791666667,75.26976895833333,63.17009354166667,2998.8,452369.44,151.86,0.0,production,OP,3150.6600000000003,0.04819942488240559,150.8501533946912,1.0,2008,4,0,98,2
2008-04-08,NO 15/9-F-12 H,5599,15/9-F-12,3420717,VOLVE,369304,MÆRSK INSPIRER,24.0,265.8998741666667,105.86069083333334,171.35568375,13.064404791666666,32.04783125,%,94.54419041666667,74.62930458333334,62.824872291666665,3054.12,451030.48,4.34,0.0,production,OP,3058.46,0.0014190147982971822,147.6793577200634,1.0,2008,4,1,99,2
2008-04-09,NO 15/9-F-12 H,5599,15/9-F-12,3420717,VOLVE,369304,MÆRSK INSPIRER,24.0,265.3951304166667,105.85311104166666,171.17766333333333,12.985788958333334,32.00002729166667,%,94.21746708333333,74.83526625,62.790674375,3025.8,463595.31,4.91,0.0,production,OP,3030.71,0.0016200824229306004,153.21412849494348,1.0,2008,4,2,100,2
2008-04-10,NO 15/9-F-12 H,5599,15/9-F-12,3420717,VOLVE,369304,MÆRSK INSPIRER,24.0,264.9207029787234,105.84648425531915,171.1089055319149,12.916430212765958,31.251858333333335,%,93.81179744680851,75.41270404255319,62.24724106382979,3003.22,468712.0,4.09,0.0,production,OP,3007.31,0.0013600194193481882,156.0698183949228,1.0,2008,4,3,101,2
2008-04-11,NO 15/9-F-12 H,5599,15/9-F-12,3420717,VOLVE,369304,MÆRSK INSPIRER,24.0,264.33433,105.840110625,170.71207354166665,12.716293541666667,31.944148125,%,93.62225645833334,74.19776541666667,62.06976708333333,3015.97,458936.65,10.44,0.0,production,OP,3026.41,0.0034496317418988174,152.16883788631853,1.0,2008,4,4,102,2
2008-04-12,NO 15/9-F-12 H,5599,15/9-F-12,3420717,VOLVE,369304,MÆRSK INSPIRER,12.975,264.00822024228904,105.83777149994604,170.8590629730944,12.548577019845858,30.885044814814815,%,93.1491572691946,73.89495642494028,61.656020290558764,1615.37,242280.01,2.91,0.0,production,OP,1618.28,0.0017982055021380726,149.9842203334221,0.540625,2008,4,5,103,2
2008-04-13,NO 15/9-F-12 H,5599,15/9-F-12,3420717,VOLVE,369304,MÆRSK INSPIRER,4.0,268.09569625,105.48024875,174.47806875,2.1142725,25.82295625,%,93.6176275,48.68236,63.31145,429.77,65731.44,1.73,0.0,production,OP,431.5,0.004009269988412514,152.94562207692488,0.16666666666666666,2008,4,6,104,2
2008-04-14,NO 15/9-F-12 H,5599,15/9-F-12,3420717,VOLVE,369304,MÆRSK INSPIRER,21.26,265.6112954166667,105.6165925,181.72734770833333,6.660095208333333,28.763500416666666,%,83.88394770833334,64.02058791666667,56.13802375,2578.63,413142.56,3.62,0.0,production,OP,2582.25,0.001401878206990028,160.21785211527052,0.8858333333333334,2008,4,0,105,2
2008-04-15,NO 15/9-F-12 H,5599,15/9-F-12,3420717,VOLVE,369304,MÆRSK INSPIRER,20.55,263.6763463329865,105.81841322321014,170.63894880718277,10.545677044846618,32.060503947368424,%,93.03739752580373,74.1666946999388,61.2840258920808,2494.26,400308.2,3.5,0.0,production,OP,2497.76,0.0014012555249503554,160.49176910185787,0.8562500000000001,2008,4,1,106,2
2008-04-16,NO 15/9-F-12 H,5599,15/9-F-12,3420717,VOLVE,369304,MÆRSK INSPIRER,24.0,263.01012607283184,105.64635186289084,170.01040002284398,11.030188760688485,31.904078484848483,%,92.99972604998787,74.46350660898706,61.32164096458679,2847.56,462314.88,3.99,0.0,production,OP,2851.5499999999997,0.0013992390103627853,162.3547458174718,1.0,2008,4,2,107,2
2008-04-17,NO 15/9-F-12 H,5599,15/9-F-12,3420717,VOLVE,369304,MÆRSK INSPIRER,9.375,262.977608,105.808794,170.16608226666668,11.543741466666667,31.653475789473685,%,92.81152573333334,74.87069133333334,61.079362,1120.57,184080.6,1.1,0.0,production,OP,1121.6699999999998,0.000980680592331078,164.27407480121724,0.390625,2008,4,3,108,2
2008-04-18,NO 15/9-F-12 H,5599,15/9-F-12,3420717,VOLVE,369304,MÆRSK INSPIRER,21.57,263.1737115188668,105.78555850157136,170.28931614193667,7.94042125401692,31.718743170731706,%,92.88439537693013,72.28045642020047,61.13688732085631,2448.14,372536.86,2.4,0.0,production,OP,2450.54,0.0009793759742750578,152.1713872572647,0.89875,2008,4,4,109,2
2008-04-19,NO 15/9-F-12 H,5599,15/9-F-12,3420717,VOLVE,369304,MÆRSK INSPIRER,22.71203,263.1419007844741,105.7766075477225,170.12042243608784,9.924784166844619,30.033491276595743,%,93.0214783483863,73.2267499352986,61.732701759921945,2513.65,383126.44,2.47,0.0,production,OP,2516.12,0.0009816701906109407,152.41837169056947,0.9463345833333333,2008,4,5,110,2
2008-04-20,NO 15/9-F-12 H,5599,15/9-F-12,3420717,VOLVE,369304,MÆRSK INSPIRER,24.0,262.1704129166667,105.78688166666667,169.53188645833333,11.18001375,31.483217083333333,%,92.63852645833333,75.04618583333334,61.000593333333335,2752.75,418498.59,2.7,0.0,production,OP,2755.45,0.0009798762452593952,152.0292761783671,1.0,2008,4,6,111,2
2008-04-21,NO 15/9-F-12 H,5599,15/9-F-12,3420717,VOLVE,369304,MÆRSK INSPIRER,24.0,261.610255,105.78262708333334,169.28461875,11.256799166666667,31.519783541666666,%,92.32563625,74.86361916666667,60.68912354166667,2752.3,426345.05,2.7,0.0,production,OP,2755.0,0.0009800362976406533,154.90500672165098,1.0,2008,4,0,112,2
2008-04-22,NO 15/9-F-12 H,5599,15/9-F-12,3420717,VOLVE,369304,MÆRSK INSPIRER,24.0,261.11465395833335,105.77734729166667,168.94576666666666,11.1599625,31.483014375,%,92.16888729166666,74.24991270833333,60.5470925,2737.24,422378.97,2.31,0.0,production,OP,2739.5499999999997,0.0008432041758682996,154.30834344083823,1.0,2008,4,1,113,2
2008-04-23,NO 15/9-F-12 H,5599,15/9-F-12,3420717,VOLVE,369304,MÆRSK INSPIRER,24.0,260.55793520833333,105.77106875,168.69795541666667,11.010634583333333,31.487272708333332,%,91.85997979166666,73.58424958333333,60.253108125,2735.53,422115.01,-14.19,0.0,production,OP,2721.34,-0.005214342933995752,154.30830954147825,1.0,2008,4,2,114,2
2008-04-24,NO 15/9-F-12 H,5599,15/9-F-12,3420717,VOLVE,369304,MÆRSK INSPIRER,24.0,260.1265817021277,105.76913127659574,168.54905191489362,10.907252978723404,30.814254166666668,%,91.57752978723404,73.69553574468085,59.93757872340426,2730.33,474459.4,93.87,0.0,production,OP,2824.2,0.03323773103887827,173.77364640904216,1.0,2008,4,3,115,2
2008-04-25,NO 15/9-F-12 H,5599,15/9-F-12,3420717,VOLVE,369304,MÆRSK INSPIRER,24.0,260.523110625,105.78107645833333,168.74463145833334,10.937146875,31.498908541666665,%,91.77847916666667,74.27099604166666,60.088869375,2727.65,480456.7,4.22,0.0,production,OP,2731.87,0.0015447294344167182,176.14309020585486,1.0,2008,4,4,116,2
2008-04-26,NO 15/9-F-12 H,5599,15/9-F-12,3420717,VOLVE,369304,MÆRSK INSPIRER,24.0,261.1412585416667,105.79446541666667,168.90140395833333,10.915416666666667,31.412461458333333,%,92.23985458333334,73.41670208333333,60.552660625,2747.01,481822.53,3.81,0.0,production,OP,2750.82,0.0013850415512465374,175.39889916673036,1.0,2008,4,5,117,2
2008-04-27,NO 15/9-F-12 H,5599,15/9-F-12,3420717,VOLVE,369304,MÆRSK INSPIRER,15.95833,260.41739820244976,105.81602899604157,169.70584856317672,11.600220270109716,31.489733333333334,%,90.71154963927303,75.75836009188932,58.91078561042415,1985.59,350826.25,2.76,0.0,production,OP,1988.35,0.0013880855986119144,176.68614870139353,0.6649304166666666,2008,4,6,118,2
2008-04-29,NO 15/9-F-12 H,5599,15/9-F-12,3420717,VOLVE,369304,MÆRSK INSPIRER,5.2463,263.68989259173134,105.50222119665288,174.68508342508053,1.8523786863122582,25.84310333333333,%,89.00480916665079,51.514422381487904,60.10644580866516,546.58,90823.83,4.76,0.0,production,OP,551.34,0.008633511082090905,166.16749606644956,0.21859583333333332,2008,4,1,120,2
2008-04-30,NO 15/9-F-12 H,5599,15/9-F-12,3420717,VOLVE,369304,MÆRSK INSPIRER,24.0,261.28155145833335,105.77952354166666,170.41920520833332,7.151377708333333,32.543967916666666,%,90.86234625,68.96561166666666,58.916819583333336,3011.83,459764.68,14.0,0.0,production,OP,3025.83,0.004626829663265947,152.65293193838963,1.0,2008,4,2,121,2
2008-05-01,NO 15/9-F-12 H,5599,15/9-F-12,3420717,VOLVE,369304,MÆRSK INSPIRER,24.0,260.78862,105.83854541666666,170.11878520833332,10.633673333333334,33.43435083333333,%,90.66983479166667,74.21000583333333,58.501581875,3167.59,471209.85,3.44,0.0,production,OP,3171.03,0.001084821020299398,148.75973531928057,1.0,2008,5,3,122,2
2008-05-02,NO 15/9-F-12 H,5599,15/9-F-12,3420717,VOLVE,369304,MÆRSK INSPIRER,24.0,261.179134375,105.85250083333334,170.4076225,11.451309583333334,33.39043354166667,%,90.771511875,75.90691833333334,58.588802916666666,3163.92,486368.03,4.43,0.0,production,OP,3168.35,0.0013982041125506967,153.7232388935245,1.0,2008,5,4,123,2
2008-05-03,NO 15/9-F-12 H,5599,15/9-F-12,3420717,VOLVE,369304,MÆRSK INSPIRER,24.0,261.6092629166667,105.86265208333333,170.54918625,11.855417083333334,33.373732708333335,%,91.06007666666666,76.329415625,58.88368583333333,3173.19,474305.4,4.44,0.0,production,OP,3177.63,0.0013972677750398884,149.47273878967223,1.0,2008,5,5,124,2
2008-05-04,NO 15/9-F-12 H,5599,15/9-F-12,3420717,VOLVE,369304,MÆRSK INSPIRER,24.0,262.08819020833334,105.87273,170.71714791666668,12.023132291666666,33.37489,%,91.37104229166667,75.43821645833333,59.19771645833333,3188.85,493120.0,4.44,0.0,production,OP,3193.29,0.0013904155275593511,154.63881963717327,1.0,2008,5,6,125,2
2008-05-05,NO 15/9-F-12 H,5599,15/9-F-12,3420717,VOLVE,369304,MÆRSK INSPIRER,24.0,262.652684375,105.88165333333333,170.93675520833332,12.268680416666667,33.309282083333336,%,91.71592916666667,76.31551520833334,59.75377395833333,3186.96,491322.97,4.42,0.0,production,OP,3191.38,0.0013849807920084728,154.16665725330722,1.0,2008,5,0,126,2
2008-05-06,NO 15/9-F-12 H,5599,15/9-F-12,3420717,VOLVE,369304,MÆRSK INSPIRER,24.0,263.0432495833333,105.8866975,171.23656729166666,12.532499375,33.221430833333336,%,91.80668229166666,77.02496270833333,60.09477,3176.89,489872.38,4.42,0.0,production,OP,3181.31,0.0013893647585428645,154.198722650139,1.0,2008,5,1,127,2
2008-05-07,NO 15/9-F-12 H,5599,15/9-F-12,3420717,VOLVE,369304,MÆRSK INSPIRER,24.0,263.48809166666666,105.893396875,171.38529166666666,12.593843541666667,33.11139,%,92.1028,77.24626416666666,60.38335375,3171.32,489343.07,4.29,0.0,production,OP,3175.61,0.0013509215552287592,154.30264684736954,1.0,2008,5,2,128,2
2008-05-08,NO 15/9-F-12 H,5599,15/9-F-12,3420717,VOLVE,369304,MÆRSK INSPIRER,24.0,263.91874916666666,105.90165375,171.52171395833332,12.716155,33.05831875,%,92.39703520833334,77.33921354166667,60.48931125,3170.85,488607.46,4.76,0.0,production,OP,3175.61,0.001498924616058017,154.09352697226296,1.0,2008,5,3,129,2
2008-05-09,NO 15/9-F-12 H,5599,15/9-F-12,3420717,VOLVE,369304,MÆRSK INSPIRER,24.0,264.351059375,105.90839375,171.57182145833335,12.817577916666666,33.023854375,%,92.77923791666667,77.022344375,60.510602291666665,3188.02,489393.88,0.01,0.0,production,OP,3188.03,3.136733343161764e-06,153.5102916543811,1.0,2008,5,4,130,2
2008-05-10,NO 15/9-F-12 H,5599,15/9-F-12,3420717,VOLVE,369304,MÆRSK INSPIRER,24.0,264.227475,105.91762041666667,172.648793125,13.349437916666666,34.09643979166667,%,91.578681875,77.48198958333333,59.199934375,3415.68,524276.14,6.39,0.0,production,OP,3422.0699999999997,0.0018672908502748338,153.49100032789957,1.0,2008,5,5,131,2
2008-05-11,NO 15/9-F-12 H,5599,15/9-F-12,3420717,VOLVE,369304,MÆRSK INSPIRER,24.0,264.08789,105.91898,174.47571541666667,14.155385208333334,35.62917458333333,%,89.61217458333333,78.75296645833333,57.059738125,3701.51,567340.44,7.22,0.0,production,OP,3708.73,0.0019467580546440426,153.27270222152578,1.0,2008,5,6,132,2
2008-05-12,NO 15/9-F-12 H,5599,15/9-F-12,3420717,VOLVE,369304,MÆRSK INSPIRER,24.0,264.08789,105.91898,176.44395872340425,14.628508936170213,36.160337291666664,%,87.64393127659575,79.10253106382979,54.964339574468084,4002.28,612762.21,7.62,0.0,production,OP,4009.9,0.0019002967655053743,153.10328362833184,1.0,2008,5,0,133,2
2008-05-13,NO 15/9-F-12 H,5599,15/9-F-12,3420717,VOLVE,369304,MÆRSK INSPIRER,24.0,264.08789,105.91898,178.2197363829787,15.169232765957446,37.29412895833333,%,85.86815361702128,79.54369510638298,53.00881127659574,4253.12,648380.88,8.22,0.0,production,OP,4261.34,0.0019289706993574792,152.44829207734557,1.0,2008,5,1,134,2
2008-05-14,NO 15/9-F-12 H,5599,15/9-F-12,3420717,VOLVE,369304,MÆRSK INSPIRER,24.0,264.08789,105.91898,178.34193,15.354737291666666,38.21141645833333,%,85.74596,79.71459541666667,52.88725291666667,4279.91,651572.53,8.29,0.0,production,OP,4288.2,0.0019332120703325403,152.23977373355984,1.0,2008,5,2,135,2
2008-05-15,NO 15/9-F-12 H,5599,15/9-F-12,3420717,VOLVE,369304,MÆRSK INSPIRER,24.0,264.08789,105.91898,179.66063458333332,15.703747083333333,39.27145375,%,84.42725541666667,80.1680925,51.214709791666664,4439.62,671084.55,8.59,0.0,production,OP,4448.21,0.0019311138637789133,151.15810587392616,1.0,2008,5,3,136,2
2008-05-16,NO 15/9-F-12 H,5599,15/9-F-12,3420717,VOLVE,369304,MÆRSK INSPIRER,24.0,264.08789,105.91898,180.6398,15.924326458333333,40.14757854166667,%,83.44809,80.26571020833333,49.359952291666666,4582.9,696343.43,8.86,0.0,production,OP,4591.759999999999,0.0019295433559245259,151.9438412358987,1.0,2008,5,4,137,2
2008-05-17,NO 15/9-F-12 H,5599,15/9-F-12,3420717,VOLVE,369304,MÆRSK INSPIRER,24.0,264.08789,105.91898,181.25933666666666,15.919254375,40.727504583333335,%,82.82855333333333,80.15897333333334,48.652501666666666,4677.42,709992.17,9.04,0.0,production,OP,4686.46,0.0019289613055483241,151.79140851152988,1.0,2008,5,5,138,2
2008-05-18,NO 15/9-F-12 H,5599,15/9-F-12,3420717,VOLVE,369304,MÆRSK INSPIRER,24.0,264.08789,105.91898,181.24754833333333,15.687664791666666,40.74857395833333,%,82.84034166666666,80.04535958333334,49.250165208333335,4688.63,711699.89,9.07,0.0,production,OP,4697.7,0.0019307320603699685,151.79271770218594,1.0,2008,5,6,139,2
2008-05-19,NO 15/9-F-12 H,5599,15/9-F-12,3420717,VOLVE,369304,MÆRSK INSPIRER,24.0,264.08789,105.91898,181.15959666666666,15.806983541666666,40.7553975,%,82.92829333333333,80.198545625,49.68262125,4687.74,714081.05,9.06,0.0,production,OP,4696.8,0.0019289729177312212,152.32949139670717,1.0,2008,5,0,140,2
2008-05-20,NO 15/9-F-12 H,5599,15/9-F-12,3420717,VOLVE,369304,MÆRSK INSPIRER,24.0,297.6459697916667,72.71542833333334,216.3820125,16.087013541666668,42.15900666666667,%,81.26395729166667,80.58099375,47.850673125,4885.56,741919.56,9.45,0.0,production,OP,4895.01,0.0019305374248469358,151.85967627047873,1.0,2008,5,1,141,2
2008-05-21,NO 15/9-F-12 H,5599,15/9-F-12,3420717,VOLVE,369304,MÆRSK INSPIRER,24.0,257.2,39.55367,177.02884,16.3650325,43.100561666666664,%,80.17116,80.780388125,46.69522479166667,5013.12,759588.91,9.69,0.0,production,OP,5022.8099999999995,0.0019291989941885121,151.5201930135325,1.0,2008,5,2,142,2
2008-05-22,NO 15/9-F-12 H,5599,15/9-F-12,3420717,VOLVE,369304,MÆRSK INSPIRER,24.0,258.14605958333334,106.08248895833333,177.925675625,16.431950416666666,43.122455,%,80.22038395833333,80.85044270833333,46.74368166666667,5017.55,760577.09,7.7,0.0,production,OP,5025.25,0.0015322620765136064,151.58336040497852,1.0,2008,5,3,143,2
2008-05-23,NO 15/9-F-12 H,5599,15/9-F-12,3420717,VOLVE,369304,MÆRSK INSPIRER,24.0,258.33252270833333,106.14487625,178.13036875,16.468540833333332,43.092326666666665,%,80.20215395833333,81.04793125,46.719385208333335,5019.23,760297.25,19.71,0.0,production,OP,5038.94,0.003911536950231597,151.476869958141,1.0,2008,5,4,144,2
2008-05-24,NO 15/9-F-12 H,5599,15/9-F-12,3420717,VOLVE,369304,MÆRSK INSPIRER,24.0,258.339496875,106.14994958333334,178.16663895833332,16.468244791666667,43.19540875,%,80.17285791666667,81.03711375,46.68892458333333,5034.28,762332.85,8019.72,0.0,production,OP,13054.0,0.6143496246361269,151.428377046966,1.0,2008,5,5,145,2
2008-05-25,NO 15/9-F-12 H,5599,15/9-F-12,3420717,VOLVE,369304,MÆRSK INSPIRER,24.0,258.3098160416667,106.15579270833334,178.29270916666667,16.541159375,43.33968291666667,%,80.017106875,81.194595,46.52493770833333,5045.72,764673.62,8019.74,0.0,production,OP,13065.46,0.6138122959314101,151.5489603069532,1.0,2008,5,6,146,2
2008-05-26,NO 15/9-F-12 H,5599,15/9-F-12,3420717,VOLVE,369304,MÆRSK INSPIRER,24.0,258.316348125,106.161113125,178.35508875,16.287065208333335,43.38664166666667,%,79.961259375,80.94686479166667,46.46299666666667,5053.01,766791.37,19.77,0.0,production,OP,5072.780000000001,0.0038972713186852174,151.74942657940514,1.0,2008,5,0,147,2
2008-05-27,NO 15/9-F-12 H,5599,15/9-F-12,3420717,VOLVE,369304,MÆRSK INSPIRER,24.0,257.975446875,106.22877770833334,178.00507854166668,16.17432,43.46183,%,79.97036833333334,80.86455791666667,46.46578958333333,5065.87,767889.19,29.8,0.0,production,OP,5095.67,0.005848102408515465,151.58091107746546,1.0,2008,5,1,148,2
2008-05-28,NO 15/9-F-12 H,5599,15/9-F-12,3420717,VOLVE,369304,MÆRSK INSPIRER,24.0,258.4236110416667,106.17195916666667,178.26345166666667,16.017344791666666,43.486073958333336,%,80.160159375,79.50219541666667,46.664266041666664,5072.27,767413.36,10.01,0.0,production,OP,5082.280000000001,0.0019695884524268633,151.2958419011606,1.0,2008,5,2,149,2
2008-05-29,NO 15/9-F-12 H,5599,15/9-F-12,3420717,VOLVE,369304,MÆRSK INSPIRER,24.0,258.45708979166665,106.17610895833333,178.25680416666665,15.986713333333334,43.561188125,%,80.200285625,78.98763729166667,46.70218625,5086.33,770161.99,10.04,0.0,production,OP,5096.37,0.0019700296485537744,151.41801456059673,1.0,2008,5,3,150,2
2008-05-30,NO 15/9-F-12 H,5599,15/9-F-12,3420717,VOLVE,369304,MÆRSK INSPIRER,20.19167,260.6458497591284,106.15840587602709,177.32261740065582,15.655488568013443,40.12257780487805,%,83.32323235847258,79.7366412507237,50.01007840844764,3869.22,589150.0,7.48,0.0,production,OP,3876.7,0.001929476100807388,152.26583135619066,0.8413195833333332,2008,5,4,151,2
2008-06-01,NO 15/9-F-12 H,5599,15/9-F-12,3420717,VOLVE,369304,MÆRSK INSPIRER,0.5,279.4191,104.82335,188.02947,0.34181,16.82769,%,91.38963,22.05489,72.69743,22.94,11729.2,0.04,0.0,production,OP,22.98,0.0017406440382941688,511.29904097646033,0.020833333333333332,2008,6,6,153,2
2008-06-02,NO 15/9-F-12 H,5599,15/9-F-12,3420717,VOLVE,369304,MÆRSK INSPIRER,13.41667,259.7948011059003,106.14873870485746,178.49707907674556,9.86959139838723,42.49382,%,81.29772202915477,77.77211379588974,47.88264729368017,4019.51,603534.04,7.77,0.0,production,OP,4027.28,0.0019293418883216463,150.15114777671906,0.5590279166666666,2008,6,0,154,2
2008-06-03,NO 15/9-F-12 H,5599,15/9-F-12,3420717,VOLVE,369304,MÆRSK INSPIRER,24.0,259.0873539624423,106.16301365806954,259.0873539624423,12.23382604247566,43.221761621621624,%,0.0,79.21291852852295,33.464763899165504,4999.75,755898.39,9.67,0.0,production,OP,5009.42,0.0019303631957392272,151.18723736186809,1.0,2008,6,1,155,2
2008-06-04,NO 15/9-F-12 H,5599,15/9-F-12,3420717,VOLVE,369304,MÆRSK INSPIRER,24.0,258.4640527083333,106.1684125,257.43431416666664,13.167046458333333,43.421707291666664,%,1.0297385416666667,77.89859729166666,32.42974875,5067.01,764495.52,9.8,0.0,production,OP,5076.81,0.0019303460243735731,150.87704977886366,1.0,2008,6,2,156,2
2008-06-05,NO 15/9-F-12 H,5599,15/9-F-12,3420717,VOLVE,369304,MÆRSK INSPIRER,24.0,258.422451875,106.17518833333334,191.39515458333332,13.687238958333333,43.41881291666667,%,67.02729729166667,79.60313416666666,33.538475625,5040.47,768018.95,9.75,0.0,production,OP,5050.22,0.0019306089635699039,152.37050314752392,1.0,2008,6,3,157,2
2008-06-06,NO 15/9-F-12 H,5599,15/9-F-12,3420717,VOLVE,369304,MÆRSK INSPIRER,24.0,258.5171222916667,106.18150854166667,178.21372854166665,13.862924166666666,43.39667333333333,%,80.30339375,79.77938208333333,46.81843666666666,5058.13,763388.73,9.78,0.0,production,OP,5067.91,0.0019297895976842525,150.92311387805373,1.0,2008,6,4,158,2
2008-06-07,NO 15/9-F-12 H,5599,15/9-F-12,3420717,VOLVE,369304,MÆRSK INSPIRER,24.0,258.634306875,106.18602145833333,178.42629979166668,14.043703333333333,43.33410666666666,%,80.20800708333333,81.26489229166667,46.699004375,5057.56,761308.55,184.78,0.0,production,OP,5242.34,0.035247618429937774,150.52882219884688,1.0,2008,6,5,159,2
2008-06-08,NO 15/9-F-12 H,5599,15/9-F-12,3420717,VOLVE,369304,MÆRSK INSPIRER,24.0,258.64955145833335,106.19175458333333,178.49661354166668,14.028066875,43.390093541666666,%,80.15293791666667,80.787300625,46.63799520833334,5070.12,761089.16,9.8,0.0,production,OP,5079.92,0.0019291642388069104,150.1126521660237,1.0,2008,6,6,160,2
2008-06-09,NO 15/9-F-12 H,5599,15/9-F-12,3420717,VOLVE,369304,MÆRSK INSPIRER,24.0,258.706738125,106.196510625,178.44858104166667,13.964694583333333,43.400133125,%,80.25815708333333,80.18014083333334,46.74213145833333,5081.36,762129.8,14.83,0.0,production,OP,5096.19,0.002910017091199504,149.98539761008865,1.0,2008,6,0,161,2
2008-06-10,NO 15/9-F-12 H,5599,15/9-F-12,3420717,VOLVE,369304,MÆRSK INSPIRER,24.0,258.75828020833336,106.20104833333333,178.56673416666666,13.904241458333333,43.405722708333336,%,80.19154604166667,80.64536104166666,46.666044166666666,5081.78,761130.49,9.83,0.0,production,OP,5091.61,0.001930627051168491,149.77635592253108,1.0,2008,6,1,162,2
2008-06-11,NO 15/9-F-12 H,5599,15/9-F-12,3420717,VOLVE,369304,MÆRSK INSPIRER,24.0,258.3180360416667,106.1953875,178.370149375,13.796805,43.44772,%,79.94788666666666,80.43309604166667,46.423072291666664,5087.06,760260.45,9.84,0.0,production,OP,5096.900000000001,0.001930585257705664,149.44986888300903,1.0,2008,6,2,163,2
2008-06-12,NO 15/9-F-12 H,5599,15/9-F-12,3420717,VOLVE,369304,MÆRSK INSPIRER,24.0,257.2102972916667,106.178721875,177.810411875,13.535714375,43.460676666666664,%,79.39988541666666,80.32660916666667,45.89157395833333,5060.12,757005.32,9.78,0.0,production,OP,5069.9,0.0019290321308112585,149.60224658703746,1.0,2008,6,3,164,2
2008-06-13,NO 15/9-F-12 H,5599,15/9-F-12,3420717,VOLVE,369304,MÆRSK INSPIRER,24.0,256.56342229166665,106.175549375,177.52836145833334,13.375660416666667,43.452605625,%,79.03506083333333,80.42901895833333,45.52576625,5032.29,754387.87,9.73,0.0,production,OP,5042.0199999999995,0.0019297821111379965,149.90945871561456,1.0,2008,6,4,165,2
2008-06-14,NO 15/9-F-12 H,5599,15/9-F-12,3420717,VOLVE,369304,MÆRSK INSPIRER,22.66667,259.0030253842801,106.15823234023348,177.31376738572098,11.666209545844184,38.53649541666667,%,81.68925799855911,77.35260529102864,49.275977976601766,4332.16,651120.47,8.28,0.0,production,OP,4340.44,0.0019076407000211961,150.29926641675283,0.9444445833333334,2008,6,5,166,2
2008-06-15,NO 15/9-F-12 H,5599,15/9-F-12,3420717,VOLVE,369304,MÆRSK INSPIRER,24.0,256.6373745833333,106.19137375,177.8872475,13.478296041666667,43.718371875,%,78.75012708333334,80.81746854166667,45.261347083333334,5087.53,763089.71,9.84,0.0,production,OP,5097.37,0.0019304072492285238,149.99217891589828,1.0,2008,6,6,167,2
2008-06-16,NO 15/9-F-12 H,5599,15/9-F-12,3420717,VOLVE,369304,MÆRSK INSPIRER,24.0,256.86490104166666,106.20034416666667,178.030971875,13.615031666666667,43.74744125,%,78.83392916666666,80.86103791666666,45.330591041666665,5102.25,764342.55,10.0,0.0,production,OP,5112.25,0.0019560858721697884,149.8049977950904,1.0,2008,6,0,168,2
2008-06-17,NO 15/9-F-12 H,5599,15/9-F-12,3420717,VOLVE,369304,MÆRSK INSPIRER,24.0,257.12225520833334,106.20828833333333,177.956730625,13.571802291666666,43.833438125,%,79.16552458333334,79.86637875,45.623897916666664,5102.84,756365.89,9.88,0.0,production,OP,5112.72,0.0019324351812733732,148.22449655485966,1.0,2008,6,1,169,2
2008-06-18,NO 15/9-F-12 H,5599,15/9-F-12,3420717,VOLVE,369304,MÆRSK INSPIRER,24.0,257.43948625,106.21543854166667,178.07927770833334,13.560247083333334,43.81087125,%,79.36020854166667,79.732293125,45.86301458333333,5135.06,765784.34,7.17,0.0,production,OP,5142.2300000000005,0.0013943366982807068,149.12860609223648,1.0,2008,6,2,170,2
2008-06-19,NO 15/9-F-12 H,5599,15/9-F-12,3420717,VOLVE,369304,MÆRSK INSPIRER,24.0,257.7484185106383,106.22251914893617,178.27294255319148,13.605035319148936,42.87523375,%,79.4754759574468,79.67981361702128,45.95841808510638,5140.62,766175.86,8.75,0.0,production,OP,5149.37,0.0016992369940400476,149.04347335535402,1.0,2008,6,3,171,2
2008-06-20,NO 15/9-F-12 H,5599,15/9-F-12,3420717,VOLVE,369304,MÆRSK INSPIRER,23.50001,259.6501121585778,106.20839088677835,177.66657734895432,12.9316467951503,40.892229375,%,81.98353480962348,78.96815055212743,49.0291383832943,4721.66,702550.38,9.53,0.0,production,OP,4731.19,0.0020142923873275012,148.79308971844648,0.9791670833333334,2008,6,4,172,2
2008-06-21,NO 15/9-F-12 H,5599,15/9-F-12,3420717,VOLVE,369304,MÆRSK INSPIRER,24.0,258.762320625,106.21863520833334,178.30373375,13.703889375,42.830796875,%,80.458586875,80.73782354166667,47.016867291666664,5037.62,750094.0,15.16,0.0,production,OP,5052.78,0.003000328532016039,148.89848777795865,1.0,2008,6,5,173,2
2008-06-22,NO 15/9-F-12 H,5599,15/9-F-12,3420717,VOLVE,369304,MÆRSK INSPIRER,24.0,258.42909936170213,106.23389446808511,178.6141885106383,13.676688723404256,42.817965208333334,%,79.81491085106383,79.34087617021277,46.30108446808511,5147.1,769091.42,11.35,0.0,production,OP,5158.450000000001,0.0022002733379212743,149.42228050747022,1.0,2008,6,6,174,2
2008-06-23,NO 15/9-F-12 H,5599,15/9-F-12,3420717,VOLVE,369304,MÆRSK INSPIRER,24.0,258.84896354166665,106.23984583333333,178.79473583333333,13.802399791666666,43.440965,%,80.05422770833333,80.47819770833334,46.55323270833333,5114.6,765622.03,10.25,0.0,production,OP,5124.85,0.002000058538298682,149.69343252649278,1.0,2008,6,0,175,2
2008-06-24,NO 15/9-F-12 H,5599,15/9-F-12,3420717,VOLVE,369304,MÆRSK INSPIRER,24.0,259.1241759574468,106.24647872340425,179.01843191489363,13.985570638297872,42.54712875,%,80.1057440425532,80.87376978723404,46.609897234042556,5123.74,766123.1,11.81,0.0,production,OP,5135.55,0.0022996563172396336,149.52419521677524,1.0,2008,6,1,176,2
2008-06-25,NO 15/9-F-12 H,5599,15/9-F-12,3420717,VOLVE,369304,MÆRSK INSPIRER,24.0,259.3143972916667,106.25217208333333,178.92452958333334,14.022246875,43.48804166666667,%,80.38986770833333,80.02422416666667,46.896685625,5135.48,767514.63,11.77,0.0,production,OP,5147.25,0.0022866579241342462,149.4533383442249,1.0,2008,6,2,177,2
2008-06-26,NO 15/9-F-12 H,5599,15/9-F-12,3420717,VOLVE,369304,MÆRSK INSPIRER,15.83334,259.96043866435,106.24847466401908,178.7657551317473,13.533571770902412,42.24035151515152,%,81.19468353260272,79.57149243735687,47.743177652131514,4232.54,639125.35,9.76,0.0,production,OP,4242.3,0.0023006388044221294,151.00279028668365,0.6597225,2008,6,3,178,2
2008-06-27,NO 15/9-F-12 H,5599,15/9-F-12,3420717,VOLVE,369304,MÆRSK INSPIRER,24.0,259.66196791666664,106.25255625,179.23992604166668,13.92346875,43.45683875,%,80.422041875,80.980258125,46.832231666666665,5126.41,762147.27,11.8,0.0,production,OP,5138.21,0.0022965196050764762,148.6707598494853,1.0,2008,6,4,179,2
2008-06-28,NO 15/9-F-12 H,5599,15/9-F-12,3420717,VOLVE,369304,MÆRSK INSPIRER,24.0,259.611093125,106.25772708333334,179.11628583333334,14.164430208333334,43.492512291666664,%,80.49480729166666,81.1059475,46.82975125,5075.74,711222.19,11.7,0.0,production,OP,5087.44,0.0022997814224836066,140.1218718846907,1.0,2008,6,5,180,2
2008-06-29,NO 15/9-F-12 H,5599,15/9-F-12,3420717,VOLVE,369304,MÆRSK INSPIRER,24.0,259.68716270833335,96.22694375,179.47737770833334,13.963770625,43.491945208333334,%,80.209785,80.38667020833333,47.17382729166667,5121.12,768245.7,11.82,0.0,production,OP,5132.94,0.002302773848905306,150.01517246227388,1.0,2008,6,6,181,2
2008-06-30,NO 15/9-F-12 H,5599,15/9-F-12,3420717,VOLVE,369304,MÆRSK INSPIRER,24.0,245.400054375,80.04075354166666,159.675661875,13.223955208333333,39.409265,%,85.7243925,79.62200416666667,52.963444583333334,4372.28,659342.57,10.1,0.0,production,OP,4382.38,0.0023046837563150614,150.80062804760902,1.0,2008,6,0,182,2
2008-07-01,NO 15/9-F-12 H,5599,15/9-F-12,3420717,VOLVE,369304,MÆRSK INSPIRER,22.66666,264.333096155768,106.18765960327636,177.106999406966,11.737364509279267,36.962308510638294,%,87.22609674880198,77.10889748092573,54.52244582485466,3980.51,599295.69,9.18,0.0,production,OP,3989.69,0.0023009306487471455,150.55751398690114,0.9444441666666666,2008,7,1,183,3
2008-07-02,NO 15/9-F-12 H,5599,15/9-F-12,3420717,VOLVE,369304,MÆRSK INSPIRER,24.0,260.339775625,106.261546875,179.20789,13.296069166666667,43.203569791666666,%,81.131885625,79.22351395833333,48.12008791666667,5114.67,766478.4,0.79,0.0,production,OP,5115.46,0.000154433814358826,149.8588178709477,1.0,2008,7,2,184,3
2008-07-03,NO 15/9-F-12 H,5599,15/9-F-12,3420717,VOLVE,369304,MÆRSK INSPIRER,24.0,260.493821875,106.26894208333333,179.09690833333335,14.015018958333334,42.988947708333335,%,81.39691354166666,80.07506104166667,48.39826229166667,5083.67,762466.05,15.17,0.0,production,OP,5098.84,0.0029751865130108026,149.98338798545146,1.0,2008,7,3,185,3
2008-07-04,NO 15/9-F-12 H,5599,15/9-F-12,3420717,VOLVE,369304,MÆRSK INSPIRER,24.0,260.6658247916667,106.27400375,179.35101145833335,14.216964375,42.97348916666667,%,81.31481333333333,81.24662791666667,48.29525833333334,5080.84,761637.18,4.51,0.0,production,OP,5085.35,0.0008868612779847993,149.90379149904348,1.0,2008,7,4,186,3
2008-07-05,NO 15/9-F-12 H,5599,15/9-F-12,3420717,VOLVE,369304,MÆRSK INSPIRER,24.0,260.7923670833333,106.2790425,179.51473770833334,14.284417708333333,42.973005416666666,%,81.277629375,81.42802979166666,48.24832125,5086.26,761985.49,11.73,0.0,production,OP,5097.99,0.002300906827985147,149.81253219457912,1.0,2008,7,5,187,3
2008-07-06,NO 15/9-F-12 H,5599,15/9-F-12,3420717,VOLVE,369304,MÆRSK INSPIRER,24.0,260.88503125,106.28360416666666,179.53157166666668,14.294287708333334,42.98479145833333,%,81.35345958333333,81.38200583333334,48.318520625,5087.7,762728.95,15.73,0.0,production,OP,5103.429999999999,0.00308224076748383,149.9162588202921,1.0,2008,7,6,188,3
2008-07-07,NO 15/9-F-12 H,5599,15/9-F-12,3420717,VOLVE,369304,MÆRSK INSPIRER,24.0,260.9390422916667,106.28537895833334,179.43759,14.27634625,43.00275270833333,%,81.50145229166667,81.04913791666667,48.46782625,5094.92,764020.22,12.75,0.0,production,OP,5107.67,0.002496245842037563,149.9572554623036,1.0,2008,7,0,189,3
2008-07-08,NO 15/9-F-12 H,5599,15/9-F-12,3420717,VOLVE,369304,MÆRSK INSPIRER,24.0,261.1518702083333,106.292826875,179.48091583333334,14.2399625,42.97860583333333,%,81.670954375,80.10489041666666,48.647689791666664,5095.75,764104.54,36.05,0.0,production,OP,5131.8,0.007024825597256323,149.94937742236178,1.0,2008,7,1,190,3
2008-07-09,NO 15/9-F-12 H,5599,15/9-F-12,3420717,VOLVE,369304,MÆRSK INSPIRER,24.0,261.37445104166665,106.29743395833333,179.80298125,14.452688333333333,42.948346875,%,81.57146979166667,81.68383625,48.531328333333335,5094.03,762917.06,11.74,0.0,production,OP,5105.7699999999995,0.002299359352262245,149.76689575836815,1.0,2008,7,2,191,3
2008-07-10,NO 15/9-F-12 H,5599,15/9-F-12,3420717,VOLVE,369304,MÆRSK INSPIRER,21.35,261.49006226851435,106.29819559101966,179.80573227465052,14.518632142493193,42.96092823529412,%,81.68432999386384,81.54110191797277,48.64683880832072,4621.52,691133.54,10.65,0.0,production,OP,4632.17,0.002299138416767951,149.5468027834998,0.8895833333333334,2008,7,3,192,3
2008-07-11,NO 15/9-F-12 H,5599,15/9-F-12,3420717,VOLVE,369304,MÆRSK INSPIRER,13.16666,263.0983002027393,106.26278331208522,178.81655266176844,11.929157741105186,40.25518037037037,%,84.28174754097091,78.20595173333253,51.08143109225878,2855.54,426766.13,6.58,0.0,production,OP,2862.12,0.00229899515044792,149.45198806530465,0.5486108333333334,2008,7,4,193,3
2008-07-12,NO 15/9-F-12 H,5599,15/9-F-12,3420717,VOLVE,369304,MÆRSK INSPIRER,6.30833,274.8306225716949,106.01604399314874,174.67604915381725,2.7911865940589666,32.11065133333334,%,100.15457341787763,61.96950648087529,68.70748651192946,686.84,151768.25,1.58,0.0,production,OP,688.4200000000001,0.0022951105429824814,220.9659454894881,0.26284708333333334,2008,7,5,194,3
2008-07-13,NO 15/9-F-14 H,5351,15/9-F-14,3420717,VOLVE,369304,MÆRSK INSPIRER,24.0,260.86687458333336,103.29287958333333,160.15195520833333,0.0,21.052992708333335,%,100.714919375,52.38189875,69.53941291666666,1735.26,252235.23,4.0,0.0,production,OP,1739.26,0.002299828662764624,145.3587531551468,1.0,2008,7,6,195,3
2008-07-13,NO 15/9-F-12 H,5599,15/9-F-12,3420717,VOLVE,369304,MÆRSK INSPIRER,24.0,264.30540520833335,106.19826125,177.03937958333333,10.422329583333333,47.858125,%,87.266025625,79.08508020833334,54.69288145833333,4169.38,606053.9,9.61,0.0,production,OP,4178.99,0.002299598706864577,145.35827868891778,1.0,2008,7,6,195,3
2008-07-14,NO 15/9-F-14 H,5351,15/9-F-14,3420717,VOLVE,369304,MÆRSK INSPIRER,5.57,256.24822987432674,104.01771759425493,156.64991213644524,0.0,27.223459166666668,%,99.5983177378815,71.11535224416517,68.01616710951527,592.36,88949.0,1.37,0.0,production,OP,593.73,0.0023074461455543766,150.1603754473631,0.23208333333333334,2008,7,0,196,3
2008-07-14,NO 15/9-F-12 H,5599,15/9-F-12,3420717,VOLVE,369304,MÆRSK INSPIRER,23.25,264.45629102209034,106.16371974393549,175.74173008732473,11.076639311772043,44.359876875,%,88.71456093476559,77.02967090941075,56.38402939169032,3818.8,573434.83,8.8,0.0,production,OP,3827.6000000000004,0.0022990908140871564,150.16100083795956,0.96875,2008,7,0,196,3
2008-07-15,NO 15/9-F-14 H,5351,15/9-F-14,3420717,VOLVE,369304,MÆRSK INSPIRER,24.0,254.98278468085107,103.96700872340425,156.3328440425532,0.0,27.277954375,%,98.64994063829788,67.59075319148936,66.94888382978723,2532.21,373786.28,5.84,0.0,production,OP,2538.05,0.002300979098126514,147.61267035514433,1.0,2008,7,1,197,3
2008-07-15,NO 15/9-F-12 H,5599,15/9-F-12,3420717,VOLVE,369304,MÆRSK INSPIRER,24.0,260.2196670212766,106.18946638297872,176.2549044680851,12.679448936170212,48.693650416666664,%,83.96476255319149,79.14988106382978,51.320088936170215,4304.71,635429.85,9.92,0.0,production,OP,4314.63,0.0022991542727881648,147.6126963256526,1.0,2008,7,1,197,3
2008-07-16,NO 15/9-F-12 H,5599,15/9-F-12,3420717,VOLVE,369304,MÆRSK INSPIRER,24.0,263.3040158333333,106.11649083333333,173.53244770833334,11.592778333333333,44.468109375,%,89.771568125,78.34596895833333,57.62635791666667,3526.92,521163.81,10.63,0.0,production,OP,3537.55,0.0030049045243176775,147.76740328672042,1.0,2008,7,2,198,3
2008-07-16,NO 15/9-F-14 H,5351,15/9-F-14,3420717,VOLVE,369304,MÆRSK INSPIRER,24.0,251.47592083333333,104.21055708333333,155.81718708333332,0.0,30.650552291666667,%,95.65873375,73.78225145833333,63.663812291666666,3030.71,447840.09,9.13,0.0,production,OP,3039.84,0.003003447549871046,147.76738454025624,1.0,2008,7,2,198,3
2008-07-17,NO 15/9-F-12 H,5599,15/9-F-12,3420717,VOLVE,369304,MÆRSK INSPIRER,24.0,264.5800589583333,106.09050375,172.95664083333332,11.111368541666666,42.87976833333333,%,91.623418125,78.42065125,59.56876354166667,3341.55,482331.58,7.7,0.0,production,OP,3349.25,0.0022990221691423455,144.34366686118716,1.0,2008,7,3,199,3
2008-07-17,NO 15/9-F-14 H,5351,15/9-F-14,3420717,VOLVE,369304,MÆRSK INSPIRER,24.0,249.34619083333334,104.33918395833334,155.76093895833333,0.0,32.56253666666667,%,93.585251875,78.03544041666666,61.33769958333333,3288.08,474614.43,7.58,0.0,production,OP,3295.66,0.002299994538271545,144.34394236149973,1.0,2008,7,3,199,3
2008-07-18,NO 15/9-F-14 H,5351,15/9-F-14,3420717,VOLVE,369304,MÆRSK INSPIRER,24.0,251.50157104166666,104.33368666666667,155.2787975,,30.051586458333333,%,96.22277354166667,75.74988666666667,64.30503125,2780.06,410359.82,11.05,0.0,production,OP,2791.11,0.0039589983913210156,147.60826025337582,1.0,2008,7,4,200,3
2008-07-18,NO 15/9-F-12 H,5599,15/9-F-12,3420717,VOLVE,369304,MÆRSK INSPIRER,24.0,265.2876827083333,106.07798645833333,172.61385041666668,10.838337708333333,42.04409979166667,%,92.67383229166667,77.95599145833333,60.733983125,3215.85,474686.18,12.77,0.0,production,OP,3228.62,0.003955250230748741,147.60830884525086,1.0,2008,7,4,200,3
2008-07-19,NO 15/9-F-12 H,5599,15/9-F-12,3420717,VOLVE,369304,MÆRSK INSPIRER,24.0,265.65083979166667,106.070994375,172.47877604166666,10.575766875,41.69154833333333,%,93.17206375,77.32541270833333,61.22372125,3176.28,481830.98,7.32,0.0,production,OP,3183.6000000000004,0.0022992838296268373,151.69663253869305,1.0,2008,7,5,201,3
2008-07-19,NO 15/9-F-14 H,5351,15/9-F-14,3420717,VOLVE,369304,MÆRSK INSPIRER,24.0,251.50894291666665,104.35385958333333,155.359875625,,30.083934375,%,96.14906729166667,75.33504,64.16431,2774.38,420865.05,6.4,0.0,production,OP,2780.78,0.002301512525262696,151.69697373827665,1.0,2008,7,5,201,3
2008-07-20,NO 15/9-F-12 H,5599,15/9-F-12,3420717,VOLVE,369304,MÆRSK INSPIRER,24.0,265.732695,106.06996229166667,172.55761583333333,10.461562083333334,41.65427979166667,%,93.17507916666666,77.23531,61.259169791666665,3186.03,466621.33,7.34,0.0,production,OP,3193.3700000000003,0.002298512230026586,146.45854872678538,1.0,2008,7,6,202,3
2008-07-20,NO 15/9-F-14 H,5351,15/9-F-14,3420717,VOLVE,369304,MÆRSK INSPIRER,24.0,251.45771104166667,104.37839708333334,155.35175916666665,,30.117950208333333,%,96.105951875,75.61660541666667,64.12816041666666,2791.01,408766.41,6.43,0.0,production,OP,2797.44,0.002298530084648822,146.45823913207045,1.0,2008,7,6,202,3
2008-07-21,NO 15/9-F-14 H,5351,15/9-F-14,3420717,VOLVE,369304,MÆRSK INSPIRER,24.0,251.72432625,104.39865270833333,155.23437604166668,,29.830638333333333,%,96.48995020833334,76.07779375,64.560483125,2743.1,402199.56,6.32,0.0,production,OP,2749.42,0.0022986666278706053,146.62227406948344,1.0,2008,7,0,203,3
