# FRONT 4 RECORD RUN (B287, PAPER_2282): eta(k) of TIP4P/2005 water at 298 K, SPME, from the Green-Kubo integral of the transverse-current autocorrelation (to 8 ps), on the centre-of-mass (com) and atomic currents. Units: k nm^-1, eta mPa s.
# B_4.04nm_3seeds: 2197 molecules, L 4.0395 nm, 3 x 300 ps (seeds 11,12,13), errors = block error and seed scatter in quadrature. C_6.21nm: 8000 molecules, L 6.2147 nm, 200 ps, block errors.
# Candidates: exp(-0.3437 (k/k_c)^2) with k_c = 5.307 nm^-1 (c_0 = 1480 m/s) or 2.454 nm^-1 (c_inf = 3200 m/s). Instruments: md_pme.py + pair_kernel.c + gridcur.py + front4_record.py; analysis rec_analyze.py + rec_pool.py.
box,k_per_nm,eta_k_com,eta_err_com,eta_k_atoms,eta_err_atoms,n_kvec
B_4.04nm_3seeds,1.5554,0.91365,0.04586,0.91336,0.04584,3
B_4.04nm_3seeds,2.1997,0.77365,0.02498,0.77327,0.0249,6
B_4.04nm_3seeds,2.6941,0.81857,0.05781,0.81786,0.05777,4
B_4.04nm_3seeds,3.1108,0.83618,0.04784,0.83566,0.04781,3
B_4.04nm_3seeds,3.478,0.7527,0.02687,0.75191,0.02684,12
B_4.04nm_3seeds,3.81,0.78518,0.02885,0.78425,0.0288,12
B_4.04nm_3seeds,4.3994,0.81446,0.06583,0.81449,0.06587,6
B_4.04nm_3seeds,4.6663,0.75224,0.01377,0.75081,0.01379,15
B_4.04nm_3seeds,4.9187,0.75779,0.02783,0.75734,0.02777,12
B_4.04nm_3seeds,5.1588,0.72835,0.01571,0.72645,0.01566,12
B_4.04nm_3seeds,5.3881,0.67263,0.064,0.67186,0.06405,4
B_4.04nm_3seeds,5.6082,0.68476,0.03114,0.68417,0.03141,12
B_4.04nm_3seeds,5.8199,0.66678,0.01398,0.66576,0.01394,24
B_4.04nm_3seeds,6.4132,0.65376,0.01733,0.65319,0.01724,24
B_4.04nm_3seeds,6.7799,0.63336,0.01811,0.6331,0.01818,12
B_4.04nm_3seeds,7.1278,0.64686,0.02109,0.64625,0.02095,24
B_4.04nm_3seeds,7.62,0.62172,0.02334,0.6229,0.02309,12
B_4.04nm_3seeds,7.9311,0.58799,0.02077,0.5882,0.02086,36
B_4.04nm_3seeds,8.3762,0.56357,0.00654,0.56378,0.00664,36
B_4.04nm_3seeds,8.9352,0.52144,0.01757,0.52285,0.01757,24
B_4.04nm_3seeds,9.4613,0.54689,0.01283,0.54765,0.01284,12
B_4.04nm_3seeds,9.9596,0.49611,0.00741,0.49902,0.00737,40
B_4.04nm_3seeds,10.5494,0.44853,0.02275,0.45176,0.02251,24
B_4.04nm_3seeds,11.2163,0.42028,0.01737,0.42225,0.01765,12
B_4.04nm_3seeds,11.8457,0.38269,0.00907,0.3879,0.00914,12
B_4.04nm_3seeds,12.5402,0.35596,0.00357,0.36166,0.00339,40
B_4.04nm_3seeds,13.1982,0.31268,0.00585,0.31892,0.00609,18
B_4.04nm_3seeds,13.9988,0.28285,0.00265,0.28993,0.00271,40
C_6.21nm,1.011,0.78067,0.07223,0.78064,0.07223,3
C_6.21nm,1.4298,0.8361,0.0612,0.83592,0.06119,6
C_6.21nm,1.7511,0.90178,0.06918,0.90141,0.06899,4
C_6.21nm,2.022,0.83143,0.06501,0.83094,0.06492,3
C_6.21nm,2.2607,0.89736,0.0434,0.89712,0.04323,12
C_6.21nm,2.4765,0.81954,0.0445,0.81881,0.04453,12
C_6.21nm,2.8596,0.88072,0.09791,0.87996,0.09816,6
C_6.21nm,3.0331,0.76716,0.02437,0.76648,0.02432,15
C_6.21nm,3.1971,0.69715,0.04869,0.69691,0.04873,12
C_6.21nm,3.3532,0.72822,0.06268,0.72759,0.06269,12
C_6.21nm,3.6453,0.76516,0.03663,0.76438,0.03666,12
C_6.21nm,3.7829,0.72659,0.0321,0.72577,0.03201,24
C_6.21nm,4.1686,0.76141,0.02957,0.76034,0.02965,24
C_6.21nm,4.407,0.69868,0.03691,0.69718,0.03698,12
C_6.21nm,4.7421,0.7949,0.06559,0.79389,0.06606,12
C_6.21nm,5.0551,0.75761,0.05077,0.7565,0.05042,15
C_6.21nm,5.4445,0.72215,0.02533,0.72087,0.02512,36
C_6.21nm,5.8079,0.63446,0.02574,0.63353,0.02541,24
C_6.21nm,6.2324,0.64805,0.0076,0.64744,0.00752,36
C_6.21nm,6.6297,0.69576,0.0096,0.69337,0.00923,12
C_6.21nm,7.0772,0.66293,0.04114,0.66362,0.04152,27
C_6.21nm,7.6331,0.68138,0.02489,0.68109,0.02445,24
C_6.21nm,8.1511,0.56157,0.01537,0.56218,0.01518,40
C_6.21nm,8.6972,0.54423,0.02317,0.54545,0.02343,40
C_6.21nm,9.3212,0.55708,0.02537,0.55871,0.02595,24
C_6.21nm,9.9574,0.47445,0.02086,0.4767,0.02185,24
C_6.21nm,10.6037,0.42348,0.01318,0.42618,0.01308,40
C_6.21nm,11.3487,0.40264,0.01182,0.40482,0.01162,40
C_6.21nm,12.1743,0.38107,0.01704,0.38549,0.01698,40
C_6.21nm,13.0261,0.3266,0.00869,0.3323,0.00909,40
C_6.21nm,13.936,0.29887,0.01584,0.30604,0.0157,24
