# FRONT 4 (B286, PAPER_2281): eta(k) of TIP4P/2005 water at 298 K from the transverse-current autocorrelation.
# Engine: md_engine.py (numpy; rigid RATTLE; O-O LJ + reaction-field Coulomb eps_rf=inf, site cutoff 0.9 nm). N=512, L=2.4859 nm, k_min=2.528 nm^-1.
# Production 240 ps (12,000 samples at 20 fs), weak Berendsen tau 5 ps; equilibration 40 ps. E/N ~ -47.5 kJ/mol.
# eta_k = Green-Kubo integral rho/(k^2 int_0^8ps C_T(k,t)/C_T(k,0) dt) (PRIMARY); eta_k_err = std/sqrt(4) over four 60 ps blocks;
# eta_k_gmxfit = gmx-tcaf-form fit (biased low in the oscillatory shear-wave regime; secondary). eta_0 = Gaussian-extrapolated (1.0520 mPa s).
k_per_nm,eta_k,eta_0,eta_k_err,eta_k_gmxfit,n_kvec,tau_ps
2.5276,1.41703,1.05196,0.17389,0.33846,3,0.3469
3.5745,1.03818,1.05196,0.04350,0.29954,6,0.2487
4.3779,1.14534,1.05196,0.13677,0.25518,4,0.1981
5.0551,0.86126,1.05196,0.04327,0.22847,3,0.1767
5.6518,0.90828,1.05196,0.03822,0.19677,12,0.1522
6.1912,0.85588,1.05196,0.02798,0.17419,12,0.1380
7.1490,0.67221,1.05196,0.06763,0.13541,6,0.1142
7.5827,0.82627,1.05196,0.02253,0.11854,15,0.1049
7.9928,0.72297,1.05196,0.06886,0.10510,12,0.0967
8.3830,0.68970,1.05196,0.03389,0.09689,12,0.0904
8.7557,0.75574,1.05196,0.09139,0.08357,4,0.0839
9.1133,0.66918,1.05196,0.03795,0.07961,12,0.0802
9.4573,0.61467,1.05196,0.00946,0.07028,24,0.0746
10.1102,0.59056,1.05196,0.01892,0.05702,3,0.0662
10.4214,0.57412,1.05196,0.01298,0.05184,24,0.0626
10.7235,0.50639,1.05196,0.03010,0.04618,18,0.0587
11.0174,0.46906,1.05196,0.01116,0.04446,12,0.0571
11.3036,0.49666,1.05196,0.02168,0.04023,12,0.0548
11.5827,0.52240,1.05196,0.02458,0.03665,24,0.0522
11.8553,0.46824,1.05196,0.01464,0.03357,12,0.0504
12.3825,0.49583,1.05196,0.03251,0.02977,12,0.0473
12.6378,0.43609,1.05196,0.01085,0.02754,15,0.0453
12.8881,0.39366,1.05196,0.01424,0.02587,36,0.0440
13.1336,0.41261,1.05196,0.01649,0.02451,16,0.0428
13.6113,0.37089,1.05196,0.00777,0.02134,36,0.0405
13.8440,0.36551,1.05196,0.01161,0.02007,24,0.0395
