# Q-251 PRE-STATED TEST (B288, PAPER_2283): eta(k) of Lennard-Jones argon (sigma 0.3405 nm, eps 0.9961 kJ/mol) at the NIST 85 K / 0.101325 MPa state point (21.25 nm^-3), 4096 atoms, L 5.7765 nm, 2 seeds x 400 ps, 8-fs sampling, Green-Kubo to 10 ps. Units: k nm^-1, eta mPa s.
# Pre-stated: P1 k_c = omega_SCm/c_0(NIST 854.35 m/s) = 9.193 nm^-1; P2 = 1.5 x P1 = 13.789; reading rule +-10 pct. Pooled errors = block error and seed scatter in quadrature.
k_per_nm,eta_k_pooled,eta_err_pooled,eta_k_seed1,eta_err_seed1,eta_k_seed2,eta_err_seed2,n_kvec
1.0877,0.2825,0.00825,0.27764,0.01225,0.28521,0.00915,3
1.5383,0.2859,0.01452,0.28874,0.01528,0.27704,0.02694,6
1.884,0.26807,0.01816,0.25638,0.01176,0.28757,0.01518,4
2.1754,0.30026,0.01767,0.29661,0.05669,0.30065,0.01846,3
2.4322,0.27773,0.00684,0.27824,0.00714,0.27471,0.01734,12
2.6643,0.26946,0.00514,0.26922,0.01116,0.26953,0.00579,12
3.0765,0.25353,0.01602,0.23627,0.01877,0.26089,0.01225,6
3.2631,0.24641,0.01274,0.23747,0.0098,0.25822,0.01126,15
3.6075,0.26166,0.01694,0.28104,0.01558,0.25223,0.01087,12
3.7679,0.25484,0.01785,0.25122,0.01818,0.26714,0.03349,4
4.0698,0.25419,0.00664,0.25575,0.00848,0.25214,0.00972,24
4.4847,0.22892,0.00256,0.22745,0.00447,0.22948,0.00277,24
4.7412,0.22926,0.01719,0.21738,0.00775,0.24949,0.0101,12
5.1018,0.22944,0.01,0.23231,0.01418,0.22697,0.01313,12
5.5463,0.21671,0.00645,0.21492,0.00527,0.22373,0.01042,24
5.9576,0.21821,0.00366,0.21613,0.0069,0.21887,0.0039,24
6.435,0.20103,0.00482,0.20337,0.00335,0.19553,0.00512,24
6.8793,0.18667,0.00804,0.19527,0.0081,0.18225,0.0058,12
7.3772,0.18283,0.00417,0.1831,0.00548,0.18247,0.00636,24
7.993,0.17615,0.00549,0.17344,0.00777,0.17805,0.0065,24
8.5646,0.16122,0.00199,0.16346,0.00416,0.16088,0.00163,24
9.2295,0.15303,0.00534,0.15645,0.00779,0.15116,0.00577,18
9.969,0.14375,0.00295,0.14498,0.00253,0.14088,0.00387,24
10.7127,0.12233,0.00262,0.12082,0.00292,0.12395,0.00301,24
11.5625,0.11306,0.00257,0.11336,0.00304,0.11239,0.00454,24
12.4018,0.09975,0.0016,0.10021,0.00157,0.0985,0.0026,24
13.4102,0.08103,0.00157,0.08115,0.00217,0.08089,0.00227,24
14.4301,0.07211,0.00496,0.06837,0.00398,0.07641,0.00427,12
15.4975,0.05998,0.00183,0.05809,0.00162,0.06114,0.00127,24
16.6743,0.04915,0.00092,0.04939,0.00064,0.04798,0.0014,24
17.9719,0.03818,0.00076,0.03795,0.00062,0.03902,0.00118,24
19.3661,0.03222,0.00043,0.03216,0.00045,0.03247,0.0009,24
20.8091,0.02659,0.00066,0.02688,0.00089,0.02634,0.00082,24
22.4237,0.02374,0.00074,0.02324,0.00141,0.02388,0.00076,24
24.1511,0.02059,0.0008,0.01977,0.00053,0.0212,0.00046,24
25.9915,0.01832,0.00058,0.01768,0.00054,0.01866,0.00039,24
