record,dataset,t,seed,skip,n,mean_w2,max_w2,mean_st,ratio_1182,pos_frac,request_ms,note
chunk,isotropic8192,1,40,0,25000,30587.15,3534211.1,994080.2,0.017288,0.76556,102656,GetVariable velocity gradient fd4lag4 tint none; personal token (value not recorded); sequential
chunk,isotropic8192,1,40,25000,25000,30021.76,3199041.7,1061817.1,0.019774,0.75964,,same
chunk,isotropic8192,1,40,50000,25000,28811.91,4363517.6,1001421.7,0.016639,0.76096,,same
chunk,isotropic8192,1,40,75000,25000,30823.2,4929125.5,1070542.5,0.015644,0.7558,,same
chunk,isotropic8192,1,40,100000,25000,30775.59,3797411,1102046.9,0.018376,0.7618,,same
chunk,isotropic8192,1,40,125000,25000,30537.26,3754084.9,1089057.6,0.018406,0.76044,,same
chunk,isotropic8192,1,40,150000,25000,30317.29,4537861.1,993726.7,0.015387,0.76068,,same
chunk,isotropic8192,1,40,175000,25000,30402.08,8188999.2,1237202.2,0.014221,0.76144,,same
chunk,isotropic8192,1,40,200000,25000,30864.86,6499377.4,1157474.9,0.01471,0.759,,same
chunk,isotropic8192,1,40,225000,25000,30101.07,5669679.4,1009536.8,0.014085,0.75748,,same
chunk,isotropic8192,1,40,250000,25000,29429.84,3814133,891776.9,0.015516,0.76124,,same
chunk,isotropic8192,1,40,275000,25000,31978.97,4365002.5,1105911.2,0.016552,0.76188,,same
chunk,isotropic8192,1,40,300000,25000,30276.02,5051032.7,1011822.6,0.01487,0.75908,,same
chunk,isotropic8192,1,40,325000,25000,29980.53,4381951,988088.3,0.015744,0.76172,,same
chunk,isotropic8192,1,40,350000,25000,29378.29,5077303.8,1024547.1,0.015477,0.759,,same
chunk,isotropic8192,1,40,375000,25000,30042.44,6943654.3,1028258.5,0.012989,0.7604,,same
chunk,isotropic8192,1,40,400000,25000,31548.13,6238874.3,1000943.4,0.012702,0.75976,,same
chunk,isotropic8192,1,40,425000,25000,30655.9,4825020.5,1011156.3,0.015016,0.75868,,same
chunk,isotropic8192,1,40,450000,25000,30268.85,2833186.4,1020455,0.020029,0.758,,same
chunk,isotropic8192,1,40,475000,25000,29570.7,10083892.8,1154416.5,0.012294,0.75916,,same
chunk,isotropic32768,1,50,0,25000,115494.91,34000423.9,8139949.1,0.012087,0.75512,162723,same
chunk,isotropic32768,1,50,25000,25000,116453.8,21028769.1,8608346.4,0.01612,0.75912,166735,same
chunk,isotropic32768,1,50,50000,25000,111572.2,12220663.8,7261596,0.018618,0.75848,170302,same
chunk,isotropic32768,1,50,75000,25000,110837.28,13039691.2,7295511.1,0.018228,0.7594,172069,same
chunk,isotropic32768,1,50,100000,25000,116438.55,20191992.8,8917961.2,0.017044,0.75884,170498,same
chunk,isotropic32768,1,50,125000,25000,118619.09,44976875.8,8092307.3,0.010172,0.75884,172201,same
chunk,isotropic32768,1,50,150000,25000,115082.88,32639605.9,8114110.5,0.012341,0.753,180841,same
chunk,isotropic32768,1,50,175000,25000,116359.04,30077296,9074757.7,0.014221,0.75988,170734,same
chunk,isotropic32768,1,50,200000,25000,114237.64,20113246.8,8301209.1,0.016203,0.75956,168037,same
chunk,isotropic32768,1,50,225000,25000,114900.9,15588165.3,8474365.5,0.01868,0.7638,171523,same
chunk,isotropic32768,1,50,250000,25000,114482.33,18335934.6,8634626.1,0.017614,0.75464,172084,same
chunk,isotropic32768,1,50,275000,25000,115031.11,20937347.6,8974768.2,0.017051,0.75364,170660,same
chunk,isotropic32768,1,50,300000,25000,118129.73,121093147.5,6122350.4,0.00471,0.75864,172655,same
chunk,isotropic32768,1,50,325000,25000,112632.73,19040554.5,7857557.3,0.015988,0.75384,174593,same
chunk,isotropic32768,1,50,350000,25000,115655.28,21710889.6,9604237.7,0.017822,0.764,172273,same
chunk,isotropic32768,1,50,375000,25000,113958.48,18958586.2,8346781.2,0.016822,0.75856,171159,same
chunk,isotropic32768,1,50,400000,25000,115345.95,48132825.3,9143381.2,0.011426,0.75796,166919,same
chunk,isotropic32768,1,50,425000,25000,116923.75,30366347.1,8453239.5,0.01312,0.75904,174746,same
chunk,isotropic32768,1,50,450000,25000,116679.67,22915633,8702356.3,0.01558,0.75588,174968,same
chunk,isotropic32768,1,50,475000,25000,113588.74,42064489.6,7886430.8,0.010705,0.75776,172723,same

record,dataset,octave_log2_w2_over_mean,cells,st_sum,w2_sum,efficiency,share_of_stretching,note
octave,isotropic8192,-18,2,-3,0,nan,-0.0,efficiency = st_sum/(w2_sum*sqrt(mean_w2*2^(octave+0.5)))
octave,isotropic8192,-16,6,-41,5,-10.13775,-0.0,efficiency = st_sum/(w2_sum*sqrt(mean_w2*2^(octave+0.5)))
octave,isotropic8192,-15,13,-52,17,-2.67404,-0.0,efficiency = st_sum/(w2_sum*sqrt(mean_w2*2^(octave+0.5)))
octave,isotropic8192,-14,50,384.8,136.7,1.74006,0.0,efficiency = st_sum/(w2_sum*sqrt(mean_w2*2^(octave+0.5)))
octave,isotropic8192,-13,83,549.7,474.2,0.5067,0.0,efficiency = st_sum/(w2_sum*sqrt(mean_w2*2^(octave+0.5)))
octave,isotropic8192,-12,265,9097.1,2954.5,0.95167,0.0,efficiency = st_sum/(w2_sum*sqrt(mean_w2*2^(octave+0.5)))
octave,isotropic8192,-11,658,25487.1,14829.7,0.37561,0.0,efficiency = st_sum/(w2_sum*sqrt(mean_w2*2^(octave+0.5)))
octave,isotropic8192,-10,1559,252995.5,69506.6,0.5625,0.0,efficiency = st_sum/(w2_sum*sqrt(mean_w2*2^(octave+0.5)))
octave,isotropic8192,-9,3611,1297561.2,321344.0,0.44125,0.0,efficiency = st_sum/(w2_sum*sqrt(mean_w2*2^(octave+0.5)))
octave,isotropic8192,-8,7857,7540401.9,1402513.8,0.41543,1e-05,efficiency = st_sum/(w2_sum*sqrt(mean_w2*2^(octave+0.5)))
octave,isotropic8192,-7,15352,37462936.7,5455304.8,0.37521,7e-05,efficiency = st_sum/(w2_sum*sqrt(mean_w2*2^(octave+0.5)))
octave,isotropic8192,-6,27352,155930932.1,19278462.4,0.31249,0.0003,efficiency = st_sum/(w2_sum*sqrt(mean_w2*2^(octave+0.5)))
octave,isotropic8192,-5,43946,610912745.7,61525456.8,0.27126,0.00117,efficiency = st_sum/(w2_sum*sqrt(mean_w2*2^(octave+0.5)))
octave,isotropic8192,-4,62649,1993291177.5,173732455.0,0.22163,0.00381,efficiency = st_sum/(w2_sum*sqrt(mean_w2*2^(octave+0.5)))
octave,isotropic8192,-3,77454,5923416246.1,426280328.6,0.18981,0.01131,efficiency = st_sum/(w2_sum*sqrt(mean_w2*2^(octave+0.5)))
octave,isotropic8192,-2,80382,14633024975.1,877477989.1,0.16107,0.02793,efficiency = st_sum/(w2_sum*sqrt(mean_w2*2^(octave+0.5)))
octave,isotropic8192,-1,71319,30895003829.5,1539000189.3,0.1371,0.05898,efficiency = st_sum/(w2_sum*sqrt(mean_w2*2^(octave+0.5)))
octave,isotropic8192,0,51731,54109079693.5,2207606758.7,0.11837,0.10329,efficiency = st_sum/(w2_sum*sqrt(mean_w2*2^(octave+0.5)))
octave,isotropic8192,1,31279,79034535568.7,2639062904.7,0.10227,0.15087,efficiency = st_sum/(w2_sum*sqrt(mean_w2*2^(octave+0.5)))
octave,isotropic8192,2,15277,91606019003.3,2543534210.1,0.08696,0.17487,efficiency = st_sum/(w2_sum*sqrt(mean_w2*2^(octave+0.5)))
octave,isotropic8192,3,6242,90788560959.0,2058280093.7,0.07531,0.17331,efficiency = st_sum/(w2_sum*sqrt(mean_w2*2^(octave+0.5)))
octave,isotropic8192,4,2184,73386629362.5,1433204643.4,0.06182,0.14009,efficiency = st_sum/(w2_sum*sqrt(mean_w2*2^(octave+0.5)))
octave,isotropic8192,5,597,47045758546.5,778668171.9,0.05158,0.08981,efficiency = st_sum/(w2_sum*sqrt(mean_w2*2^(octave+0.5)))
octave,isotropic8192,6,112,15830895518.2,286873449.7,0.03331,0.03022,efficiency = st_sum/(w2_sum*sqrt(mean_w2*2^(octave+0.5)))
octave,isotropic8192,7,18,10027474893,89230971,0.04797,0.01914,efficiency = st_sum/(w2_sum*sqrt(mean_w2*2^(octave+0.5)))
octave,isotropic8192,8,2,7769938036,18272892,0.12834,0.01483,efficiency = st_sum/(w2_sum*sqrt(mean_w2*2^(octave+0.5)))
octave,isotropic32768,-19,2,11,1,19.73979,0.0,efficiency = st_sum/(w2_sum*sqrt(mean_w2*2^(octave+0.5)))
octave,isotropic32768,-18,1,-1,1,-1.26892,-0.0,efficiency = st_sum/(w2_sum*sqrt(mean_w2*2^(octave+0.5)))
octave,isotropic32768,-17,2,-58,3,-17.34709,-0.0,efficiency = st_sum/(w2_sum*sqrt(mean_w2*2^(octave+0.5)))
octave,isotropic32768,-16,6,68,15,2.87622,0.0,efficiency = st_sum/(w2_sum*sqrt(mean_w2*2^(octave+0.5)))
octave,isotropic32768,-15,32,-251,174,-0.64716,-0.0,efficiency = st_sum/(w2_sum*sqrt(mean_w2*2^(octave+0.5)))
octave,isotropic32768,-14,69,2717,754,1.14312,0.0,efficiency = st_sum/(w2_sum*sqrt(mean_w2*2^(octave+0.5)))
octave,isotropic32768,-13,167,11775,3640,0.72564,0.0,efficiency = st_sum/(w2_sum*sqrt(mean_w2*2^(octave+0.5)))
octave,isotropic32768,-12,476,61997,20379,0.48254,0.0,efficiency = st_sum/(w2_sum*sqrt(mean_w2*2^(octave+0.5)))
octave,isotropic32768,-11,1107,484564,94332,0.57613,0.0,efficiency = st_sum/(w2_sum*sqrt(mean_w2*2^(octave+0.5)))
octave,isotropic32768,-10,2401,2577193,405648,0.50386,0.0,efficiency = st_sum/(w2_sum*sqrt(mean_w2*2^(octave+0.5)))
octave,isotropic32768,-9,5214,13832044,1756401,0.44163,0.0,efficiency = st_sum/(w2_sum*sqrt(mean_w2*2^(octave+0.5)))
octave,isotropic32768,-8,10133,67861348,6817324,0.39472,2e-05,efficiency = st_sum/(w2_sum*sqrt(mean_w2*2^(octave+0.5)))
octave,isotropic32768,-7,18585,306187249,24912290,0.34462,7e-05,efficiency = st_sum/(w2_sum*sqrt(mean_w2*2^(octave+0.5)))
octave,isotropic32768,-6,30672,1226411192,81640906,0.29784,0.0003,efficiency = st_sum/(w2_sum*sqrt(mean_w2*2^(octave+0.5)))
octave,isotropic32768,-5,46564,4356084062,246501180,0.24775,0.00105,efficiency = st_sum/(w2_sum*sqrt(mean_w2*2^(octave+0.5)))
octave,isotropic32768,-4,62266,14226773054,654251400,0.21557,0.00343,efficiency = st_sum/(w2_sum*sqrt(mean_w2*2^(octave+0.5)))
octave,isotropic32768,-3,74347,40268884201,1554320416,0.18161,0.0097,efficiency = st_sum/(w2_sum*sqrt(mean_w2*2^(octave+0.5)))
octave,isotropic32768,-2,76768,101800660854,3176536262,0.15885,0.02453,efficiency = st_sum/(w2_sum*sqrt(mean_w2*2^(octave+0.5)))
octave,isotropic32768,-1,67187,215805824987,5509533861,0.13729,0.052,efficiency = st_sum/(w2_sum*sqrt(mean_w2*2^(octave+0.5)))
octave,isotropic32768,0,49412,381966237422,8013765687,0.11813,0.09204,efficiency = st_sum/(w2_sum*sqrt(mean_w2*2^(octave+0.5)))
octave,isotropic32768,1,30127,568940954027,9650252029,0.10332,0.13709,efficiency = st_sum/(w2_sum*sqrt(mean_w2*2^(octave+0.5)))
octave,isotropic32768,2,14986,695939614494,9527043422,0.09052,0.16769,efficiency = st_sum/(w2_sum*sqrt(mean_w2*2^(octave+0.5)))
octave,isotropic32768,3,6291,721096389955,7906567834,0.07991,0.17375,efficiency = st_sum/(w2_sum*sqrt(mean_w2*2^(octave+0.5)))
octave,isotropic32768,4,2161,606302586845,5367618320,0.06999,0.14609,efficiency = st_sum/(w2_sum*sqrt(mean_w2*2^(octave+0.5)))
octave,isotropic32768,5,653,423043633111,3171945282,0.05843,0.10193,efficiency = st_sum/(w2_sum*sqrt(mean_w2*2^(octave+0.5)))
octave,isotropic32768,6,157,239574891216,1506666427,0.04926,0.05773,efficiency = st_sum/(w2_sum*sqrt(mean_w2*2^(octave+0.5)))
octave,isotropic32768,7,40,115324128589,776596352,0.03253,0.02779,efficiency = st_sum/(w2_sum*sqrt(mean_w2*2^(octave+0.5)))
octave,isotropic32768,8,7,54198707762,262257864,0.03201,0.01306,efficiency = st_sum/(w2_sum*sqrt(mean_w2*2^(octave+0.5)))
octave,isotropic32768,10,1,-34316732409,121093148,-0.02195,-0.00827,efficiency = st_sum/(w2_sum*sqrt(mean_w2*2^(octave+0.5)))

record,dataset,n,mean_w2,max_w2,max_over_mean,mean_st,ratio_1182,pos_frac,zero_w2_points,note
aggregate,isotropic8192,500000,30318.595,10083892.8,332.6,1047714.2,0.010882,0.76009,0,ratio uses the sample-global max; falls with sample depth by construction
aggregate,isotropic32768,500000,115121.2,121093147.5,1051.9,8300292.1,0.006552,0.758,166,ratio uses the sample-global max; falls with sample depth by construction

record,dataset,rank,x,y,z,w2,st,local_st_over_w3,chunk
hotspot,isotropic8192,0,6.08777769,5.92879939,1.54767196,3534211.1,-645471026.7,-0.0971,i8192_s40_c0
hotspot,isotropic8192,1,2.81854767,2.71138856,0.25286958,2698903.6,106948175.2,0.0241,i8192_s40_c0
hotspot,isotropic8192,2,5.28676840,0.60207071,1.21239935,2304782.8,85357492.0,0.0244,i8192_s40_c0
hotspot,isotropic8192,3,3.94770819,2.23634164,5.56366997,10083892.8,5378678443.3,0.168,i8192_s40_c19
hotspot,isotropic8192,4,3.51226354,0.53992094,4.86444141,8188999.2,2391259593,0.102,i8192_s40_c7
hotspot,isotropic8192,5,2.02565383,2.37999671,3.59384592,6943654.3,873896591.6,0.0478,i8192_s40_c15
hotspot,isotropic8192,6,0.80377905,4.75932811,5.53762293,6499377.4,2935846965,0.1772,i8192_s40_c8
hotspot,isotropic8192,7,5.99725937,1.96740884,3.58456375,6238874.3,-1253166660.1,-0.0804,i8192_s40_c16
hotspot,isotropic8192,8,1.01214256,6.19530832,4.42947318,5669679.4,771127114,0.0571,i8192_s40_c9
hotspot,isotropic8192,9,2.71009506,4.47430152,1.98321937,5149068.3,31491493.1,0.0027,i8192_s40_c19
hotspot,isotropic8192,10,4.06563581,2.79954247,6.04664702,5077303.8,1966925512.3,0.1719,i8192_s40_c14
hotspot,isotropic8192,11,2.55552576,3.12756266,2.62363426,5051032.7,161946215.5,0.0143,i8192_s40_c12
hotspot,isotropic8192,12,2.30148674,1.81471319,4.75404499,4929125.5,304718891.3,0.0278,i8192_s40_c3
hotspot,isotropic32768,0,3.53782826,2.80878540,4.77024541,121093147.5,-34316732408.7,-0.0258,i32768_s50_c12
hotspot,isotropic32768,1,2.92651392,3.89160464,5.42420571,48132825.3,15436503781.6,0.0462,i32768_s50_c16
hotspot,isotropic32768,2,2.63592429,4.36877524,4.89765792,44976875.8,3141174002.4,0.0104,i32768_s50_c5
hotspot,isotropic32768,3,2.63119183,4.25424803,4.71220780,42064489.6,1213271269.2,0.0044,i32768_s50_c19
hotspot,isotropic32768,4,0.06341732,3.21692126,0.51334025,34000423.9,7946609017.7,0.0401,i32768_s50_c0
hotspot,isotropic32768,5,5.41325980,5.10522983,3.04116413,32639605.9,4747186224.1,0.0255,i32768_s50_c6
hotspot,isotropic32768,6,4.62036413,0.42868063,3.45051441,30366347.1,15496901604.2,0.0926,i32768_s50_c17
hotspot,isotropic32768,7,1.70273557,6.21274176,1.48950195,30077296,6217061862.3,0.0377,i32768_s50_c7
hotspot,isotropic32768,8,2.17587275,0.04354826,3.70586975,29049801.8,-6356801277.2,-0.0406,i32768_s50_c5
hotspot,isotropic32768,9,1.17548940,1.21363095,4.15028820,27453255.5,9786512781.9,0.068,i32768_s50_c12
